2023-08-30 19:41:36,711 [main] INFO  (DfReplaceSchemaTask#begin():94) - +------------------------------------------+
2023-08-30 19:41:36,714 [main] INFO  (DfReplaceSchemaTask#begin():95) - |                                          |
2023-08-30 19:41:36,714 [main] INFO  (DfReplaceSchemaTask#begin():96) - |              ReplaceSchema               |
2023-08-30 19:41:36,729 [main] INFO  (DfReplaceSchemaTask#begin():104) - |                                          |
2023-08-30 19:41:36,730 [main] INFO  (DfReplaceSchemaTask#begin():105) - +------------------------------------------+
2023-08-30 19:41:36,732 [main] INFO  (DfReplaceSchemaTask#waitBeforeReps():423) - ...Waiting for your GO SIGN from stdin before ReplaceSchema:
2023-08-30 19:41:39,229 [main] INFO  (DfDataSourceHandler#prepare():78) - ...Preparing data source:
2023-08-30 19:41:39,230 [main] INFO  (DfDataSourceHandler#prepare():79) -   driver = com.mysql.jdbc.Driver
2023-08-30 19:41:39,231 [main] INFO  (DfDataSourceHandler#prepare():80) -   url    = jdbc:mysql://localhost:3306/jlibrary
2023-08-30 19:41:39,231 [main] INFO  (DfDataSourceHandler#prepare():81) -   user   = root
2023-08-30 19:41:39,244 [main] INFO  (DfDataSourceHandler#createConnection():166) - ...Connecting to database by data source:
2023-08-30 19:41:39,619 [main] INFO  (DfDataSourceHandler#setupConnectionMetaInfo():233) -   product = MySQL 5.5.5-10.4.28-MariaDB
2023-08-30 19:41:39,620 [main] INFO  (DfDataSourceHandler#setupConnectionMetaInfo():234) -   driver  = MySQL Connector Java mysql-connector-java-5.1.49 ( Revision: ad86f36e100e104cd926c6b81c8cab9565750116 ) for JDBC 4.0
2023-08-30 19:41:39,639 [main] INFO  (DfCreateSchemaProcess#initializeSchemaMainDrop():253) - 
2023-08-30 19:41:39,640 [main] INFO  (DfCreateSchemaProcess#initializeSchemaMainDrop():254) - * * * * * * * * * * *
2023-08-30 19:41:39,641 [main] INFO  (DfCreateSchemaProcess#initializeSchemaMainDrop():255) - *                   *
2023-08-30 19:41:39,641 [main] INFO  (DfCreateSchemaProcess#initializeSchemaMainDrop():256) - * Initialize Schema *
2023-08-30 19:41:39,641 [main] INFO  (DfCreateSchemaProcess#initializeSchemaMainDrop():257) - *                   *
2023-08-30 19:41:39,642 [main] INFO  (DfCreateSchemaProcess#initializeSchemaMainDrop():258) - * * * * * * * * * * *
2023-08-30 19:41:39,660 [main] INFO  (DfTableExtractor#doGetTableList():66) - ...Getting tables:
2023-08-30 19:41:39,660 [main] INFO  (DfTableExtractor#doGetTableList():67) -   schema = {jlibrary.$$NoNameSchema$$ as main}
2023-08-30 19:41:39,661 [main] INFO  (DfTableExtractor#doGetTableList():68) -   types  = [TABLE, VIEW]
2023-08-30 19:41:39,709 [main] INFO  (DfSchemaInitializerJdbc#logReplaceSql():614) - truncate table BOOK
2023-08-30 19:41:39,753 [main] INFO  (DfSchemaInitializerJdbc#logReplaceSql():614) - truncate table USER_ROLE_MAP
2023-08-30 19:41:39,777 [main] INFO  (DfSchemaInitializerJdbc#logReplaceSql():614) - alter table USER_ROLE_MAP drop foreign key user_role_map_ibfk_2
2023-08-30 19:41:39,788 [main] INFO  (DfSchemaInitializerJdbc#logReplaceSql():614) - alter table USER_ROLE_MAP drop foreign key user_role_map_ibfk_3
2023-08-30 19:41:39,798 [main] INFO  (DfSchemaInitializerJdbc#logReplaceSql():614) - alter table USER_ROLE_MAP drop foreign key user_role_map_ibfk_1
2023-08-30 19:41:39,814 [main] INFO  (DfSchemaInitializerJdbc#logReplaceSql():614) - drop table BOOK
2023-08-30 19:41:39,818 [main] INFO  (DfSchemaInitializerJdbc#logReplaceSql():614) - drop table GENERAL_USER
2023-08-30 19:41:39,823 [main] INFO  (DfSchemaInitializerJdbc#logReplaceSql():614) - drop table ROLE
2023-08-30 19:41:39,829 [main] INFO  (DfSchemaInitializerJdbc#logReplaceSql():614) - drop table STAFF_USER
2023-08-30 19:41:39,835 [main] INFO  (DfSchemaInitializerJdbc#logReplaceSql():614) - drop table USER_ROLE_MAP
2023-08-30 19:41:39,864 [main] INFO  (DfCreateSchemaProcess#createSchema():293) - 
2023-08-30 19:41:39,864 [main] INFO  (DfCreateSchemaProcess#createSchema():294) - * * * * * * * * *
2023-08-30 19:41:39,865 [main] INFO  (DfCreateSchemaProcess#createSchema():295) - *               *
2023-08-30 19:41:39,865 [main] INFO  (DfCreateSchemaProcess#createSchema():296) - * Create Schema *
2023-08-30 19:41:39,865 [main] INFO  (DfCreateSchemaProcess#createSchema():297) - *               *
2023-08-30 19:41:39,865 [main] INFO  (DfCreateSchemaProcess#createSchema():298) - * * * * * * * * *
2023-08-30 19:41:39,872 [main] INFO  (DfSqlFileFireMan#fire():68) - ...Firing: replace-schema.sql
2023-08-30 19:41:39,881 [main] INFO  (DfSqlFileRunnerBase#traceSql():168) - 
CREATE TABLE `ROLE` (
  `ID` INT (50) NOT NULL COMMENT 'ID' AUTO_INCREMENT,
  `CD` VARCHAR (255) NOT NULL COMMENT 'コード',
  `NAME` VARCHAR (255) NOT NULL COMMENT '名称',
  `REMARKS` VARCHAR (255) DEFAULT NULL COMMENT '備考',
  `DELETE_FLG` CHAR (1) NOT NULL DEFAULT '0' COMMENT '削除フラグ',
  `VERSION` INT (50) NOT NULL DEFAULT '0' COMMENT 'バージョン',
  `CREATED` DATETIME NOT NULL DEFAULT CURRENT_TIMESTAMP ON UPDATE CURRENT_TIMESTAMP COMMENT '登録日時',
  `MODIFIED` DATETIME NOT NULL DEFAULT CURRENT_TIMESTAMP ON UPDATE CURRENT_TIMESTAMP COMMENT '更新日時',
  `MODIFIED_BY` VARCHAR (255) NOT NULL COMMENT '更新者',
  PRIMARY KEY(ID)
)
COMMENT='権限'
2023-08-30 19:41:39,898 [main] INFO  (DfSqlFileRunnerBase#traceSql():168) - 
CREATE TABLE `STAFF_USER` (
  `ID` INT (50) NOT NULL COMMENT 'ID' AUTO_INCREMENT,
  `STAFF_USER_ID` VARCHAR (10) NOT NULL COMMENT '職員ID',
  `PASSWORD` VARCHAR (255) NOT NULL COMMENT 'パスワード',
  `NAME_KANA` VARCHAR (50) NOT NULL COMMENT '氏名カナ',
  `NAME` VARCHAR (25) COMMENT '氏名',
  `EMAIL` VARCHAR (255) COMMENT 'メールアドレス',
  `REMARKS` VARCHAR (255) DEFAULT NULL COMMENT '備考',
  `DELETE_FLG` CHAR (1) NOT NULL DEFAULT '0' COMMENT '削除フラグ',
  `VERSION` INT (50) DEFAULT '0' COMMENT 'バージョン',
  `CREATED` DATETIME DEFAULT CURRENT_TIMESTAMP ON UPDATE CURRENT_TIMESTAMP COMMENT '登録日時',
  `MODIFIED` DATETIME DEFAULT CURRENT_TIMESTAMP ON UPDATE CURRENT_TIMESTAMP COMMENT '更新日時',
  `MODIFIED_BY` VARCHAR (255) COMMENT '更新者',
  PRIMARY KEY(ID,STAFF_USER_ID),
  UNIQUE KEY(STAFF_USER_ID)
)
COMMENT='職員'
2023-08-30 19:41:39,913 [main] INFO  (DfSqlFileRunnerBase#traceSql():168) - 
CREATE TABLE `GENERAL_USER` (
  `ID` INT (50) NOT NULL COMMENT 'ID' AUTO_INCREMENT,
  `GENERAL_USER_ID` VARCHAR (10) NOT NULL COMMENT '利用者ID',
  `PASSWORD` VARCHAR (255) NOT NULL COMMENT 'パスワード',
  `NAME_KANA` VARCHAR (50) NOT NULL COMMENT 'フリガナ',
  `NAME` VARCHAR (25) COMMENT '氏名',
  `BIRTHDAY` DATE COMMENT '生年月日',
  `PHONE_NUMBER` VARCHAR (11) COMMENT '電話番号',
  `ADDRESS` VARCHAR (100) COMMENT '住所',
  `REMARKS` VARCHAR (255) DEFAULT NULL COMMENT '備考',
  `DELETE_FLG` CHAR (1) NOT NULL DEFAULT '0' COMMENT '削除フラグ',
  `VERSION` INT (50) NOT NULL DEFAULT '0' COMMENT 'バージョン',
  `CREATED` DATETIME DEFAULT CURRENT_TIMESTAMP ON UPDATE CURRENT_TIMESTAMP COMMENT '登録日時',
  `MODIFIED` DATETIME DEFAULT CURRENT_TIMESTAMP ON UPDATE CURRENT_TIMESTAMP COMMENT '更新日時',
  `MODIFIED_BY` VARCHAR (255) COMMENT '更新者',
  PRIMARY KEY(ID,GENERAL_USER_ID),
  UNIQUE KEY(GENERAL_USER_ID)
)
COMMENT='一般利用者'
2023-08-30 19:41:39,928 [main] INFO  (DfSqlFileRunnerBase#traceSql():168) - 
CREATE TABLE `USER_ROLE_MAP` (
  `ID` INT (50) NOT NULL COMMENT 'ID' AUTO_INCREMENT,
  `STAFF_USER_ID` VARCHAR (255) COMMENT '職員ID',
  `GENERAL_USER_ID` VARCHAR (255) COMMENT '利用者ID',
  `ROLE_ID` INT (50) NOT NULL COMMENT '権限ID',
  `REMARKS` VARCHAR (255) DEFAULT NULL COMMENT '備考',
  `DELETE_FLG` CHAR (1) NOT NULL DEFAULT '0' COMMENT '削除フラグ',
  `VERSION` INT (50) DEFAULT '0' COMMENT 'バージョン',
  `CREATED` DATETIME DEFAULT CURRENT_TIMESTAMP ON UPDATE CURRENT_TIMESTAMP COMMENT '登録日時',
  `MODIFIED` DATETIME DEFAULT CURRENT_TIMESTAMP ON UPDATE CURRENT_TIMESTAMP COMMENT '更新日時',
  `MODIFIED_BY` VARCHAR (255) COMMENT '更新者',
  PRIMARY KEY(ID),
  UNIQUE KEY(STAFF_USER_ID,GENERAL_USER_ID,ROLE_ID),
  FOREIGN KEY (STAFF_USER_ID) REFERENCES STAFF_USER(STAFF_USER_ID),
  FOREIGN KEY (GENERAL_USER_ID) REFERENCES GENERAL_USER(GENERAL_USER_ID),
  FOREIGN KEY (ROLE_ID) REFERENCES ROLE(ID)
)
COMMENT='ユーザー権限マップ'
2023-08-30 19:41:39,948 [main] INFO  (DfSqlFileRunnerBase#traceSql():168) - 
CREATE TABLE `BOOK` (
  `ID` INT (50) NOT NULL COMMENT 'ID' AUTO_INCREMENT,
  `TITLE` VARCHAR (255) COMMENT 'タイトル',
  `AUTHOR` VARCHAR (255) COMMENT '著者',
  `ISBN_10` VARCHAR (255) COMMENT 'ISBN-10',
  `ISBN_13` VARCHAR (255) COMMENT 'ISBN-13',
  `PUBLISHER` VARCHAR (255) COMMENT '出版社',
  `GENRE` VARCHAR (255) COMMENT 'ジャンル',
  `SHELF_NUMBER` VARCHAR (255) COMMENT '棚番号',
  `CONTROL_NUMBER` VARCHAR (255) COMMENT '管理番号',
  `REMARKS` VARCHAR (255) DEFAULT NULL COMMENT '備考',
  `DELETE_FLG` CHAR (1) NOT NULL DEFAULT '0' COMMENT '削除フラグ',
  `VERSION` INT (50) DEFAULT '0' COMMENT 'バージョン',
  `CREATED` DATETIME DEFAULT CURRENT_TIMESTAMP ON UPDATE CURRENT_TIMESTAMP COMMENT '登録日時',
  `MODIFIED` DATETIME DEFAULT CURRENT_TIMESTAMP ON UPDATE CURRENT_TIMESTAMP COMMENT '更新日時',
  `MODIFIED_BY` VARCHAR (255) COMMENT '更新者',
  PRIMARY KEY(ID,CONTROL_NUMBER)
)
COMMENT='図書'
2023-08-30 19:41:39,962 [main] INFO  (DfSqlFileRunnerBase#traceResult():172) -  -> success=5 failure=0
2023-08-30 19:41:39,963 [main] INFO  (DfSqlFileFireMan#fire():93) - Create Schema: success=5, failure=0 (in 1 files)
2023-08-30 19:41:40,014 [main] INFO  (DfLoadDataProcess#execute():133) - 
2023-08-30 19:41:40,014 [main] INFO  (DfLoadDataProcess#execute():134) - * * * * * * * * * * *
2023-08-30 19:41:40,015 [main] INFO  (DfLoadDataProcess#execute():135) - *                   *
2023-08-30 19:41:40,015 [main] INFO  (DfLoadDataProcess#execute():136) - * Load Data         *
2023-08-30 19:41:40,015 [main] INFO  (DfLoadDataProcess#execute():137) - *                   *
2023-08-30 19:41:40,016 [main] INFO  (DfLoadDataProcess#execute():138) - * * * * * * * * * * *
2023-08-30 19:41:40,044 [main] INFO  (DfTakeFinallyProcess#takeFinally():244) - 
2023-08-30 19:41:40,044 [main] INFO  (DfTakeFinallyProcess#takeFinally():245) - * * * * * * * **
2023-08-30 19:41:40,045 [main] INFO  (DfTakeFinallyProcess#takeFinally():246) - *              *
2023-08-30 19:41:40,045 [main] INFO  (DfTakeFinallyProcess#takeFinally():247) - * Take Finally *
2023-08-30 19:41:40,045 [main] INFO  (DfTakeFinallyProcess#takeFinally():248) - *              *
2023-08-30 19:41:40,046 [main] INFO  (DfTakeFinallyProcess#takeFinally():249) - * * * * * * * **
2023-08-30 19:41:40,053 [main] INFO  (DfSqlFileFireMan#fire():68) - ...Firing: take-finally.sql
2023-08-30 19:41:40,055 [main] INFO  (DfSqlFileRunnerBase#traceResult():172) -  -> success=0 failure=0
2023-08-30 19:41:40,056 [main] INFO  (DfSqlFileFireMan#fire():93) - Take Finally: success=0, failure=0 (in 1 files)
2023-08-30 19:41:40,058 [main] INFO  (DfDataSourceHandler#destroy():120) - ...closeReally()
2023-08-30 19:41:40,071 [main] INFO  (DfDBFluteTaskUtil#logFinalMessage():139) - 
_/_/_/_/_/_/_/_/_/_/_/_/_/_/_/_/_/_/_/_/_/_/
[Final Message]: 00m03s393ms

  DBFLUTE_CLIENT: {jlibrary}
    database  = mysql (MySQL 5.5.5-10.4.28-MariaDB)
    language  = java
    container = spring
    package   = jp.co.jwebgate.jlibrary.dbflute

  DBFLUTE_ENVIRONMENT_TYPE: {}
    driver = com.mysql.jdbc.Driver
    url    = jdbc:mysql://localhost:3306/jlibrary
    schema = {jlibrary.$$NoNameSchema$$ as main}
    user   = root
    props  = {}
    additionalSchema = 
    repsEnvType      = ut
    refreshProject   = $$AutoDetect$$

 Create Schema: success=5, failure=0 (in 1 files) - 00m00s328ms
  (Initialize Schema) - 00m00s223ms
  (Create Schema) - 00m00s097ms
  o replace-schema.sql

 Load Data: *empty loading - 00m00s025ms
  - (no data file)

 Take Finally: success=0, failure=0 (in 1 files) - 00m00s014ms
  o take-finally.sql
_/_/_/_/_/_/_/_/_/_/ {ReplaceSchema}
2023-08-30 19:41:40,964 [main] INFO  (TorqueJDBCTransformTask#begin():104) - +------------------------------------------+
2023-08-30 19:41:40,966 [main] INFO  (TorqueJDBCTransformTask#begin():105) - |                                          |
2023-08-30 19:41:40,966 [main] INFO  (TorqueJDBCTransformTask#begin():106) - |                   JDBC                   |
2023-08-30 19:41:40,967 [main] INFO  (TorqueJDBCTransformTask#begin():107) - |                                          |
2023-08-30 19:41:40,967 [main] INFO  (TorqueJDBCTransformTask#begin():108) - +------------------------------------------+
2023-08-30 19:41:40,994 [main] INFO  (DfDataSourceHandler#prepare():78) - ...Preparing data source:
2023-08-30 19:41:40,995 [main] INFO  (DfDataSourceHandler#prepare():79) -   driver = com.mysql.jdbc.Driver
2023-08-30 19:41:40,995 [main] INFO  (DfDataSourceHandler#prepare():80) -   url    = jdbc:mysql://localhost:3306/jlibrary
2023-08-30 19:41:40,996 [main] INFO  (DfDataSourceHandler#prepare():81) -   user   = root
2023-08-30 19:41:41,067 [main] INFO  (DfSchemaXmlSerializer#serialize():305) - 
2023-08-30 19:41:41,068 [main] INFO  (DfSchemaXmlSerializer#serialize():306) - ...Starting to process JDBC to SchemaXML
2023-08-30 19:41:41,068 [main] INFO  (DfSchemaXmlSerializer#doLoadPreviousSchema():1559) - ...Loading previous schema (schema diff process)
2023-08-30 19:41:41,079 [main] INFO  (DfSchemaXmlSerializer#doLoadPreviousSchema():1562) -  -> no previous (first time)
2023-08-30 19:41:41,100 [main] INFO  (DfSchemaXmlSerializer#generateXML():379) - ...Getting DB connection
2023-08-30 19:41:41,108 [main] INFO  (DfDataSourceHandler#createConnection():166) - ...Connecting to database by data source:
2023-08-30 19:41:41,320 [main] INFO  (DfDataSourceHandler#setupConnectionMetaInfo():233) -   product = MySQL 5.5.5-10.4.28-MariaDB
2023-08-30 19:41:41,321 [main] INFO  (DfDataSourceHandler#setupConnectionMetaInfo():234) -   driver  = MySQL Connector Java mysql-connector-java-5.1.49 ( Revision: ad86f36e100e104cd926c6b81c8cab9565750116 ) for JDBC 4.0
2023-08-30 19:41:41,323 [main] INFO  (DfSchemaXmlSerializer#generateXML():382) - ...Getting DB meta data
2023-08-30 19:41:41,326 [main] INFO  (DfTableExtractor#doGetTableList():66) - ...Getting tables:
2023-08-30 19:41:41,326 [main] INFO  (DfTableExtractor#doGetTableList():67) -   schema = {jlibrary.$$NoNameSchema$$ as main}
2023-08-30 19:41:41,327 [main] INFO  (DfTableExtractor#doGetTableList():68) -   types  = [TABLE, VIEW]
2023-08-30 19:41:41,339 [main] INFO  (DfDbCommentExtractorBase#doSelectUserTabComments():121) - select table_type as OBJECT_TYPE, table_name as TABLE_NAME, table_comment as COMMENTS from information_schema.tables where table_schema = 'jlibrary' order by table_name asc
2023-08-30 19:41:41,345 [main] INFO  (DfDbCommentExtractorBase#doSelectUserColComments():168) - select table_name as TABLE_NAME, column_name as COLUMN_NAME, column_comment as COMMENTS from information_schema.columns where table_schema = 'jlibrary' order by table_name asc, column_name asc
2023-08-30 19:41:41,361 [main] INFO  (DfDatetimePrecisionExtractorMySQL#extractDatetimePrecisionMap():59) - select TABLE_NAME, COLUMN_NAME, DATETIME_PRECISION from INFORMATION_SCHEMA.COLUMNS where TABLE_SCHEMA = 'jlibrary' and DATA_TYPE = 'datetime'
2023-08-30 19:41:41,384 [main] INFO  (DfSchemaXmlSerializer#processTable():438) - 
2023-08-30 19:41:41,385 [main] INFO  (DfSchemaXmlSerializer#processTable():439) - $ /= = = = = = = = = = = = = = = = = = = = = = = = = =
2023-08-30 19:41:41,385 [main] INFO  (DfSchemaXmlSerializer#processTable():440) - $ [Table List]
2023-08-30 19:41:41,386 [main] INFO  (DfSchemaXmlSerializer#doProcessTable():520) - $ jlibrary.BOOK(TABLE) // 図書
2023-08-30 19:41:41,491 [main] INFO  (DfSchemaXmlSerializer#doProcessTable():520) - $ jlibrary.GENERAL_USER(TABLE) // 一般利用者
2023-08-30 19:41:41,529 [main] INFO  (DfSchemaXmlSerializer#doProcessTable():520) - $ jlibrary.ROLE(TABLE) // 権限
2023-08-30 19:41:41,568 [main] INFO  (DfSchemaXmlSerializer#doProcessTable():520) - $ jlibrary.STAFF_USER(TABLE) // 職員
2023-08-30 19:41:41,598 [main] INFO  (DfSchemaXmlSerializer#doProcessTable():520) - $ jlibrary.USER_ROLE_MAP(TABLE) // ユーザー権限マップ
2023-08-30 19:41:41,645 [main] INFO  (DfSchemaXmlSerializer#processTable():452) - $ 
2023-08-30 19:41:41,646 [main] INFO  (DfSchemaXmlSerializer#processTable():453) - $ [Table Count]
2023-08-30 19:41:41,647 [main] INFO  (DfSchemaXmlSerializer#processTable():454) - $ 5
2023-08-30 19:41:41,648 [main] INFO  (DfSchemaXmlSerializer#processTable():455) - $ = = = = = = = = = =/
2023-08-30 19:41:41,649 [main] INFO  (DfSchemaXmlSerializer#processTable():456) - 
2023-08-30 19:41:41,660 [main] INFO  (DfSchemaXmlSerializer#processSequence():823) - ...Getting sequences
2023-08-30 19:41:41,665 [main] INFO  (DfSchemaXmlSerializer#serialize():320) - ...Serializing XML:
2023-08-30 19:41:41,665 [main] INFO  (DfSchemaXmlSerializer#serialize():321) -   filePath = ./schema/project-schema-jlibrary.xml
2023-08-30 19:41:41,667 [main] INFO  (DfSchemaXmlSerializer#serialize():322) -   encoding = UTF-8
2023-08-30 19:41:41,722 [main] INFO  (DfSchemaXmlSerializer#doLoadNextSchema():1570) - ...Loading next schema (schema diff process)
2023-08-30 19:41:41,739 [main] INFO  (DTDResolver#resolveEntity():195) - ...Resolving XML by database.dtd in same package
2023-08-30 19:41:41,997 [main] INFO  (DfSchemaXmlSerializer#doLoadNextSchema():1575) -  -> different from previous (schema diff)
2023-08-30 19:41:41,998 [main] INFO  (DfSchemaXmlSerializer#doLoadNextSchema():1577) - ...Serializing schema-diff:
2023-08-30 19:41:41,998 [main] INFO  (DfSchemaXmlSerializer#doLoadNextSchema():1578) -   filePath = ./schema/project-history-jlibrary.diffmap
2023-08-30 19:41:42,008 [main] INFO  (DfDataSourceHandler#destroy():120) - ...closeReally()
2023-08-30 19:41:42,017 [main] INFO  (DfDBFluteTaskUtil#logFinalMessage():139) - 
_/_/_/_/_/_/_/_/_/_/_/_/_/_/_/_/_/_/_/_/_/_/
[Final Message]: 00m01s066ms

  DBFLUTE_CLIENT: {jlibrary}
    database  = mysql (MySQL 5.5.5-10.4.28-MariaDB)
    language  = java
    container = spring
    package   = jp.co.jwebgate.jlibrary.dbflute

  DBFLUTE_ENVIRONMENT_TYPE: {}
    driver = com.mysql.jdbc.Driver
    url    = jdbc:mysql://localhost:3306/jlibrary
    schema = {jlibrary.$$NoNameSchema$$ as main}
    user   = root
    props  = {}
    additionalSchema = 
    repsEnvType      = ut
    refreshProject   = $$AutoDetect$$
_/_/_/_/_/_/_/_/_/_/ {JDBC}
2023-08-30 19:41:43,310 [main] INFO  (TorqueDocumentationTask#begin():193) - +------------------------------------------+
2023-08-30 19:41:43,312 [main] INFO  (TorqueDocumentationTask#begin():194) - |                                          |
2023-08-30 19:41:43,313 [main] INFO  (TorqueDocumentationTask#begin():195) - |                   Doc                    |
2023-08-30 19:41:43,314 [main] INFO  (TorqueDocumentationTask#begin():203) - |                                          |
2023-08-30 19:41:43,314 [main] INFO  (TorqueDocumentationTask#begin():204) - +------------------------------------------+
2023-08-30 19:41:43,348 [main] INFO  (DfDataSourceHandler#prepare():78) - ...Preparing data source:
2023-08-30 19:41:43,348 [main] INFO  (DfDataSourceHandler#prepare():79) -   driver = com.mysql.jdbc.Driver
2023-08-30 19:41:43,348 [main] INFO  (DfDataSourceHandler#prepare():80) -   url    = jdbc:mysql://localhost:3306/jlibrary
2023-08-30 19:41:43,348 [main] INFO  (DfDataSourceHandler#prepare():81) -   user   = root
2023-08-30 19:41:43,350 [main] INFO  (TorqueDocumentationTask#processSchemaHtml():265) - 
2023-08-30 19:41:43,350 [main] INFO  (TorqueDocumentationTask#processSchemaHtml():266) - * * * * * * * * * * *
2023-08-30 19:41:43,350 [main] INFO  (TorqueDocumentationTask#processSchemaHtml():267) - *                   *
2023-08-30 19:41:43,351 [main] INFO  (TorqueDocumentationTask#processSchemaHtml():268) - *    Schema HTML    *
2023-08-30 19:41:43,351 [main] INFO  (TorqueDocumentationTask#processSchemaHtml():269) - *                   *
2023-08-30 19:41:43,351 [main] INFO  (TorqueDocumentationTask#processSchemaHtml():270) - * * * * * * * * * * *
2023-08-30 19:41:43,413 [main] INFO  (DTDResolver#resolveEntity():195) - ...Resolving XML by database.dtd in same package
2023-08-30 19:41:43,486 [main] INFO  (DfAdditionalPrimaryKeyInitializer#initializeAdditionalPrimaryKey():62) - /=======================================
2023-08-30 19:41:43,487 [main] INFO  (DfAdditionalPrimaryKeyInitializer#initializeAdditionalPrimaryKey():63) - ...Initializing additional primary keys.
2023-08-30 19:41:43,489 [main] INFO  (DfAdditionalPrimaryKeyInitializer#initializeAdditionalPrimaryKey():88) - ==========/
2023-08-30 19:41:43,490 [main] INFO  (DfAdditionalUniqueKeyInitializer#initializeAdditionalUniqueKey():62) - /=======================================
2023-08-30 19:41:43,490 [main] INFO  (DfAdditionalUniqueKeyInitializer#initializeAdditionalUniqueKey():63) - ...Initializing additional unique keys.
2023-08-30 19:41:43,492 [main] INFO  (DfAdditionalUniqueKeyInitializer#initializeAdditionalUniqueKey():83) - ==========/
2023-08-30 19:41:43,494 [main] INFO  (DfAdditionalForeignKeyInitializer#initializeAdditionalForeignKey():68) - /=======================================
2023-08-30 19:41:43,494 [main] INFO  (DfAdditionalForeignKeyInitializer#initializeAdditionalForeignKey():69) - ...Initializing additional foreign keys.
2023-08-30 19:41:43,496 [main] INFO  (DfAdditionalForeignKeyInitializer#initializeAdditionalForeignKey():88) - ==========/
2023-08-30 19:41:43,516 [main] INFO  (DfClsDeploymentInitializer#initializeClassificationDeployment():67) - ...Initializing ClassificationDeployment: project=jlibrary
2023-08-30 19:41:43,598 [main] INFO  (DfAbstractTexenTask#fireVelocityProcess():253) - generator.parse("doc/ControlDocument.vm", ctx);
2023-08-30 19:41:43,613 [main] INFO  (DfFlutistLog4JLogSystem#init():45) - ...Suppressing velocity.log, which is unneeded for also debug
2023-08-30 19:41:43,763 [main] INFO  (Database#doEnableDocumentOutputDirectory():1241) - ...Setting up documentOutputDirectory: ./output/doc
2023-08-30 19:41:43,773 [main] INFO  (DfDocumentSelector#doLoadSchemaHistory():242) - ...Loading schema history
2023-08-30 19:41:43,794 [main] INFO  (DfDocumentSelector#doLoadSchemaHistory():246) -  -> found history: count=1
2023-08-30 19:41:43,861 [main] INFO  (DfSchemaHtmlDataArrangeQuery#getArrangeQueryTableMap():50) -  
2023-08-30 19:41:43,861 [main] INFO  (DfSchemaHtmlDataArrangeQuery#getArrangeQueryTableMap():51) - ...Setting up arrange queries for documents (ArrangeQueryDoc)
2023-08-30 19:41:43,880 [main] INFO  (DfArrangeQueryDocSetupper#doExtractArrangeQuery():106) -  -> no arrange query
2023-08-30 19:41:44,136 [main] INFO  (DfRefreshResourceProcess#show():295) - /===========================================================================
2023-08-30 19:41:44,137 [main] INFO  (DfRefreshResourceProcess#show():295) - ...Refreshing [jlibrary] by http://localhost:8386/
2023-08-30 19:41:44,147 [main] INFO  (DfRefreshResourceProcess#show():295) - ...Retrying refreshing by default secondary URL http://localhost:8387/
2023-08-30 19:41:44,148 [main] INFO  (DfRefreshResourceProcess#show():295) - Failed to refresh the resources (continued): url=http://localhost:8386/, cause=ConnectException(Connection refused)
2023-08-30 19:41:44,148 [main] INFO  (DfRefreshResourceProcess#show():295) - ==========/
2023-08-30 19:41:44,151 [main] INFO  (DfDBFluteTaskUtil#logFinalMessage():139) - 
_/_/_/_/_/_/_/_/_/_/_/_/_/_/_/_/_/_/_/_/_/_/
[Final Message]: 00m00s854ms

  DBFLUTE_CLIENT: {jlibrary}
    database  = mysql
    language  = java
    container = spring
    package   = jp.co.jwebgate.jlibrary.dbflute

  DBFLUTE_ENVIRONMENT_TYPE: {}
    driver = com.mysql.jdbc.Driver
    url    = jdbc:mysql://localhost:3306/jlibrary
    schema = {jlibrary.$$NoNameSchema$$ as main}
    user   = root
    props  = {}
    additionalSchema = 
    repsEnvType      = ut
    refreshProject   = $$AutoDetect$$
_/_/_/_/_/_/_/_/_/_/ {Doc}
2023-08-30 19:41:46,609 [main] INFO  (TorqueDataModelTask#begin():110) - +------------------------------------------+
2023-08-30 19:41:46,611 [main] INFO  (TorqueDataModelTask#begin():111) - |                                          |
2023-08-30 19:41:46,612 [main] INFO  (TorqueDataModelTask#begin():112) - |                 Generate                 |
2023-08-30 19:41:46,612 [main] INFO  (TorqueDataModelTask#begin():113) - |                                          |
2023-08-30 19:41:46,612 [main] INFO  (TorqueDataModelTask#begin():114) - +------------------------------------------+
2023-08-30 19:41:46,643 [main] INFO  (DfDataSourceHandler#prepare():78) - ...Preparing data source:
2023-08-30 19:41:46,643 [main] INFO  (DfDataSourceHandler#prepare():79) -   driver = com.mysql.jdbc.Driver
2023-08-30 19:41:46,644 [main] INFO  (DfDataSourceHandler#prepare():80) -   url    = jdbc:mysql://localhost:3306/jlibrary
2023-08-30 19:41:46,644 [main] INFO  (DfDataSourceHandler#prepare():81) -   user   = root
2023-08-30 19:41:46,667 [main] INFO  (TorqueDataModelTask#setupControlTemplate():166) - 
2023-08-30 19:41:46,668 [main] INFO  (TorqueDataModelTask#setupControlTemplate():167) - ...Using Java control: om/ControlGenerateJava.vm
2023-08-30 19:41:46,704 [main] INFO  (DTDResolver#resolveEntity():195) - ...Resolving XML by database.dtd in same package
2023-08-30 19:41:46,748 [main] INFO  (DfAbstractTexenTask#fireVelocityProcess():253) - generator.parse("om/ControlGenerateJava.vm", ctx);
2023-08-30 19:41:46,756 [main] INFO  (DfFlutistLog4JLogSystem#init():45) - ...Suppressing velocity.log, which is unneeded for also debug
2023-08-30 19:41:46,923 [main] INFO  (Database#doEnableGenerateOutputDirectory():1209) - ...Setting up generateOutputDirectory: ../src/main/java
2023-08-30 19:41:46,926 [main] INFO  (DfAdditionalPrimaryKeyInitializer#initializeAdditionalPrimaryKey():62) - /=======================================
2023-08-30 19:41:46,927 [main] INFO  (DfAdditionalPrimaryKeyInitializer#initializeAdditionalPrimaryKey():63) - ...Initializing additional primary keys.
2023-08-30 19:41:46,928 [main] INFO  (DfAdditionalPrimaryKeyInitializer#initializeAdditionalPrimaryKey():88) - ==========/
2023-08-30 19:41:46,929 [main] INFO  (DfAdditionalUniqueKeyInitializer#initializeAdditionalUniqueKey():62) - /=======================================
2023-08-30 19:41:46,929 [main] INFO  (DfAdditionalUniqueKeyInitializer#initializeAdditionalUniqueKey():63) - ...Initializing additional unique keys.
2023-08-30 19:41:46,930 [main] INFO  (DfAdditionalUniqueKeyInitializer#initializeAdditionalUniqueKey():83) - ==========/
2023-08-30 19:41:46,931 [main] INFO  (DfAdditionalForeignKeyInitializer#initializeAdditionalForeignKey():68) - /=======================================
2023-08-30 19:41:46,932 [main] INFO  (DfAdditionalForeignKeyInitializer#initializeAdditionalForeignKey():69) - ...Initializing additional foreign keys.
2023-08-30 19:41:46,933 [main] INFO  (DfAdditionalForeignKeyInitializer#initializeAdditionalForeignKey():88) - ==========/
2023-08-30 19:41:46,944 [main] INFO  (DfClsDeploymentInitializer#initializeClassificationDeployment():67) - ...Initializing ClassificationDeployment: project=jlibrary
2023-08-30 19:41:46,950 [main] INFO  (DfIncludeQueryInitializer#initializeIncludeQuery():58) - /=============================
2023-08-30 19:41:46,950 [main] INFO  (DfIncludeQueryInitializer#initializeIncludeQuery():59) - ...Initializing include query.
2023-08-30 19:41:46,951 [main] INFO  (DfIncludeQueryInitializer#checkQueryMap():81) - String
2023-08-30 19:41:46,951 [main] INFO  (DfIncludeQueryInitializer#checkQueryMap():81) - Number
2023-08-30 19:41:46,951 [main] INFO  (DfIncludeQueryInitializer#checkQueryMap():81) - Date
2023-08-30 19:41:46,951 [main] INFO  (DfIncludeQueryInitializer#checkQueryMap():86) -   NotEqual -> []
2023-08-30 19:41:46,951 [main] INFO  (DfIncludeQueryInitializer#checkQueryMap():86) -   InScope -> []
2023-08-30 19:41:46,952 [main] INFO  (DfIncludeQueryInitializer#checkQueryMap():86) -   NotInScope -> []
2023-08-30 19:41:46,952 [main] INFO  (DfIncludeQueryInitializer#checkQueryMap():81) - OrderBy
2023-08-30 19:41:46,952 [main] INFO  (DfIncludeQueryInitializer#initializeIncludeQuery():61) - ========/
2023-08-30 19:41:46,968 [main] INFO  (Database#info():2852) - public void parseAllCommon() {
2023-08-30 19:41:46,972 [main] INFO  (Database#info():2852) -     parse('DBCurrent');
2023-08-30 19:41:46,980 [main] INFO  (Database#info():2852) -     parse('DBFluteConfig');
2023-08-30 19:41:47,003 [main] INFO  (Database#info():2852) -     parse('DBFluteInitializer');
2023-08-30 19:41:47,012 [main] INFO  (Database#info():2852) -     parse('DBMetaInstanceHandler');
2023-08-30 19:41:47,031 [main] INFO  (Database#info():2852) -     parse('EntityDefinedCommonColumn');
2023-08-30 19:41:47,063 [main] INFO  (Database#info():2852) -     parse('ImplementedBehaviorSelector');
2023-08-30 19:41:47,077 [main] INFO  (Database#info():2852) -     parse('ImplementedCommonColumnAutoSetupper');
2023-08-30 19:41:47,088 [main] INFO  (Database#info():2852) -     parse('ImplementedInvokerAssistant');
2023-08-30 19:41:47,104 [main] INFO  (Database#info():2852) -     parse('ImplementedSqlClauseCreator');
2023-08-30 19:41:47,115 [main] INFO  (Database#info():2852) - }
2023-08-30 19:41:47,116 [main] INFO  (Database#info():2852) - public void parseContainerConfig() {
2023-08-30 19:41:47,117 [main] INFO  (Database#info():2852) -     parse('jp/co/jwebgate/jlibrary/dbflute/allcommon/DBFluteBeansJavaConfig.java')
2023-08-30 19:41:47,134 [main] INFO  (Database#info():2852) - }
2023-08-30 19:41:47,138 [main] INFO  (DfOldClassHandler#info():1045) - public void deleteOldTableClass() {
2023-08-30 19:41:47,174 [main] INFO  (DfOldClassHandler#info():1045) - }
2023-08-30 19:41:47,175 [main] INFO  (Database#info():2852) - public void parseTableClass() {
2023-08-30 19:41:47,176 [main] INFO  (Database#info():2852) -     parse('BOOK');
2023-08-30 19:41:47,844 [main] INFO  (Database#info():2852) -     parse('GENERAL_USER');
2023-08-30 19:41:48,118 [main] INFO  (Database#info():2852) -     parse('ROLE');
2023-08-30 19:41:48,270 [main] INFO  (Database#info():2852) -     parse('STAFF_USER');
2023-08-30 19:41:48,492 [main] INFO  (Database#info():2852) -     parse('USER_ROLE_MAP');
2023-08-30 19:41:48,722 [main] INFO  (Database#info():2852) - }
2023-08-30 19:41:48,723 [main] INFO  (Database#info():2852) -  
2023-08-30 19:41:48,759 [main] INFO  (DfRefreshResourceProcess#show():295) - /===========================================================================
2023-08-30 19:41:48,760 [main] INFO  (DfRefreshResourceProcess#show():295) - ...Refreshing [jlibrary] by http://localhost:8386/
2023-08-30 19:41:48,762 [main] INFO  (DfRefreshResourceProcess#show():295) - ...Retrying refreshing by default secondary URL http://localhost:8387/
2023-08-30 19:41:48,763 [main] INFO  (DfRefreshResourceProcess#show():295) - Failed to refresh the resources (continued): url=http://localhost:8386/, cause=ConnectException(Connection refused)
2023-08-30 19:41:48,764 [main] INFO  (DfRefreshResourceProcess#show():295) - ==========/
2023-08-30 19:41:48,768 [main] INFO  (DfDBFluteTaskUtil#logFinalMessage():139) - 
_/_/_/_/_/_/_/_/_/_/_/_/_/_/_/_/_/_/_/_/_/_/
[Final Message]: 00m02s169ms

  DBFLUTE_CLIENT: {jlibrary}
    database  = mysql
    language  = java
    container = spring
    package   = jp.co.jwebgate.jlibrary.dbflute

  DBFLUTE_ENVIRONMENT_TYPE: {}
    driver = com.mysql.jdbc.Driver
    url    = jdbc:mysql://localhost:3306/jlibrary
    schema = {jlibrary.$$NoNameSchema$$ as main}
    user   = root
    props  = {}
    additionalSchema = 
    repsEnvType      = ut
    refreshProject   = $$AutoDetect$$
_/_/_/_/_/_/_/_/_/_/ {Generate}
2023-08-30 19:41:49,522 [main] INFO  (DfOutsideSqlTestTask#begin():77) - +------------------------------------------+
2023-08-30 19:41:49,523 [main] INFO  (DfOutsideSqlTestTask#begin():78) - |                                          |
2023-08-30 19:41:49,524 [main] INFO  (DfOutsideSqlTestTask#begin():79) - |              OutsideSqlTest              |
2023-08-30 19:41:49,524 [main] INFO  (DfOutsideSqlTestTask#begin():80) - |                                          |
2023-08-30 19:41:49,524 [main] INFO  (DfOutsideSqlTestTask#begin():81) - +------------------------------------------+
2023-08-30 19:41:49,544 [main] INFO  (DfDataSourceHandler#prepare():78) - ...Preparing data source:
2023-08-30 19:41:49,544 [main] INFO  (DfDataSourceHandler#prepare():79) -   driver = com.mysql.jdbc.Driver
2023-08-30 19:41:49,545 [main] INFO  (DfDataSourceHandler#prepare():80) -   url    = jdbc:mysql://localhost:3306/jlibrary
2023-08-30 19:41:49,546 [main] INFO  (DfDataSourceHandler#prepare():81) -   user   = root
2023-08-30 19:41:49,575 [main] INFO  (DfSqlFileFireMan#fire():93) - Fired SQL: success=0, failure=0 (in 0 files)
2023-08-30 19:41:49,584 [main] INFO  (DfDBFluteTaskUtil#logFinalMessage():139) - 
_/_/_/_/_/_/_/_/_/_/_/_/_/_/_/_/_/_/_/_/_/_/
[Final Message]: 00m00s067ms

  DBFLUTE_CLIENT: {jlibrary}
    database  = mysql
    language  = java
    container = spring
    package   = jp.co.jwebgate.jlibrary.dbflute

  DBFLUTE_ENVIRONMENT_TYPE: {}
    driver = com.mysql.jdbc.Driver
    url    = jdbc:mysql://localhost:3306/jlibrary
    schema = {jlibrary.$$NoNameSchema$$ as main}
    user   = root
    props  = {}
    additionalSchema = 
    repsEnvType      = ut
    refreshProject   = $$AutoDetect$$

 {Checked SQL}
_/_/_/_/_/_/_/_/_/_/ {OutsideSqlTest}
2023-08-30 19:41:50,602 [main] INFO  (DfSql2EntityTask#begin():106) - +------------------------------------------+
2023-08-30 19:41:50,603 [main] INFO  (DfSql2EntityTask#begin():107) - |                                          |
2023-08-30 19:41:50,604 [main] INFO  (DfSql2EntityTask#begin():108) - |                Sql2Entity                |
2023-08-30 19:41:50,604 [main] INFO  (DfSql2EntityTask#begin():109) - |                                          |
2023-08-30 19:41:50,604 [main] INFO  (DfSql2EntityTask#begin():110) - +------------------------------------------+
2023-08-30 19:41:50,624 [main] INFO  (DfDataSourceHandler#prepare():78) - ...Preparing data source:
2023-08-30 19:41:50,624 [main] INFO  (DfDataSourceHandler#prepare():79) -   driver = com.mysql.jdbc.Driver
2023-08-30 19:41:50,625 [main] INFO  (DfDataSourceHandler#prepare():80) -   url    = jdbc:mysql://localhost:3306/jlibrary
2023-08-30 19:41:50,625 [main] INFO  (DfDataSourceHandler#prepare():81) -   user   = root
2023-08-30 19:41:50,638 [main] INFO  (DfSql2EntityTask#setupControlTemplate():177) - 
2023-08-30 19:41:50,638 [main] INFO  (DfSql2EntityTask#setupControlTemplate():178) - ...Using Java control: om/ControlSql2EntityJava.vm
2023-08-30 19:41:50,646 [main] INFO  (DTDResolver#resolveEntity():195) - ...Resolving XML by database.dtd in same package
2023-08-30 19:41:50,710 [main] INFO  (DfSqlFileFireMan#fire():93) - Fired SQL: success=0, failure=0 (in 0 files)
2023-08-30 19:41:50,747 [main] INFO  (DfSql2EntityTask#initControlContext():311) - 
2023-08-30 19:41:50,747 [main] INFO  (DfSql2EntityTask#initControlContext():312) - ...Preparing generation of customize-entities and parameter-beans
2023-08-30 19:41:50,747 [main] INFO  (DfSql2EntityTask#initControlContext():313) - * * * * * * * * * *
2023-08-30 19:41:50,748 [main] INFO  (DfSql2EntityTask#initControlContext():314) - * CustomizeEntity *
2023-08-30 19:41:50,748 [main] INFO  (DfSql2EntityTask#initControlContext():315) - * * * * * * * * * *
2023-08-30 19:41:50,748 [main] INFO  (DfSql2EntityTask#showParameterBean():932) - * * * * * * * * *
2023-08-30 19:41:50,748 [main] INFO  (DfSql2EntityTask#showParameterBean():933) - * ParameterBean *
2023-08-30 19:41:50,748 [main] INFO  (DfSql2EntityTask#showParameterBean():934) - * * * * * * * * *
2023-08-30 19:41:50,752 [main] INFO  (DfAbstractTexenTask#fireVelocityProcess():253) - generator.parse("om/ControlSql2EntityJava.vm", ctx);
2023-08-30 19:41:50,759 [main] INFO  (DfFlutistLog4JLogSystem#init():45) - ...Suppressing velocity.log, which is unneeded for also debug
2023-08-30 19:41:50,902 [main] INFO  (DfClsDeploymentInitializer#initializeClassificationDeployment():67) - ...Initializing ClassificationDeployment: project=jlibrary
2023-08-30 19:41:50,904 [main] INFO  (DfClsDeploymentInitializer#initializeClassificationDeployment():67) - ...Initializing ClassificationDeployment: project=jlibrary
2023-08-30 19:41:50,909 [main] INFO  (Database#doEnableSql2EntityOutputDirectory():1225) - ...Setting up sql2EntityOutputDirectory: ../src/main/java
2023-08-30 19:41:50,911 [main] INFO  (DfOldClassHandler#info():1045) - public void deleteOldCustomizeClass() {
2023-08-30 19:41:50,919 [main] INFO  (DfOldClassHandler#info():1045) - }
2023-08-30 19:41:50,920 [main] INFO  (Database#info():2852) - public void parseCustomizeEntity() {
2023-08-30 19:41:50,921 [main] INFO  (Database#info():2852) - }
2023-08-30 19:41:50,953 [main] INFO  (DfSql2EntityTask#showTargetSqlFileInformation():303) - 
/- - - - - - - - - - - - - - - - - - - - - - - -
Target SQL files: 0

- - - - - - - - - -/
2023-08-30 19:41:50,958 [main] INFO  (DfRefreshResourceProcess#show():295) - /===========================================================================
2023-08-30 19:41:50,958 [main] INFO  (DfRefreshResourceProcess#show():295) - ...Refreshing [jlibrary] by http://localhost:8386/
2023-08-30 19:41:50,960 [main] INFO  (DfRefreshResourceProcess#show():295) - ...Retrying refreshing by default secondary URL http://localhost:8387/
2023-08-30 19:41:50,962 [main] INFO  (DfRefreshResourceProcess#show():295) - Failed to refresh the resources (continued): url=http://localhost:8386/, cause=ConnectException(Connection refused)
2023-08-30 19:41:50,962 [main] INFO  (DfRefreshResourceProcess#show():295) - ==========/
2023-08-30 19:41:50,966 [main] INFO  (DfDBFluteTaskUtil#logFinalMessage():139) - 
_/_/_/_/_/_/_/_/_/_/_/_/_/_/_/_/_/_/_/_/_/_/
[Final Message]: 00m00s377ms

  DBFLUTE_CLIENT: {jlibrary}
    database  = mysql
    language  = java
    container = spring
    package   = jp.co.jwebgate.jlibrary.dbflute

  DBFLUTE_ENVIRONMENT_TYPE: {}
    driver = com.mysql.jdbc.Driver
    url    = jdbc:mysql://localhost:3306/jlibrary
    schema = {jlibrary.$$NoNameSchema$$ as main}
    user   = root
    props  = {}
    additionalSchema = 
    repsEnvType      = ut
    refreshProject   = $$AutoDetect$$
_/_/_/_/_/_/_/_/_/_/ {Sql2Entity}
2023-08-30 21:50:28,775 [main] INFO  (DfReplaceSchemaTask#begin():94) - +------------------------------------------+
2023-08-30 21:50:28,779 [main] INFO  (DfReplaceSchemaTask#begin():95) - |                                          |
2023-08-30 21:50:28,780 [main] INFO  (DfReplaceSchemaTask#begin():96) - |              ReplaceSchema               |
2023-08-30 21:50:28,790 [main] INFO  (DfReplaceSchemaTask#begin():104) - |                                          |
2023-08-30 21:50:28,791 [main] INFO  (DfReplaceSchemaTask#begin():105) - +------------------------------------------+
2023-08-30 21:50:28,793 [main] INFO  (DfReplaceSchemaTask#waitBeforeReps():423) - ...Waiting for your GO SIGN from stdin before ReplaceSchema:
2023-08-30 21:50:29,854 [main] INFO  (DfDataSourceHandler#prepare():78) - ...Preparing data source:
2023-08-30 21:50:29,854 [main] INFO  (DfDataSourceHandler#prepare():79) -   driver = com.mysql.jdbc.Driver
2023-08-30 21:50:29,855 [main] INFO  (DfDataSourceHandler#prepare():80) -   url    = jdbc:mysql://localhost:3306/jlibrary
2023-08-30 21:50:29,855 [main] INFO  (DfDataSourceHandler#prepare():81) -   user   = root
2023-08-30 21:50:29,869 [main] INFO  (DfDataSourceHandler#createConnection():166) - ...Connecting to database by data source:
2023-08-30 21:50:30,283 [main] INFO  (DfDataSourceHandler#setupConnectionMetaInfo():233) -   product = MySQL 5.5.5-10.4.28-MariaDB
2023-08-30 21:50:30,283 [main] INFO  (DfDataSourceHandler#setupConnectionMetaInfo():234) -   driver  = MySQL Connector Java mysql-connector-java-5.1.49 ( Revision: ad86f36e100e104cd926c6b81c8cab9565750116 ) for JDBC 4.0
2023-08-30 21:50:30,304 [main] INFO  (DfCreateSchemaProcess#initializeSchemaMainDrop():253) - 
2023-08-30 21:50:30,305 [main] INFO  (DfCreateSchemaProcess#initializeSchemaMainDrop():254) - * * * * * * * * * * *
2023-08-30 21:50:30,305 [main] INFO  (DfCreateSchemaProcess#initializeSchemaMainDrop():255) - *                   *
2023-08-30 21:50:30,305 [main] INFO  (DfCreateSchemaProcess#initializeSchemaMainDrop():256) - * Initialize Schema *
2023-08-30 21:50:30,305 [main] INFO  (DfCreateSchemaProcess#initializeSchemaMainDrop():257) - *                   *
2023-08-30 21:50:30,305 [main] INFO  (DfCreateSchemaProcess#initializeSchemaMainDrop():258) - * * * * * * * * * * *
2023-08-30 21:50:30,324 [main] INFO  (DfTableExtractor#doGetTableList():66) - ...Getting tables:
2023-08-30 21:50:30,325 [main] INFO  (DfTableExtractor#doGetTableList():67) -   schema = {jlibrary.$$NoNameSchema$$ as main}
2023-08-30 21:50:30,325 [main] INFO  (DfTableExtractor#doGetTableList():68) -   types  = [TABLE, VIEW]
2023-08-30 21:50:30,384 [main] INFO  (DfSchemaInitializerJdbc#logReplaceSql():614) - truncate table BOOK
2023-08-30 21:50:30,428 [main] INFO  (DfSchemaInitializerJdbc#logReplaceSql():614) - truncate table USER_ROLE_MAP
2023-08-30 21:50:30,450 [main] INFO  (DfSchemaInitializerJdbc#logReplaceSql():614) - alter table USER_ROLE_MAP drop foreign key user_role_map_ibfk_2
2023-08-30 21:50:30,464 [main] INFO  (DfSchemaInitializerJdbc#logReplaceSql():614) - alter table USER_ROLE_MAP drop foreign key user_role_map_ibfk_3
2023-08-30 21:50:30,478 [main] INFO  (DfSchemaInitializerJdbc#logReplaceSql():614) - alter table USER_ROLE_MAP drop foreign key user_role_map_ibfk_1
2023-08-30 21:50:30,503 [main] INFO  (DfSchemaInitializerJdbc#logReplaceSql():614) - drop table BOOK
2023-08-30 21:50:30,510 [main] INFO  (DfSchemaInitializerJdbc#logReplaceSql():614) - drop table GENERAL_USER
2023-08-30 21:50:30,519 [main] INFO  (DfSchemaInitializerJdbc#logReplaceSql():614) - drop table ROLE
2023-08-30 21:50:30,526 [main] INFO  (DfSchemaInitializerJdbc#logReplaceSql():614) - drop table STAFF_USER
2023-08-30 21:50:30,532 [main] INFO  (DfSchemaInitializerJdbc#logReplaceSql():614) - drop table USER_ROLE_MAP
2023-08-30 21:50:30,562 [main] INFO  (DfCreateSchemaProcess#createSchema():293) - 
2023-08-30 21:50:30,563 [main] INFO  (DfCreateSchemaProcess#createSchema():294) - * * * * * * * * *
2023-08-30 21:50:30,563 [main] INFO  (DfCreateSchemaProcess#createSchema():295) - *               *
2023-08-30 21:50:30,563 [main] INFO  (DfCreateSchemaProcess#createSchema():296) - * Create Schema *
2023-08-30 21:50:30,564 [main] INFO  (DfCreateSchemaProcess#createSchema():297) - *               *
2023-08-30 21:50:30,564 [main] INFO  (DfCreateSchemaProcess#createSchema():298) - * * * * * * * * *
2023-08-30 21:50:30,568 [main] INFO  (DfSqlFileFireMan#fire():68) - ...Firing: replace-schema.sql
2023-08-30 21:50:30,575 [main] INFO  (DfSqlFileRunnerBase#traceSql():168) - 
CREATE TABLE `ROLE` (
  `ID` INT (50) NOT NULL COMMENT 'ID' AUTO_INCREMENT,
  `CD` VARCHAR (255) NOT NULL COMMENT 'コード',
  `NAME` VARCHAR (255) NOT NULL COMMENT '名称',
  `REMARKS` VARCHAR (255) DEFAULT NULL COMMENT '備考',
  `DELETE_FLG` CHAR (1) NOT NULL DEFAULT '0' COMMENT '削除フラグ',
  `VERSION` INT (50) NOT NULL DEFAULT '0' COMMENT 'バージョン',
  `CREATED` DATETIME NOT NULL DEFAULT CURRENT_TIMESTAMP ON UPDATE CURRENT_TIMESTAMP COMMENT '登録日時',
  `MODIFIED` DATETIME NOT NULL DEFAULT CURRENT_TIMESTAMP ON UPDATE CURRENT_TIMESTAMP COMMENT '更新日時',
  `MODIFIED_BY` VARCHAR (255) NOT NULL COMMENT '更新者',
  PRIMARY KEY(ID)
)
COMMENT='権限'
2023-08-30 21:50:30,589 [main] INFO  (DfSqlFileRunnerBase#traceSql():168) - 
CREATE TABLE `STAFF_USER` (
  `ID` INT (50) NOT NULL COMMENT 'ID' AUTO_INCREMENT,
  `STAFF_USER_ID` VARCHAR (10) NOT NULL COMMENT '職員ID',
  `PASSWORD` VARCHAR (255) NOT NULL COMMENT 'パスワード',
  `NAME_KANA` VARCHAR (50) NOT NULL COMMENT '氏名カナ',
  `NAME` VARCHAR (25) COMMENT '氏名',
  `EMAIL` VARCHAR (255) COMMENT 'メールアドレス',
  `REMARKS` VARCHAR (255) DEFAULT NULL COMMENT '備考',
  `DELETE_FLG` CHAR (1) NOT NULL DEFAULT '0' COMMENT '削除フラグ',
  `VERSION` INT (50) DEFAULT '0' COMMENT 'バージョン',
  `CREATED` DATETIME DEFAULT CURRENT_TIMESTAMP ON UPDATE CURRENT_TIMESTAMP COMMENT '登録日時',
  `MODIFIED` DATETIME DEFAULT CURRENT_TIMESTAMP ON UPDATE CURRENT_TIMESTAMP COMMENT '更新日時',
  `MODIFIED_BY` VARCHAR (255) COMMENT '更新者',
  PRIMARY KEY(ID,STAFF_USER_ID),
  UNIQUE KEY(STAFF_USER_ID)
)
COMMENT='職員'
2023-08-30 21:50:30,613 [main] INFO  (DfSqlFileRunnerBase#traceSql():168) - 
CREATE TABLE `GENERAL_USER` (
  `ID` INT (50) NOT NULL COMMENT 'ID' AUTO_INCREMENT,
  `GENERAL_USER_ID` VARCHAR (10) NOT NULL COMMENT '利用者ID',
  `PASSWORD` VARCHAR (255) NOT NULL COMMENT 'パスワード',
  `NAME_KANA` VARCHAR (50) NOT NULL COMMENT 'フリガナ',
  `NAME` VARCHAR (25) COMMENT '氏名',
  `BIRTHDAY` DATE COMMENT '生年月日',
  `PHONE_NUMBER` VARCHAR (11) COMMENT '電話番号',
  `ADDRESS` VARCHAR (100) COMMENT '住所',
  `REMARKS` VARCHAR (255) DEFAULT NULL COMMENT '備考',
  `DELETE_FLG` CHAR (1) NOT NULL DEFAULT '0' COMMENT '削除フラグ',
  `VERSION` INT (50) NOT NULL DEFAULT '0' COMMENT 'バージョン',
  `CREATED` DATETIME DEFAULT CURRENT_TIMESTAMP ON UPDATE CURRENT_TIMESTAMP COMMENT '登録日時',
  `MODIFIED` DATETIME DEFAULT CURRENT_TIMESTAMP ON UPDATE CURRENT_TIMESTAMP COMMENT '更新日時',
  `MODIFIED_BY` VARCHAR (255) COMMENT '更新者',
  PRIMARY KEY(ID,GENERAL_USER_ID),
  UNIQUE KEY(GENERAL_USER_ID)
)
COMMENT='一般利用者'
2023-08-30 21:50:30,640 [main] INFO  (DfSqlFileRunnerBase#traceSql():168) - 
CREATE TABLE `USER_ROLE_MAP` (
  `ID` INT (50) NOT NULL COMMENT 'ID' AUTO_INCREMENT,
  `STAFF_USER_ID` VARCHAR (255) COMMENT '職員ID',
  `GENERAL_USER_ID` VARCHAR (255) COMMENT '利用者ID',
  `ROLE_ID` INT (50) NOT NULL COMMENT '権限ID',
  `REMARKS` VARCHAR (255) DEFAULT NULL COMMENT '備考',
  `DELETE_FLG` CHAR (1) NOT NULL DEFAULT '0' COMMENT '削除フラグ',
  `VERSION` INT (50) DEFAULT '0' COMMENT 'バージョン',
  `CREATED` DATETIME DEFAULT CURRENT_TIMESTAMP ON UPDATE CURRENT_TIMESTAMP COMMENT '登録日時',
  `MODIFIED` DATETIME DEFAULT CURRENT_TIMESTAMP ON UPDATE CURRENT_TIMESTAMP COMMENT '更新日時',
  `MODIFIED_BY` VARCHAR (255) COMMENT '更新者',
  PRIMARY KEY(ID),
  UNIQUE KEY(STAFF_USER_ID,GENERAL_USER_ID,ROLE_ID),
  FOREIGN KEY (STAFF_USER_ID) REFERENCES STAFF_USER(STAFF_USER_ID),
  FOREIGN KEY (GENERAL_USER_ID) REFERENCES GENERAL_USER(GENERAL_USER_ID),
  FOREIGN KEY (ROLE_ID) REFERENCES ROLE(ID)
)
COMMENT='ユーザー権限マップ'
2023-08-30 21:50:30,660 [main] INFO  (DfSqlFileRunnerBase#traceSql():168) - 
CREATE TABLE `BOOK` (
  `ID` INT (50) NOT NULL COMMENT 'ID' AUTO_INCREMENT,
  `TITLE` VARCHAR (255) COMMENT 'タイトル',
  `AUTHOR` VARCHAR (255) COMMENT '著者',
  `ISBN_10` VARCHAR (255) COMMENT 'ISBN-10',
  `ISBN_13` VARCHAR (255) COMMENT 'ISBN-13',
  `PUBLISHER` VARCHAR (255) COMMENT '出版社',
  `GENRE` VARCHAR (255) COMMENT 'ジャンル',
  `SHELF_NUMBER` VARCHAR (255) COMMENT '棚番号',
  `CONTROL_NUMBER` VARCHAR (255) COMMENT '管理番号',
  `REMARKS` VARCHAR (255) DEFAULT NULL COMMENT '備考',
  `DELETE_FLG` CHAR (1) NOT NULL DEFAULT '0' COMMENT '削除フラグ',
  `VERSION` INT (50) DEFAULT '0' COMMENT 'バージョン',
  `CREATED` DATETIME DEFAULT CURRENT_TIMESTAMP ON UPDATE CURRENT_TIMESTAMP COMMENT '登録日時',
  `MODIFIED` DATETIME DEFAULT CURRENT_TIMESTAMP ON UPDATE CURRENT_TIMESTAMP COMMENT '更新日時',
  `MODIFIED_BY` VARCHAR (255) COMMENT '更新者',
  PRIMARY KEY(ID,CONTROL_NUMBER)
)
COMMENT='図書'
2023-08-30 21:50:30,676 [main] INFO  (DfSqlFileRunnerBase#traceResult():172) -  -> success=5 failure=0
2023-08-30 21:50:30,676 [main] INFO  (DfSqlFileFireMan#fire():93) - Create Schema: success=5, failure=0 (in 1 files)
2023-08-30 21:50:30,732 [main] INFO  (DfLoadDataProcess#execute():133) - 
2023-08-30 21:50:30,733 [main] INFO  (DfLoadDataProcess#execute():134) - * * * * * * * * * * *
2023-08-30 21:50:30,733 [main] INFO  (DfLoadDataProcess#execute():135) - *                   *
2023-08-30 21:50:30,733 [main] INFO  (DfLoadDataProcess#execute():136) - * Load Data         *
2023-08-30 21:50:30,734 [main] INFO  (DfLoadDataProcess#execute():137) - *                   *
2023-08-30 21:50:30,734 [main] INFO  (DfLoadDataProcess#execute():138) - * * * * * * * * * * *
2023-08-30 21:50:30,770 [main] INFO  (DfTakeFinallyProcess#takeFinally():244) - 
2023-08-30 21:50:30,771 [main] INFO  (DfTakeFinallyProcess#takeFinally():245) - * * * * * * * **
2023-08-30 21:50:30,771 [main] INFO  (DfTakeFinallyProcess#takeFinally():246) - *              *
2023-08-30 21:50:30,772 [main] INFO  (DfTakeFinallyProcess#takeFinally():247) - * Take Finally *
2023-08-30 21:50:30,772 [main] INFO  (DfTakeFinallyProcess#takeFinally():248) - *              *
2023-08-30 21:50:30,772 [main] INFO  (DfTakeFinallyProcess#takeFinally():249) - * * * * * * * **
2023-08-30 21:50:30,783 [main] INFO  (DfSqlFileFireMan#fire():68) - ...Firing: take-finally.sql
2023-08-30 21:50:30,792 [main] INFO  (DfSqlFileRunnerBase#traceResult():172) -  -> success=0 failure=0
2023-08-30 21:50:30,793 [main] INFO  (DfSqlFileFireMan#fire():93) - Take Finally: success=0, failure=0 (in 1 files)
2023-08-30 21:50:30,799 [main] INFO  (DfDataSourceHandler#destroy():120) - ...closeReally()
2023-08-30 21:50:30,820 [main] INFO  (DfDBFluteTaskUtil#logFinalMessage():139) - 
_/_/_/_/_/_/_/_/_/_/_/_/_/_/_/_/_/_/_/_/_/_/
[Final Message]: 00m02s067ms

  DBFLUTE_CLIENT: {jlibrary}
    database  = mysql (MySQL 5.5.5-10.4.28-MariaDB)
    language  = java
    container = spring
    package   = jp.co.jwebgate.jlibrary.dbflute

  DBFLUTE_ENVIRONMENT_TYPE: {}
    driver = com.mysql.jdbc.Driver
    url    = jdbc:mysql://localhost:3306/jlibrary
    schema = {jlibrary.$$NoNameSchema$$ as main}
    user   = root
    props  = {}
    additionalSchema = 
    repsEnvType      = ut
    refreshProject   = $$AutoDetect$$

 Create Schema: success=5, failure=0 (in 1 files) - 00m00s377ms
  (Initialize Schema) - 00m00s256ms
  (Create Schema) - 00m00s113ms
  o replace-schema.sql

 Load Data: *empty loading - 00m00s031ms
  - (no data file)

 Take Finally: success=0, failure=0 (in 1 files) - 00m00s028ms
  o take-finally.sql
_/_/_/_/_/_/_/_/_/_/ {ReplaceSchema}
2023-08-30 21:53:28,825 [main] INFO  (DfReplaceSchemaTask#begin():94) - +------------------------------------------+
2023-08-30 21:53:28,828 [main] INFO  (DfReplaceSchemaTask#begin():95) - |                                          |
2023-08-30 21:53:28,829 [main] INFO  (DfReplaceSchemaTask#begin():96) - |              ReplaceSchema               |
2023-08-30 21:53:28,837 [main] INFO  (DfReplaceSchemaTask#begin():104) - |                                          |
2023-08-30 21:53:28,838 [main] INFO  (DfReplaceSchemaTask#begin():105) - +------------------------------------------+
2023-08-30 21:53:28,839 [main] INFO  (DfReplaceSchemaTask#waitBeforeReps():423) - ...Waiting for your GO SIGN from stdin before ReplaceSchema:
2023-08-30 21:53:29,941 [main] INFO  (DfDataSourceHandler#prepare():78) - ...Preparing data source:
2023-08-30 21:53:29,941 [main] INFO  (DfDataSourceHandler#prepare():79) -   driver = com.mysql.jdbc.Driver
2023-08-30 21:53:29,942 [main] INFO  (DfDataSourceHandler#prepare():80) -   url    = jdbc:mysql://localhost:3306/jlibrary
2023-08-30 21:53:29,942 [main] INFO  (DfDataSourceHandler#prepare():81) -   user   = root
2023-08-30 21:53:29,955 [main] INFO  (DfDataSourceHandler#createConnection():166) - ...Connecting to database by data source:
2023-08-30 21:53:30,319 [main] INFO  (DfDataSourceHandler#setupConnectionMetaInfo():233) -   product = MySQL 5.5.5-10.4.28-MariaDB
2023-08-30 21:53:30,319 [main] INFO  (DfDataSourceHandler#setupConnectionMetaInfo():234) -   driver  = MySQL Connector Java mysql-connector-java-5.1.49 ( Revision: ad86f36e100e104cd926c6b81c8cab9565750116 ) for JDBC 4.0
2023-08-30 21:53:30,338 [main] INFO  (DfCreateSchemaProcess#initializeSchemaMainDrop():253) - 
2023-08-30 21:53:30,338 [main] INFO  (DfCreateSchemaProcess#initializeSchemaMainDrop():254) - * * * * * * * * * * *
2023-08-30 21:53:30,339 [main] INFO  (DfCreateSchemaProcess#initializeSchemaMainDrop():255) - *                   *
2023-08-30 21:53:30,339 [main] INFO  (DfCreateSchemaProcess#initializeSchemaMainDrop():256) - * Initialize Schema *
2023-08-30 21:53:30,340 [main] INFO  (DfCreateSchemaProcess#initializeSchemaMainDrop():257) - *                   *
2023-08-30 21:53:30,340 [main] INFO  (DfCreateSchemaProcess#initializeSchemaMainDrop():258) - * * * * * * * * * * *
2023-08-30 21:53:30,357 [main] INFO  (DfTableExtractor#doGetTableList():66) - ...Getting tables:
2023-08-30 21:53:30,358 [main] INFO  (DfTableExtractor#doGetTableList():67) -   schema = {jlibrary.$$NoNameSchema$$ as main}
2023-08-30 21:53:30,358 [main] INFO  (DfTableExtractor#doGetTableList():68) -   types  = [TABLE, VIEW]
2023-08-30 21:53:30,400 [main] INFO  (DfSchemaInitializerJdbc#logReplaceSql():614) - truncate table BOOK
2023-08-30 21:53:30,434 [main] INFO  (DfSchemaInitializerJdbc#logReplaceSql():614) - truncate table USER_ROLE_MAP
2023-08-30 21:53:30,458 [main] INFO  (DfSchemaInitializerJdbc#logReplaceSql():614) - alter table USER_ROLE_MAP drop foreign key user_role_map_ibfk_2
2023-08-30 21:53:30,472 [main] INFO  (DfSchemaInitializerJdbc#logReplaceSql():614) - alter table USER_ROLE_MAP drop foreign key user_role_map_ibfk_3
2023-08-30 21:53:30,483 [main] INFO  (DfSchemaInitializerJdbc#logReplaceSql():614) - alter table USER_ROLE_MAP drop foreign key user_role_map_ibfk_1
2023-08-30 21:53:30,496 [main] INFO  (DfSchemaInitializerJdbc#logReplaceSql():614) - drop table BOOK
2023-08-30 21:53:30,502 [main] INFO  (DfSchemaInitializerJdbc#logReplaceSql():614) - drop table GENERAL_USER
2023-08-30 21:53:30,507 [main] INFO  (DfSchemaInitializerJdbc#logReplaceSql():614) - drop table ROLE
2023-08-30 21:53:30,514 [main] INFO  (DfSchemaInitializerJdbc#logReplaceSql():614) - drop table STAFF_USER
2023-08-30 21:53:30,519 [main] INFO  (DfSchemaInitializerJdbc#logReplaceSql():614) - drop table USER_ROLE_MAP
2023-08-30 21:53:30,548 [main] INFO  (DfCreateSchemaProcess#createSchema():293) - 
2023-08-30 21:53:30,548 [main] INFO  (DfCreateSchemaProcess#createSchema():294) - * * * * * * * * *
2023-08-30 21:53:30,548 [main] INFO  (DfCreateSchemaProcess#createSchema():295) - *               *
2023-08-30 21:53:30,549 [main] INFO  (DfCreateSchemaProcess#createSchema():296) - * Create Schema *
2023-08-30 21:53:30,549 [main] INFO  (DfCreateSchemaProcess#createSchema():297) - *               *
2023-08-30 21:53:30,549 [main] INFO  (DfCreateSchemaProcess#createSchema():298) - * * * * * * * * *
2023-08-30 21:53:30,554 [main] INFO  (DfSqlFileFireMan#fire():68) - ...Firing: replace-schema.sql
2023-08-30 21:53:30,561 [main] INFO  (DfSqlFileRunnerBase#traceSql():168) - 
CREATE TABLE `ROLE` (
  `ID` INT (50) NOT NULL COMMENT 'ID' AUTO_INCREMENT,
  `CD` VARCHAR (255) NOT NULL COMMENT 'コード',
  `NAME` VARCHAR (255) NOT NULL COMMENT '名称',
  `REMARKS` VARCHAR (255) DEFAULT NULL COMMENT '備考',
  `DELETE_FLG` CHAR (1) NOT NULL DEFAULT '0' COMMENT '削除フラグ',
  `VERSION` INT (50) NOT NULL DEFAULT '0' COMMENT 'バージョン',
  `CREATED` DATETIME NOT NULL DEFAULT CURRENT_TIMESTAMP ON UPDATE CURRENT_TIMESTAMP COMMENT '登録日時',
  `MODIFIED` DATETIME NOT NULL DEFAULT CURRENT_TIMESTAMP ON UPDATE CURRENT_TIMESTAMP COMMENT '更新日時',
  `MODIFIED_BY` VARCHAR (255) NOT NULL COMMENT '更新者',
  PRIMARY KEY(ID)
)
COMMENT='権限'
2023-08-30 21:53:30,578 [main] INFO  (DfSqlFileRunnerBase#traceSql():168) - 
CREATE TABLE `STAFF_USER` (
  `ID` INT (50) NOT NULL COMMENT 'ID' AUTO_INCREMENT,
  `STAFF_USER_ID` VARCHAR (10) NOT NULL COMMENT '職員ID',
  `PASSWORD` VARCHAR (255) NOT NULL COMMENT 'パスワード',
  `NAME_KANA` VARCHAR (50) NOT NULL COMMENT '氏名カナ',
  `NAME` VARCHAR (25) COMMENT '氏名',
  `EMAIL` VARCHAR (255) COMMENT 'メールアドレス',
  `REMARKS` VARCHAR (255) DEFAULT NULL COMMENT '備考',
  `DELETE_FLG` CHAR (1) NOT NULL DEFAULT '0' COMMENT '削除フラグ',
  `VERSION` INT (50) DEFAULT '0' COMMENT 'バージョン',
  `CREATED` DATETIME DEFAULT CURRENT_TIMESTAMP ON UPDATE CURRENT_TIMESTAMP COMMENT '登録日時',
  `MODIFIED` DATETIME DEFAULT CURRENT_TIMESTAMP ON UPDATE CURRENT_TIMESTAMP COMMENT '更新日時',
  `MODIFIED_BY` VARCHAR (255) COMMENT '更新者',
  PRIMARY KEY(ID,STAFF_USER_ID),
  UNIQUE KEY(STAFF_USER_ID)
)
COMMENT='職員'
2023-08-30 21:53:30,599 [main] INFO  (DfSqlFileRunnerBase#traceSql():168) - 
CREATE TABLE `GENERAL_USER` (
  `ID` INT (50) NOT NULL COMMENT 'ID' AUTO_INCREMENT,
  `GENERAL_USER_ID` VARCHAR (10) NOT NULL COMMENT '利用者ID',
  `PASSWORD` VARCHAR (255) NOT NULL COMMENT 'パスワード',
  `NAME_KANA` VARCHAR (50) NOT NULL COMMENT 'フリガナ',
  `NAME` VARCHAR (25) COMMENT '氏名',
  `BIRTHDAY` DATE COMMENT '生年月日',
  `PHONE_NUMBER` VARCHAR (11) COMMENT '電話番号',
  `ADDRESS` VARCHAR (100) COMMENT '住所',
  `REMARKS` VARCHAR (255) DEFAULT NULL COMMENT '備考',
  `DELETE_FLG` CHAR (1) NOT NULL DEFAULT '0' COMMENT '削除フラグ',
  `VERSION` INT (50) NOT NULL DEFAULT '0' COMMENT 'バージョン',
  `CREATED` DATETIME DEFAULT CURRENT_TIMESTAMP ON UPDATE CURRENT_TIMESTAMP COMMENT '登録日時',
  `MODIFIED` DATETIME DEFAULT CURRENT_TIMESTAMP ON UPDATE CURRENT_TIMESTAMP COMMENT '更新日時',
  `MODIFIED_BY` VARCHAR (255) COMMENT '更新者',
  PRIMARY KEY(ID,GENERAL_USER_ID),
  UNIQUE KEY(GENERAL_USER_ID)
)
COMMENT='一般利用者'
2023-08-30 21:53:30,619 [main] INFO  (DfSqlFileRunnerBase#traceSql():168) - 
CREATE TABLE `USER_ROLE_MAP` (
  `ID` INT (50) NOT NULL COMMENT 'ID' AUTO_INCREMENT,
  `STAFF_USER_ID` VARCHAR (255) COMMENT '職員ID',
  `GENERAL_USER_ID` VARCHAR (255) COMMENT '利用者ID',
  `ROLE_ID` INT (50) NOT NULL COMMENT '権限ID',
  `REMARKS` VARCHAR (255) DEFAULT NULL COMMENT '備考',
  `DELETE_FLG` CHAR (1) NOT NULL DEFAULT '0' COMMENT '削除フラグ',
  `VERSION` INT (50) DEFAULT '0' COMMENT 'バージョン',
  `CREATED` DATETIME DEFAULT CURRENT_TIMESTAMP ON UPDATE CURRENT_TIMESTAMP COMMENT '登録日時',
  `MODIFIED` DATETIME DEFAULT CURRENT_TIMESTAMP ON UPDATE CURRENT_TIMESTAMP COMMENT '更新日時',
  `MODIFIED_BY` VARCHAR (255) COMMENT '更新者',
  PRIMARY KEY(ID),
  UNIQUE KEY(STAFF_USER_ID,GENERAL_USER_ID,ROLE_ID),
  FOREIGN KEY (STAFF_USER_ID) REFERENCES STAFF_USER(STAFF_USER_ID),
  FOREIGN KEY (GENERAL_USER_ID) REFERENCES GENERAL_USER(GENERAL_USER_ID),
  FOREIGN KEY (ROLE_ID) REFERENCES ROLE(ID)
)
COMMENT='ユーザー権限マップ'
2023-08-30 21:53:30,638 [main] INFO  (DfSqlFileRunnerBase#traceSql():168) - 
CREATE TABLE `BOOK` (
  `ID` INT (50) NOT NULL COMMENT 'ID' AUTO_INCREMENT,
  `TITLE` VARCHAR (255) COMMENT 'タイトル',
  `AUTHOR` VARCHAR (255) COMMENT '著者',
  `ISBN_10` VARCHAR (255) COMMENT 'ISBN-10',
  `ISBN_13` VARCHAR (255) COMMENT 'ISBN-13',
  `PUBLISHER` VARCHAR (255) COMMENT '出版社',
  `GENRE` VARCHAR (255) COMMENT 'ジャンル',
  `SHELF_NUMBER` VARCHAR (255) COMMENT '棚番号',
  `CONTROL_NUMBER` VARCHAR (255) COMMENT '管理番号',
  `REMARKS` VARCHAR (255) DEFAULT NULL COMMENT '備考',
  `DELETE_FLG` CHAR (1) NOT NULL DEFAULT '0' COMMENT '削除フラグ',
  `VERSION` INT (50) DEFAULT '0' COMMENT 'バージョン',
  `CREATED` DATETIME DEFAULT CURRENT_TIMESTAMP ON UPDATE CURRENT_TIMESTAMP COMMENT '登録日時',
  `MODIFIED` DATETIME DEFAULT CURRENT_TIMESTAMP ON UPDATE CURRENT_TIMESTAMP COMMENT '更新日時',
  `MODIFIED_BY` VARCHAR (255) COMMENT '更新者',
  PRIMARY KEY(ID,CONTROL_NUMBER)
)
COMMENT='図書'
2023-08-30 21:53:30,653 [main] INFO  (DfSqlFileRunnerBase#traceResult():172) -  -> success=5 failure=0
2023-08-30 21:53:30,654 [main] INFO  (DfSqlFileFireMan#fire():93) - Create Schema: success=5, failure=0 (in 1 files)
2023-08-30 21:53:30,704 [main] INFO  (DfLoadDataProcess#execute():133) - 
2023-08-30 21:53:30,704 [main] INFO  (DfLoadDataProcess#execute():134) - * * * * * * * * * * *
2023-08-30 21:53:30,705 [main] INFO  (DfLoadDataProcess#execute():135) - *                   *
2023-08-30 21:53:30,705 [main] INFO  (DfLoadDataProcess#execute():136) - * Load Data         *
2023-08-30 21:53:30,705 [main] INFO  (DfLoadDataProcess#execute():137) - *                   *
2023-08-30 21:53:30,705 [main] INFO  (DfLoadDataProcess#execute():138) - * * * * * * * * * * *
2023-08-30 21:53:30,739 [main] INFO  (DfTakeFinallyProcess#takeFinally():244) - 
2023-08-30 21:53:30,739 [main] INFO  (DfTakeFinallyProcess#takeFinally():245) - * * * * * * * **
2023-08-30 21:53:30,740 [main] INFO  (DfTakeFinallyProcess#takeFinally():246) - *              *
2023-08-30 21:53:30,740 [main] INFO  (DfTakeFinallyProcess#takeFinally():247) - * Take Finally *
2023-08-30 21:53:30,740 [main] INFO  (DfTakeFinallyProcess#takeFinally():248) - *              *
2023-08-30 21:53:30,740 [main] INFO  (DfTakeFinallyProcess#takeFinally():249) - * * * * * * * **
2023-08-30 21:53:30,751 [main] INFO  (DfSqlFileFireMan#fire():68) - ...Firing: take-finally.sql
2023-08-30 21:53:30,753 [main] INFO  (DfSqlFileRunnerBase#traceResult():172) -  -> success=0 failure=0
2023-08-30 21:53:30,753 [main] INFO  (DfSqlFileFireMan#fire():93) - Take Finally: success=0, failure=0 (in 1 files)
2023-08-30 21:53:30,755 [main] INFO  (DfDataSourceHandler#destroy():120) - ...closeReally()
2023-08-30 21:53:30,768 [main] INFO  (DfDBFluteTaskUtil#logFinalMessage():139) - 
_/_/_/_/_/_/_/_/_/_/_/_/_/_/_/_/_/_/_/_/_/_/
[Final Message]: 00m01s964ms

  DBFLUTE_CLIENT: {jlibrary}
    database  = mysql (MySQL 5.5.5-10.4.28-MariaDB)
    language  = java
    container = spring
    package   = jp.co.jwebgate.jlibrary.dbflute

  DBFLUTE_ENVIRONMENT_TYPE: {}
    driver = com.mysql.jdbc.Driver
    url    = jdbc:mysql://localhost:3306/jlibrary
    schema = {jlibrary.$$NoNameSchema$$ as main}
    user   = root
    props  = {}
    additionalSchema = 
    repsEnvType      = ut
    refreshProject   = $$AutoDetect$$

 Create Schema: success=5, failure=0 (in 1 files) - 00m00s320ms
  (Initialize Schema) - 00m00s208ms
  (Create Schema) - 00m00s104ms
  o replace-schema.sql

 Load Data: *empty loading - 00m00s030ms
  - (no data file)

 Take Finally: success=0, failure=0 (in 1 files) - 00m00s016ms
  o take-finally.sql
_/_/_/_/_/_/_/_/_/_/ {ReplaceSchema}
2023-08-30 21:55:00,211 [main] INFO  (DfReplaceSchemaTask#begin():94) - +------------------------------------------+
2023-08-30 21:55:00,214 [main] INFO  (DfReplaceSchemaTask#begin():95) - |                                          |
2023-08-30 21:55:00,215 [main] INFO  (DfReplaceSchemaTask#begin():96) - |              ReplaceSchema               |
2023-08-30 21:55:00,226 [main] INFO  (DfReplaceSchemaTask#begin():104) - |                                          |
2023-08-30 21:55:00,228 [main] INFO  (DfReplaceSchemaTask#begin():105) - +------------------------------------------+
2023-08-30 21:55:00,231 [main] INFO  (DfReplaceSchemaTask#waitBeforeReps():423) - ...Waiting for your GO SIGN from stdin before ReplaceSchema:
2023-08-30 21:55:01,215 [main] INFO  (DfDataSourceHandler#prepare():78) - ...Preparing data source:
2023-08-30 21:55:01,216 [main] INFO  (DfDataSourceHandler#prepare():79) -   driver = com.mysql.jdbc.Driver
2023-08-30 21:55:01,216 [main] INFO  (DfDataSourceHandler#prepare():80) -   url    = jdbc:mysql://localhost:3306/jlibrary
2023-08-30 21:55:01,216 [main] INFO  (DfDataSourceHandler#prepare():81) -   user   = root
2023-08-30 21:55:01,230 [main] INFO  (DfDataSourceHandler#createConnection():166) - ...Connecting to database by data source:
2023-08-30 21:55:01,584 [main] INFO  (DfDataSourceHandler#setupConnectionMetaInfo():233) -   product = MySQL 5.5.5-10.4.28-MariaDB
2023-08-30 21:55:01,585 [main] INFO  (DfDataSourceHandler#setupConnectionMetaInfo():234) -   driver  = MySQL Connector Java mysql-connector-java-5.1.49 ( Revision: ad86f36e100e104cd926c6b81c8cab9565750116 ) for JDBC 4.0
2023-08-30 21:55:01,603 [main] INFO  (DfCreateSchemaProcess#initializeSchemaMainDrop():253) - 
2023-08-30 21:55:01,604 [main] INFO  (DfCreateSchemaProcess#initializeSchemaMainDrop():254) - * * * * * * * * * * *
2023-08-30 21:55:01,604 [main] INFO  (DfCreateSchemaProcess#initializeSchemaMainDrop():255) - *                   *
2023-08-30 21:55:01,604 [main] INFO  (DfCreateSchemaProcess#initializeSchemaMainDrop():256) - * Initialize Schema *
2023-08-30 21:55:01,605 [main] INFO  (DfCreateSchemaProcess#initializeSchemaMainDrop():257) - *                   *
2023-08-30 21:55:01,605 [main] INFO  (DfCreateSchemaProcess#initializeSchemaMainDrop():258) - * * * * * * * * * * *
2023-08-30 21:55:01,619 [main] INFO  (DfTableExtractor#doGetTableList():66) - ...Getting tables:
2023-08-30 21:55:01,620 [main] INFO  (DfTableExtractor#doGetTableList():67) -   schema = {jlibrary.$$NoNameSchema$$ as main}
2023-08-30 21:55:01,620 [main] INFO  (DfTableExtractor#doGetTableList():68) -   types  = [TABLE, VIEW]
2023-08-30 21:55:01,665 [main] INFO  (DfSchemaInitializerJdbc#logReplaceSql():614) - truncate table BOOK
2023-08-30 21:55:01,704 [main] INFO  (DfSchemaInitializerJdbc#logReplaceSql():614) - truncate table USER_ROLE_MAP
2023-08-30 21:55:01,727 [main] INFO  (DfSchemaInitializerJdbc#logReplaceSql():614) - alter table USER_ROLE_MAP drop foreign key user_role_map_ibfk_2
2023-08-30 21:55:01,744 [main] INFO  (DfSchemaInitializerJdbc#logReplaceSql():614) - alter table USER_ROLE_MAP drop foreign key user_role_map_ibfk_3
2023-08-30 21:55:01,756 [main] INFO  (DfSchemaInitializerJdbc#logReplaceSql():614) - alter table USER_ROLE_MAP drop foreign key user_role_map_ibfk_1
2023-08-30 21:55:01,768 [main] INFO  (DfSchemaInitializerJdbc#logReplaceSql():614) - drop table BOOK
2023-08-30 21:55:01,775 [main] INFO  (DfSchemaInitializerJdbc#logReplaceSql():614) - drop table GENERAL_USER
2023-08-30 21:55:01,779 [main] INFO  (DfSchemaInitializerJdbc#logReplaceSql():614) - drop table ROLE
2023-08-30 21:55:01,787 [main] INFO  (DfSchemaInitializerJdbc#logReplaceSql():614) - drop table STAFF_USER
2023-08-30 21:55:01,795 [main] INFO  (DfSchemaInitializerJdbc#logReplaceSql():614) - drop table USER_ROLE_MAP
2023-08-30 21:55:01,825 [main] INFO  (DfCreateSchemaProcess#createSchema():293) - 
2023-08-30 21:55:01,825 [main] INFO  (DfCreateSchemaProcess#createSchema():294) - * * * * * * * * *
2023-08-30 21:55:01,826 [main] INFO  (DfCreateSchemaProcess#createSchema():295) - *               *
2023-08-30 21:55:01,826 [main] INFO  (DfCreateSchemaProcess#createSchema():296) - * Create Schema *
2023-08-30 21:55:01,826 [main] INFO  (DfCreateSchemaProcess#createSchema():297) - *               *
2023-08-30 21:55:01,827 [main] INFO  (DfCreateSchemaProcess#createSchema():298) - * * * * * * * * *
2023-08-30 21:55:01,832 [main] INFO  (DfSqlFileFireMan#fire():68) - ...Firing: replace-schema.sql
2023-08-30 21:55:01,837 [main] INFO  (DfSqlFileRunnerBase#traceSql():168) - 
CREATE TABLE `ROLE` (
  `ID` INT (50) NOT NULL COMMENT 'ID' AUTO_INCREMENT,
  `CD` VARCHAR (255) NOT NULL COMMENT 'コード',
  `NAME` VARCHAR (255) NOT NULL COMMENT '名称',
  `REMARKS` VARCHAR (255) DEFAULT NULL COMMENT '備考',
  `DELETE_FLG` CHAR (1) NOT NULL DEFAULT '0' COMMENT '削除フラグ',
  `VERSION` INT (50) NOT NULL DEFAULT '0' COMMENT 'バージョン',
  `CREATED` DATETIME NOT NULL DEFAULT CURRENT_TIMESTAMP ON UPDATE CURRENT_TIMESTAMP COMMENT '登録日時',
  `MODIFIED` DATETIME NOT NULL DEFAULT CURRENT_TIMESTAMP ON UPDATE CURRENT_TIMESTAMP COMMENT '更新日時',
  `MODIFIED_BY` VARCHAR (255) NOT NULL COMMENT '更新者',
  PRIMARY KEY(ID)
)
COMMENT='権限'
2023-08-30 21:55:01,856 [main] INFO  (DfSqlFileRunnerBase#traceSql():168) - 
CREATE TABLE `STAFF_USER` (
  `ID` INT (50) NOT NULL COMMENT 'ID' AUTO_INCREMENT,
  `STAFF_USER_ID` VARCHAR (10) NOT NULL COMMENT '職員ID',
  `PASSWORD` VARCHAR (255) NOT NULL COMMENT 'パスワード',
  `NAME_KANA` VARCHAR (50) NOT NULL COMMENT '氏名カナ',
  `NAME` VARCHAR (25) COMMENT '氏名',
  `EMAIL` VARCHAR (255) COMMENT 'メールアドレス',
  `REMARKS` VARCHAR (255) DEFAULT NULL COMMENT '備考',
  `DELETE_FLG` CHAR (1) NOT NULL DEFAULT '0' COMMENT '削除フラグ',
  `VERSION` INT (50) DEFAULT '0' COMMENT 'バージョン',
  `CREATED` DATETIME DEFAULT CURRENT_TIMESTAMP ON UPDATE CURRENT_TIMESTAMP COMMENT '登録日時',
  `MODIFIED` DATETIME DEFAULT CURRENT_TIMESTAMP ON UPDATE CURRENT_TIMESTAMP COMMENT '更新日時',
  `MODIFIED_BY` VARCHAR (255) COMMENT '更新者',
  PRIMARY KEY(ID,STAFF_USER_ID),
  UNIQUE KEY(STAFF_USER_ID)
)
COMMENT='職員'
2023-08-30 21:55:01,871 [main] INFO  (DfSqlFileRunnerBase#traceSql():168) - 
CREATE TABLE `GENERAL_USER` (
  `ID` INT (50) NOT NULL COMMENT 'ID' AUTO_INCREMENT,
  `GENERAL_USER_ID` VARCHAR (10) NOT NULL COMMENT '利用者ID',
  `PASSWORD` VARCHAR (255) NOT NULL COMMENT 'パスワード',
  `NAME_KANA` VARCHAR (50) NOT NULL COMMENT 'フリガナ',
  `NAME` VARCHAR (25) COMMENT '氏名',
  `BIRTHDAY` DATE COMMENT '生年月日',
  `PHONE_NUMBER` VARCHAR (11) COMMENT '電話番号',
  `ADDRESS` VARCHAR (100) COMMENT '住所',
  `REMARKS` VARCHAR (255) DEFAULT NULL COMMENT '備考',
  `DELETE_FLG` CHAR (1) NOT NULL DEFAULT '0' COMMENT '削除フラグ',
  `VERSION` INT (50) NOT NULL DEFAULT '0' COMMENT 'バージョン',
  `CREATED` DATETIME DEFAULT CURRENT_TIMESTAMP ON UPDATE CURRENT_TIMESTAMP COMMENT '登録日時',
  `MODIFIED` DATETIME DEFAULT CURRENT_TIMESTAMP ON UPDATE CURRENT_TIMESTAMP COMMENT '更新日時',
  `MODIFIED_BY` VARCHAR (255) COMMENT '更新者',
  PRIMARY KEY(ID,GENERAL_USER_ID),
  UNIQUE KEY(GENERAL_USER_ID)
)
COMMENT='一般利用者'
2023-08-30 21:55:01,888 [main] INFO  (DfSqlFileRunnerBase#traceSql():168) - 
CREATE TABLE `USER_ROLE_MAP` (
  `ID` INT (50) NOT NULL COMMENT 'ID' AUTO_INCREMENT,
  `STAFF_USER_ID` VARCHAR (255) COMMENT '職員ID',
  `GENERAL_USER_ID` VARCHAR (255) COMMENT '利用者ID',
  `ROLE_ID` INT (50) NOT NULL COMMENT '権限ID',
  `REMARKS` VARCHAR (255) DEFAULT NULL COMMENT '備考',
  `DELETE_FLG` CHAR (1) NOT NULL DEFAULT '0' COMMENT '削除フラグ',
  `VERSION` INT (50) DEFAULT '0' COMMENT 'バージョン',
  `CREATED` DATETIME DEFAULT CURRENT_TIMESTAMP ON UPDATE CURRENT_TIMESTAMP COMMENT '登録日時',
  `MODIFIED` DATETIME DEFAULT CURRENT_TIMESTAMP ON UPDATE CURRENT_TIMESTAMP COMMENT '更新日時',
  `MODIFIED_BY` VARCHAR (255) COMMENT '更新者',
  PRIMARY KEY(ID),
  UNIQUE KEY(STAFF_USER_ID,GENERAL_USER_ID,ROLE_ID),
  FOREIGN KEY (STAFF_USER_ID) REFERENCES STAFF_USER(STAFF_USER_ID),
  FOREIGN KEY (GENERAL_USER_ID) REFERENCES GENERAL_USER(GENERAL_USER_ID),
  FOREIGN KEY (ROLE_ID) REFERENCES ROLE(ID)
)
COMMENT='ユーザー権限マップ'
2023-08-30 21:55:01,909 [main] INFO  (DfSqlFileRunnerBase#traceSql():168) - 
CREATE TABLE `BOOK` (
  `ID` INT (50) NOT NULL COMMENT 'ID' AUTO_INCREMENT,
  `TITLE` VARCHAR (255) COMMENT 'タイトル',
  `AUTHOR` VARCHAR (255) COMMENT '著者',
  `ISBN_10` VARCHAR (255) COMMENT 'ISBN-10',
  `ISBN_13` VARCHAR (255) COMMENT 'ISBN-13',
  `PUBLISHER` VARCHAR (255) COMMENT '出版社',
  `GENRE` VARCHAR (255) COMMENT 'ジャンル',
  `SHELF_NUMBER` VARCHAR (255) COMMENT '棚番号',
  `CONTROL_NUMBER` VARCHAR (255) COMMENT '管理番号',
  `REMARKS` VARCHAR (255) DEFAULT NULL COMMENT '備考',
  `DELETE_FLG` CHAR (1) NOT NULL DEFAULT '0' COMMENT '削除フラグ',
  `VERSION` INT (50) DEFAULT '0' COMMENT 'バージョン',
  `CREATED` DATETIME DEFAULT CURRENT_TIMESTAMP ON UPDATE CURRENT_TIMESTAMP COMMENT '登録日時',
  `MODIFIED` DATETIME DEFAULT CURRENT_TIMESTAMP ON UPDATE CURRENT_TIMESTAMP COMMENT '更新日時',
  `MODIFIED_BY` VARCHAR (255) COMMENT '更新者',
  PRIMARY KEY(ID,CONTROL_NUMBER)
)
COMMENT='図書'
2023-08-30 21:55:01,930 [main] INFO  (DfSqlFileRunnerBase#traceResult():172) -  -> success=5 failure=0
2023-08-30 21:55:01,930 [main] INFO  (DfSqlFileFireMan#fire():93) - Create Schema: success=5, failure=0 (in 1 files)
2023-08-30 21:55:01,990 [main] INFO  (DfLoadDataProcess#execute():133) - 
2023-08-30 21:55:01,991 [main] INFO  (DfLoadDataProcess#execute():134) - * * * * * * * * * * *
2023-08-30 21:55:01,991 [main] INFO  (DfLoadDataProcess#execute():135) - *                   *
2023-08-30 21:55:01,992 [main] INFO  (DfLoadDataProcess#execute():136) - * Load Data         *
2023-08-30 21:55:01,992 [main] INFO  (DfLoadDataProcess#execute():137) - *                   *
2023-08-30 21:55:01,992 [main] INFO  (DfLoadDataProcess#execute():138) - * * * * * * * * * * *
2023-08-30 21:55:02,027 [main] WARN  (DfDelimiterDataHandlerImpl#writeSeveralData():96) - The encoding(directory name) is unsupported: encoding=ROLE.csv
2023-08-30 21:55:02,033 [main] INFO  (DfTakeFinallyProcess#takeFinally():244) - 
2023-08-30 21:55:02,034 [main] INFO  (DfTakeFinallyProcess#takeFinally():245) - * * * * * * * **
2023-08-30 21:55:02,034 [main] INFO  (DfTakeFinallyProcess#takeFinally():246) - *              *
2023-08-30 21:55:02,035 [main] INFO  (DfTakeFinallyProcess#takeFinally():247) - * Take Finally *
2023-08-30 21:55:02,035 [main] INFO  (DfTakeFinallyProcess#takeFinally():248) - *              *
2023-08-30 21:55:02,035 [main] INFO  (DfTakeFinallyProcess#takeFinally():249) - * * * * * * * **
2023-08-30 21:55:02,047 [main] INFO  (DfSqlFileFireMan#fire():68) - ...Firing: take-finally.sql
2023-08-30 21:55:02,049 [main] INFO  (DfSqlFileRunnerBase#traceResult():172) -  -> success=0 failure=0
2023-08-30 21:55:02,049 [main] INFO  (DfSqlFileFireMan#fire():93) - Take Finally: success=0, failure=0 (in 1 files)
2023-08-30 21:55:02,052 [main] INFO  (DfDataSourceHandler#destroy():120) - ...closeReally()
2023-08-30 21:55:02,068 [main] INFO  (DfDBFluteTaskUtil#logFinalMessage():139) - 
_/_/_/_/_/_/_/_/_/_/_/_/_/_/_/_/_/_/_/_/_/_/
[Final Message]: 00m01s883ms

  DBFLUTE_CLIENT: {jlibrary}
    database  = mysql (MySQL 5.5.5-10.4.28-MariaDB)
    language  = java
    container = spring
    package   = jp.co.jwebgate.jlibrary.dbflute

  DBFLUTE_ENVIRONMENT_TYPE: {}
    driver = com.mysql.jdbc.Driver
    url    = jdbc:mysql://localhost:3306/jlibrary
    schema = {jlibrary.$$NoNameSchema$$ as main}
    user   = root
    props  = {}
    additionalSchema = 
    repsEnvType      = ut
    refreshProject   = $$AutoDetect$$

 Create Schema: success=5, failure=0 (in 1 files) - 00m00s332ms
  (Initialize Schema) - 00m00s221ms
  (Create Schema) - 00m00s104ms
  o replace-schema.sql

 Load Data: *empty loading - 00m00s036ms
  - (no data file)

 Take Finally: success=0, failure=0 (in 1 files) - 00m00s018ms
  o take-finally.sql
_/_/_/_/_/_/_/_/_/_/ {ReplaceSchema}
2023-08-30 21:56:48,102 [main] INFO  (DfReplaceSchemaTask#begin():94) - +------------------------------------------+
2023-08-30 21:56:48,104 [main] INFO  (DfReplaceSchemaTask#begin():95) - |                                          |
2023-08-30 21:56:48,104 [main] INFO  (DfReplaceSchemaTask#begin():96) - |              ReplaceSchema               |
2023-08-30 21:56:48,111 [main] INFO  (DfReplaceSchemaTask#begin():104) - |                                          |
2023-08-30 21:56:48,112 [main] INFO  (DfReplaceSchemaTask#begin():105) - +------------------------------------------+
2023-08-30 21:56:48,113 [main] INFO  (DfReplaceSchemaTask#waitBeforeReps():423) - ...Waiting for your GO SIGN from stdin before ReplaceSchema:
2023-08-30 21:56:48,949 [main] INFO  (DfDataSourceHandler#prepare():78) - ...Preparing data source:
2023-08-30 21:56:48,950 [main] INFO  (DfDataSourceHandler#prepare():79) -   driver = com.mysql.jdbc.Driver
2023-08-30 21:56:48,950 [main] INFO  (DfDataSourceHandler#prepare():80) -   url    = jdbc:mysql://localhost:3306/jlibrary
2023-08-30 21:56:48,950 [main] INFO  (DfDataSourceHandler#prepare():81) -   user   = root
2023-08-30 21:56:48,960 [main] INFO  (DfDataSourceHandler#createConnection():166) - ...Connecting to database by data source:
2023-08-30 21:56:49,289 [main] INFO  (DfDataSourceHandler#setupConnectionMetaInfo():233) -   product = MySQL 5.5.5-10.4.28-MariaDB
2023-08-30 21:56:49,290 [main] INFO  (DfDataSourceHandler#setupConnectionMetaInfo():234) -   driver  = MySQL Connector Java mysql-connector-java-5.1.49 ( Revision: ad86f36e100e104cd926c6b81c8cab9565750116 ) for JDBC 4.0
2023-08-30 21:56:49,304 [main] INFO  (DfCreateSchemaProcess#initializeSchemaMainDrop():253) - 
2023-08-30 21:56:49,304 [main] INFO  (DfCreateSchemaProcess#initializeSchemaMainDrop():254) - * * * * * * * * * * *
2023-08-30 21:56:49,304 [main] INFO  (DfCreateSchemaProcess#initializeSchemaMainDrop():255) - *                   *
2023-08-30 21:56:49,305 [main] INFO  (DfCreateSchemaProcess#initializeSchemaMainDrop():256) - * Initialize Schema *
2023-08-30 21:56:49,305 [main] INFO  (DfCreateSchemaProcess#initializeSchemaMainDrop():257) - *                   *
2023-08-30 21:56:49,305 [main] INFO  (DfCreateSchemaProcess#initializeSchemaMainDrop():258) - * * * * * * * * * * *
2023-08-30 21:56:49,315 [main] INFO  (DfTableExtractor#doGetTableList():66) - ...Getting tables:
2023-08-30 21:56:49,316 [main] INFO  (DfTableExtractor#doGetTableList():67) -   schema = {jlibrary.$$NoNameSchema$$ as main}
2023-08-30 21:56:49,316 [main] INFO  (DfTableExtractor#doGetTableList():68) -   types  = [TABLE, VIEW]
2023-08-30 21:56:49,339 [main] INFO  (DfSchemaInitializerJdbc#logReplaceSql():614) - truncate table BOOK
2023-08-30 21:56:49,366 [main] INFO  (DfSchemaInitializerJdbc#logReplaceSql():614) - truncate table USER_ROLE_MAP
2023-08-30 21:56:49,392 [main] INFO  (DfSchemaInitializerJdbc#logReplaceSql():614) - alter table USER_ROLE_MAP drop foreign key user_role_map_ibfk_2
2023-08-30 21:56:49,407 [main] INFO  (DfSchemaInitializerJdbc#logReplaceSql():614) - alter table USER_ROLE_MAP drop foreign key user_role_map_ibfk_3
2023-08-30 21:56:49,416 [main] INFO  (DfSchemaInitializerJdbc#logReplaceSql():614) - alter table USER_ROLE_MAP drop foreign key user_role_map_ibfk_1
2023-08-30 21:56:49,427 [main] INFO  (DfSchemaInitializerJdbc#logReplaceSql():614) - drop table BOOK
2023-08-30 21:56:49,433 [main] INFO  (DfSchemaInitializerJdbc#logReplaceSql():614) - drop table GENERAL_USER
2023-08-30 21:56:49,437 [main] INFO  (DfSchemaInitializerJdbc#logReplaceSql():614) - drop table ROLE
2023-08-30 21:56:49,441 [main] INFO  (DfSchemaInitializerJdbc#logReplaceSql():614) - drop table STAFF_USER
2023-08-30 21:56:49,445 [main] INFO  (DfSchemaInitializerJdbc#logReplaceSql():614) - drop table USER_ROLE_MAP
2023-08-30 21:56:49,471 [main] INFO  (DfCreateSchemaProcess#createSchema():293) - 
2023-08-30 21:56:49,472 [main] INFO  (DfCreateSchemaProcess#createSchema():294) - * * * * * * * * *
2023-08-30 21:56:49,472 [main] INFO  (DfCreateSchemaProcess#createSchema():295) - *               *
2023-08-30 21:56:49,473 [main] INFO  (DfCreateSchemaProcess#createSchema():296) - * Create Schema *
2023-08-30 21:56:49,473 [main] INFO  (DfCreateSchemaProcess#createSchema():297) - *               *
2023-08-30 21:56:49,473 [main] INFO  (DfCreateSchemaProcess#createSchema():298) - * * * * * * * * *
2023-08-30 21:56:49,477 [main] INFO  (DfSqlFileFireMan#fire():68) - ...Firing: replace-schema.sql
2023-08-30 21:56:49,485 [main] INFO  (DfSqlFileRunnerBase#traceSql():168) - 
CREATE TABLE `ROLE` (
  `ID` INT (50) NOT NULL COMMENT 'ID' AUTO_INCREMENT,
  `CD` VARCHAR (255) NOT NULL COMMENT 'コード',
  `NAME` VARCHAR (255) NOT NULL COMMENT '名称',
  `REMARKS` VARCHAR (255) DEFAULT NULL COMMENT '備考',
  `DELETE_FLG` CHAR (1) NOT NULL DEFAULT '0' COMMENT '削除フラグ',
  `VERSION` INT (50) NOT NULL DEFAULT '0' COMMENT 'バージョン',
  `CREATED` DATETIME NOT NULL DEFAULT CURRENT_TIMESTAMP ON UPDATE CURRENT_TIMESTAMP COMMENT '登録日時',
  `MODIFIED` DATETIME NOT NULL DEFAULT CURRENT_TIMESTAMP ON UPDATE CURRENT_TIMESTAMP COMMENT '更新日時',
  `MODIFIED_BY` VARCHAR (255) NOT NULL COMMENT '更新者',
  PRIMARY KEY(ID)
)
COMMENT='権限'
2023-08-30 21:56:49,501 [main] INFO  (DfSqlFileRunnerBase#traceSql():168) - 
CREATE TABLE `STAFF_USER` (
  `ID` INT (50) NOT NULL COMMENT 'ID' AUTO_INCREMENT,
  `STAFF_USER_ID` VARCHAR (10) NOT NULL COMMENT '職員ID',
  `PASSWORD` VARCHAR (255) NOT NULL COMMENT 'パスワード',
  `NAME_KANA` VARCHAR (50) NOT NULL COMMENT '氏名カナ',
  `NAME` VARCHAR (25) COMMENT '氏名',
  `EMAIL` VARCHAR (255) COMMENT 'メールアドレス',
  `REMARKS` VARCHAR (255) DEFAULT NULL COMMENT '備考',
  `DELETE_FLG` CHAR (1) NOT NULL DEFAULT '0' COMMENT '削除フラグ',
  `VERSION` INT (50) DEFAULT '0' COMMENT 'バージョン',
  `CREATED` DATETIME DEFAULT CURRENT_TIMESTAMP ON UPDATE CURRENT_TIMESTAMP COMMENT '登録日時',
  `MODIFIED` DATETIME DEFAULT CURRENT_TIMESTAMP ON UPDATE CURRENT_TIMESTAMP COMMENT '更新日時',
  `MODIFIED_BY` VARCHAR (255) COMMENT '更新者',
  PRIMARY KEY(ID,STAFF_USER_ID),
  UNIQUE KEY(STAFF_USER_ID)
)
COMMENT='職員'
2023-08-30 21:56:49,516 [main] INFO  (DfSqlFileRunnerBase#traceSql():168) - 
CREATE TABLE `GENERAL_USER` (
  `ID` INT (50) NOT NULL COMMENT 'ID' AUTO_INCREMENT,
  `GENERAL_USER_ID` VARCHAR (10) NOT NULL COMMENT '利用者ID',
  `PASSWORD` VARCHAR (255) NOT NULL COMMENT 'パスワード',
  `NAME_KANA` VARCHAR (50) NOT NULL COMMENT 'フリガナ',
  `NAME` VARCHAR (25) COMMENT '氏名',
  `BIRTHDAY` DATE COMMENT '生年月日',
  `PHONE_NUMBER` VARCHAR (11) COMMENT '電話番号',
  `ADDRESS` VARCHAR (100) COMMENT '住所',
  `REMARKS` VARCHAR (255) DEFAULT NULL COMMENT '備考',
  `DELETE_FLG` CHAR (1) NOT NULL DEFAULT '0' COMMENT '削除フラグ',
  `VERSION` INT (50) NOT NULL DEFAULT '0' COMMENT 'バージョン',
  `CREATED` DATETIME DEFAULT CURRENT_TIMESTAMP ON UPDATE CURRENT_TIMESTAMP COMMENT '登録日時',
  `MODIFIED` DATETIME DEFAULT CURRENT_TIMESTAMP ON UPDATE CURRENT_TIMESTAMP COMMENT '更新日時',
  `MODIFIED_BY` VARCHAR (255) COMMENT '更新者',
  PRIMARY KEY(ID,GENERAL_USER_ID),
  UNIQUE KEY(GENERAL_USER_ID)
)
COMMENT='一般利用者'
2023-08-30 21:56:49,536 [main] INFO  (DfSqlFileRunnerBase#traceSql():168) - 
CREATE TABLE `USER_ROLE_MAP` (
  `ID` INT (50) NOT NULL COMMENT 'ID' AUTO_INCREMENT,
  `STAFF_USER_ID` VARCHAR (255) COMMENT '職員ID',
  `GENERAL_USER_ID` VARCHAR (255) COMMENT '利用者ID',
  `ROLE_ID` INT (50) NOT NULL COMMENT '権限ID',
  `REMARKS` VARCHAR (255) DEFAULT NULL COMMENT '備考',
  `DELETE_FLG` CHAR (1) NOT NULL DEFAULT '0' COMMENT '削除フラグ',
  `VERSION` INT (50) DEFAULT '0' COMMENT 'バージョン',
  `CREATED` DATETIME DEFAULT CURRENT_TIMESTAMP ON UPDATE CURRENT_TIMESTAMP COMMENT '登録日時',
  `MODIFIED` DATETIME DEFAULT CURRENT_TIMESTAMP ON UPDATE CURRENT_TIMESTAMP COMMENT '更新日時',
  `MODIFIED_BY` VARCHAR (255) COMMENT '更新者',
  PRIMARY KEY(ID),
  UNIQUE KEY(STAFF_USER_ID,GENERAL_USER_ID,ROLE_ID),
  FOREIGN KEY (STAFF_USER_ID) REFERENCES STAFF_USER(STAFF_USER_ID),
  FOREIGN KEY (GENERAL_USER_ID) REFERENCES GENERAL_USER(GENERAL_USER_ID),
  FOREIGN KEY (ROLE_ID) REFERENCES ROLE(ID)
)
COMMENT='ユーザー権限マップ'
2023-08-30 21:56:49,557 [main] INFO  (DfSqlFileRunnerBase#traceSql():168) - 
CREATE TABLE `BOOK` (
  `ID` INT (50) NOT NULL COMMENT 'ID' AUTO_INCREMENT,
  `TITLE` VARCHAR (255) COMMENT 'タイトル',
  `AUTHOR` VARCHAR (255) COMMENT '著者',
  `ISBN_10` VARCHAR (255) COMMENT 'ISBN-10',
  `ISBN_13` VARCHAR (255) COMMENT 'ISBN-13',
  `PUBLISHER` VARCHAR (255) COMMENT '出版社',
  `GENRE` VARCHAR (255) COMMENT 'ジャンル',
  `SHELF_NUMBER` VARCHAR (255) COMMENT '棚番号',
  `CONTROL_NUMBER` VARCHAR (255) COMMENT '管理番号',
  `REMARKS` VARCHAR (255) DEFAULT NULL COMMENT '備考',
  `DELETE_FLG` CHAR (1) NOT NULL DEFAULT '0' COMMENT '削除フラグ',
  `VERSION` INT (50) DEFAULT '0' COMMENT 'バージョン',
  `CREATED` DATETIME DEFAULT CURRENT_TIMESTAMP ON UPDATE CURRENT_TIMESTAMP COMMENT '登録日時',
  `MODIFIED` DATETIME DEFAULT CURRENT_TIMESTAMP ON UPDATE CURRENT_TIMESTAMP COMMENT '更新日時',
  `MODIFIED_BY` VARCHAR (255) COMMENT '更新者',
  PRIMARY KEY(ID,CONTROL_NUMBER)
)
COMMENT='図書'
2023-08-30 21:56:49,581 [main] INFO  (DfSqlFileRunnerBase#traceResult():172) -  -> success=5 failure=0
2023-08-30 21:56:49,582 [main] INFO  (DfSqlFileFireMan#fire():93) - Create Schema: success=5, failure=0 (in 1 files)
2023-08-30 21:56:49,630 [main] INFO  (DfLoadDataProcess#execute():133) - 
2023-08-30 21:56:49,631 [main] INFO  (DfLoadDataProcess#execute():134) - * * * * * * * * * * *
2023-08-30 21:56:49,632 [main] INFO  (DfLoadDataProcess#execute():135) - *                   *
2023-08-30 21:56:49,632 [main] INFO  (DfLoadDataProcess#execute():136) - * Load Data         *
2023-08-30 21:56:49,632 [main] INFO  (DfLoadDataProcess#execute():137) - *                   *
2023-08-30 21:56:49,633 [main] INFO  (DfLoadDataProcess#execute():138) - * * * * * * * * * * *
2023-08-30 21:56:49,664 [main] INFO  (DfDelimiterDataWriterImpl#writeData():97) - /= = = = = = = = = = = = = = = = = = = = = = = = = = = = = = = = = 
2023-08-30 21:56:49,671 [main] INFO  (DfDelimiterDataWriterImpl#writeData():98) - writeData(playsql/data/common/csv/UTF-8/ROLE.csv)
2023-08-30 21:56:49,671 [main] INFO  (DfDelimiterDataWriterImpl#writeData():99) - = = = = = = =/
2023-08-30 21:56:49,673 [main] INFO  (DfTableExtractor#doGetTableList():66) - ...Getting tables:
2023-08-30 21:56:49,674 [main] INFO  (DfTableExtractor#doGetTableList():67) -   schema = {jlibrary.$$NoNameSchema$$ as main}
2023-08-30 21:56:49,674 [main] INFO  (DfTableExtractor#doGetTableList():68) -   types  = [TABLE, VIEW]
2023-08-30 21:56:49,718 [main] INFO  (DfAbsractDataWriter#handleLoggingInsert():1090) - ROLE:{1, ROLE_GENERAL, 一般利用者, null, 0, 0, 2023-08-01 00:00:00, 2023-08-01 00:00:00, PATCH}
2023-08-30 21:56:49,808 [main] INFO  (DfAbsractDataWriter#handleLoggingInsert():1090) - ROLE:{2, ROLE_STAFF, 職員, null, 0, 0, 2023-08-01 00:00:00, 2023-08-01 00:00:00, PATCH}
2023-08-30 21:56:49,810 [main] INFO  (DfAbsractDataWriter#handleLoggingInsert():1090) - ROLE:{3, ROLE_ADMIN, 管理者, null, 0, 0, 2023-08-01 00:00:00, 2023-08-01 00:00:00, PATCH}
2023-08-30 21:56:49,818 [main] INFO  (DfAbsractDataWriter#noticeLoadedRowSize():1106) -  -> 3 rows are loaded to ROLE
2023-08-30 21:56:49,824 [main] INFO  (DfLoadDataProcess#lazyCheckLoadedClassifiaction():387) - ...Checking implicit set of classification
2023-08-30 21:56:49,845 [main] INFO  (DfTakeFinallyProcess#takeFinally():244) - 
2023-08-30 21:56:49,846 [main] INFO  (DfTakeFinallyProcess#takeFinally():245) - * * * * * * * **
2023-08-30 21:56:49,846 [main] INFO  (DfTakeFinallyProcess#takeFinally():246) - *              *
2023-08-30 21:56:49,846 [main] INFO  (DfTakeFinallyProcess#takeFinally():247) - * Take Finally *
2023-08-30 21:56:49,847 [main] INFO  (DfTakeFinallyProcess#takeFinally():248) - *              *
2023-08-30 21:56:49,847 [main] INFO  (DfTakeFinallyProcess#takeFinally():249) - * * * * * * * **
2023-08-30 21:56:49,861 [main] INFO  (DfSqlFileFireMan#fire():68) - ...Firing: take-finally.sql
2023-08-30 21:56:49,870 [main] INFO  (DfSqlFileRunnerBase#traceResult():172) -  -> success=0 failure=0
2023-08-30 21:56:49,871 [main] INFO  (DfSqlFileFireMan#fire():93) - Take Finally: success=0, failure=0 (in 1 files)
2023-08-30 21:56:49,874 [main] INFO  (DfDataSourceHandler#destroy():120) - ...closeReally()
2023-08-30 21:56:49,886 [main] INFO  (DfDBFluteTaskUtil#logFinalMessage():139) - 
_/_/_/_/_/_/_/_/_/_/_/_/_/_/_/_/_/_/_/_/_/_/
[Final Message]: 00m01s795ms

  DBFLUTE_CLIENT: {jlibrary}
    database  = mysql (MySQL 5.5.5-10.4.28-MariaDB)
    language  = java
    container = spring
    package   = jp.co.jwebgate.jlibrary.dbflute

  DBFLUTE_ENVIRONMENT_TYPE: {}
    driver = com.mysql.jdbc.Driver
    url    = jdbc:mysql://localhost:3306/jlibrary
    schema = {jlibrary.$$NoNameSchema$$ as main}
    user   = root
    props  = {}
    additionalSchema = 
    repsEnvType      = ut
    refreshProject   = $$AutoDetect$$

 Create Schema: success=5, failure=0 (in 1 files) - 00m00s282ms
  (Initialize Schema) - 00m00s167ms
  (Create Schema) - 00m00s108ms
  o replace-schema.sql

 Load Data: common:{csv=1} - 00m00s208ms
  <common>
  o ROLE.csv

 Take Finally: success=0, failure=0 (in 1 files) - 00m00s028ms
  o take-finally.sql
_/_/_/_/_/_/_/_/_/_/ {ReplaceSchema}
2023-08-30 22:00:09,887 [main] INFO  (DfReplaceSchemaTask#begin():94) - +------------------------------------------+
2023-08-30 22:00:09,891 [main] INFO  (DfReplaceSchemaTask#begin():95) - |                                          |
2023-08-30 22:00:09,892 [main] INFO  (DfReplaceSchemaTask#begin():96) - |              ReplaceSchema               |
2023-08-30 22:00:09,900 [main] INFO  (DfReplaceSchemaTask#begin():104) - |                                          |
2023-08-30 22:00:09,900 [main] INFO  (DfReplaceSchemaTask#begin():105) - +------------------------------------------+
2023-08-30 22:00:09,903 [main] INFO  (DfReplaceSchemaTask#waitBeforeReps():423) - ...Waiting for your GO SIGN from stdin before ReplaceSchema:
2023-08-30 22:00:10,907 [main] INFO  (DfDataSourceHandler#prepare():78) - ...Preparing data source:
2023-08-30 22:00:10,908 [main] INFO  (DfDataSourceHandler#prepare():79) -   driver = com.mysql.jdbc.Driver
2023-08-30 22:00:10,908 [main] INFO  (DfDataSourceHandler#prepare():80) -   url    = jdbc:mysql://localhost:3306/jlibrary
2023-08-30 22:00:10,909 [main] INFO  (DfDataSourceHandler#prepare():81) -   user   = root
2023-08-30 22:00:10,917 [main] INFO  (DfDataSourceHandler#createConnection():166) - ...Connecting to database by data source:
2023-08-30 22:00:11,173 [main] INFO  (DfReplaceSchemaTask#setupLazyConnection():146) - ...Being a lazy connection: Failed to connect: url=jdbc:mysql://localhost:3...
2023-08-30 22:00:11,186 [main] INFO  (DfCreateSchemaProcess#initializeSchemaMainDrop():253) - 
2023-08-30 22:00:11,187 [main] INFO  (DfCreateSchemaProcess#initializeSchemaMainDrop():254) - * * * * * * * * * * *
2023-08-30 22:00:11,187 [main] INFO  (DfCreateSchemaProcess#initializeSchemaMainDrop():255) - *                   *
2023-08-30 22:00:11,188 [main] INFO  (DfCreateSchemaProcess#initializeSchemaMainDrop():256) - * Initialize Schema *
2023-08-30 22:00:11,188 [main] INFO  (DfCreateSchemaProcess#initializeSchemaMainDrop():257) - *                   *
2023-08-30 22:00:11,188 [main] INFO  (DfCreateSchemaProcess#initializeSchemaMainDrop():258) - * * * * * * * * * * *
2023-08-30 22:00:11,189 [main] INFO  (DfCreateSchemaProcess#initializeSchemaMainDrop():260) - *Passed because it's a lazy connection
2023-08-30 22:00:11,190 [main] INFO  (DfCreateSchemaProcess#createSchema():293) - 
2023-08-30 22:00:11,191 [main] INFO  (DfCreateSchemaProcess#createSchema():294) - * * * * * * * * *
2023-08-30 22:00:11,191 [main] INFO  (DfCreateSchemaProcess#createSchema():295) - *               *
2023-08-30 22:00:11,191 [main] INFO  (DfCreateSchemaProcess#createSchema():296) - * Create Schema *
2023-08-30 22:00:11,192 [main] INFO  (DfCreateSchemaProcess#createSchema():297) - *               *
2023-08-30 22:00:11,192 [main] INFO  (DfCreateSchemaProcess#createSchema():298) - * * * * * * * * *
2023-08-30 22:00:11,196 [main] INFO  (DfSqlFileFireMan#fire():68) - ...Firing: replace-schema.sql
2023-08-30 22:00:11,202 [main] INFO  (DfSqlFileRunnerBase#traceSql():168) - 
CREATE TABLE `ROLE` (
  `ID` INT (50) NOT NULL COMMENT 'ID' AUTO_INCREMENT,
  `CD` VARCHAR (255) NOT NULL COMMENT 'コード',
  `NAME` VARCHAR (255) NOT NULL COMMENT '名称',
  `REMARKS` VARCHAR (255) DEFAULT NULL COMMENT '備考',
  `DELETE_FLG` CHAR (1) NOT NULL DEFAULT '0' COMMENT '削除フラグ',
  `VERSION` INT (50) NOT NULL DEFAULT '0' COMMENT 'バージョン',
  `CREATED` DATETIME NOT NULL DEFAULT CURRENT_TIMESTAMP ON UPDATE CURRENT_TIMESTAMP COMMENT '登録日時',
  `MODIFIED` DATETIME NOT NULL DEFAULT CURRENT_TIMESTAMP ON UPDATE CURRENT_TIMESTAMP COMMENT '更新日時',
  `MODIFIED_BY` VARCHAR (255) NOT NULL COMMENT '更新者',
  PRIMARY KEY(ID)
)
COMMENT='権限'
2023-08-30 22:00:11,205 [main] INFO  (DfCreateSchemaProcess$DfSqlFileRunnerExecuteCreateSchema#lazyConnectIfNeeds():496) - ...Connecting by main user lazily
2023-08-30 22:00:11,206 [main] INFO  (DfDataSourceHandler#prepare():78) - ...Preparing data source:
2023-08-30 22:00:11,206 [main] INFO  (DfDataSourceHandler#prepare():79) -   driver = com.mysql.jdbc.Driver
2023-08-30 22:00:11,206 [main] INFO  (DfDataSourceHandler#prepare():80) -   url    = jdbc:mysql://localhost:3306/jlibrary
2023-08-30 22:00:11,207 [main] INFO  (DfDataSourceHandler#prepare():81) -   user   = root
2023-08-30 22:00:11,207 [main] INFO  (DfDataSourceHandler#createConnection():166) - ...Connecting to database by data source:
2023-08-30 22:00:11,212 [main] INFO  (DfSqlFileFireMan#fire():93) - Create Schema: success=0, failure=1 *break (in 1 files)
2023-08-30 22:00:11,218 [main] ERROR (DfDBFluteTaskUtil#logException():150) - Look! Read the message below.
/* * * * * * * * * * * * * * * * * * * * * * * * * * * * * * * * * *
Failed to execute DBFlute Task 'ReplaceSchema'.

[Advice]
Check the exception messages and the stack traces.
* * * * * * * * * */
org.dbflute.exception.SQLFailureException: Look! Read the message below.
/* * * * * * * * * * * * * * * * * * * * * * * * * * * * * * * * * *
Failed to execute the SQL!

[SQL File]
playsql/replace-schema.sql

[Executed SQL]
CREATE TABLE `ROLE` (
  `ID` INT (50) NOT NULL COMMENT 'ID' AUTO_INCREMENT,
  `CD` VARCHAR (255) NOT NULL COMMENT 'コード',
  `NAME` VARCHAR (255) NOT NULL COMMENT '名称',
  `REMARKS` VARCHAR (255) DEFAULT NULL COMMENT '備考',
  `DELETE_FLG` CHAR (1) NOT NULL DEFAULT '0' COMMENT '削除フラグ',
  `VERSION` INT (50) NOT NULL DEFAULT '0' COMMENT 'バージョン',
  `CREATED` DATETIME NOT NULL DEFAULT CURRENT_TIMESTAMP ON UPDATE CURRENT_TIMESTAMP COMMENT '登録日時',
  `MODIFIED` DATETIME NOT NULL DEFAULT CURRENT_TIMESTAMP ON UPDATE CURRENT_TIMESTAMP COMMENT '更新日時',
  `MODIFIED_BY` VARCHAR (255) NOT NULL COMMENT '更新者',
  PRIMARY KEY(ID)
)
COMMENT='権限'

[SQLState]
08S01

[ErrorCode]
0

[SQLException]
org.dbflute.exception.DfJDBCException
Failed to connect: url=jdbc:mysql://localhost:3306/jlibrary user=root

[NextException]
com.mysql.jdbc.exceptions.jdbc4.CommunicationsException
Communications link failure

The last packet sent successfully to the server was 0 milliseconds ago. The driver has not received any packets from the server.
* * * * * * * * * */
	at org.dbflute.helper.jdbc.sqlfile.DfSqlFileRunnerBase.throwSQLFailureException(DfSqlFileRunnerBase.java:587)
	at org.dbflute.helper.jdbc.sqlfile.DfSqlFileRunnerExecute.execSQL(DfSqlFileRunnerExecute.java:80)
	at org.dbflute.helper.jdbc.sqlfile.DfSqlFileRunnerBase.runTransaction(DfSqlFileRunnerBase.java:122)
	at org.dbflute.helper.jdbc.sqlfile.DfSqlFileFireMan.processSqlFile(DfSqlFileFireMan.java:174)
	at org.dbflute.helper.jdbc.sqlfile.DfSqlFileFireMan.fire(DfSqlFileFireMan.java:71)
	at org.dbflute.logic.replaceschema.process.DfCreateSchemaProcess.createSchema(DfCreateSchemaProcess.java:302)
	at org.dbflute.logic.replaceschema.process.DfCreateSchemaProcess.execute(DfCreateSchemaProcess.java:154)
	at org.dbflute.task.DfReplaceSchemaTask.createSchema(DfReplaceSchemaTask.java:309)
	at org.dbflute.task.DfReplaceSchemaTask.executeCoreProcess(DfReplaceSchemaTask.java:254)
	at org.dbflute.task.DfReplaceSchemaTask.processReplaceSchema(DfReplaceSchemaTask.java:240)
	at org.dbflute.task.DfReplaceSchemaTask.doExecute(DfReplaceSchemaTask.java:160)
	at org.dbflute.task.bs.DfAbstractTexenTask$1.callActualExecute(DfAbstractTexenTask.java:129)
	at org.dbflute.task.bs.assistant.DfTaskBasicController.doExecute(DfTaskBasicController.java:192)
	at org.dbflute.task.bs.assistant.DfTaskBasicController.execute(DfTaskBasicController.java:78)
	at org.dbflute.task.bs.DfAbstractTexenTask.execute(DfAbstractTexenTask.java:151)
	at org.apache.tools.ant.UnknownElement.execute(UnknownElement.java:288)
	at java.base/jdk.internal.reflect.DirectMethodHandleAccessor.invoke(DirectMethodHandleAccessor.java:104)
	at java.base/java.lang.reflect.Method.invoke(Method.java:578)
	at org.apache.tools.ant.dispatch.DispatchUtils.execute(DispatchUtils.java:105)
	at org.apache.tools.ant.Task.perform(Task.java:348)
	at org.apache.tools.ant.Target.execute(Target.java:357)
	at org.apache.tools.ant.Target.performTasks(Target.java:385)
	at org.apache.tools.ant.Project.executeSortedTargets(Project.java:1329)
	at org.apache.tools.ant.Project.executeTarget(Project.java:1298)
	at org.apache.tools.ant.helper.DefaultExecutor.executeTargets(DefaultExecutor.java:41)
	at org.apache.tools.ant.Project.executeTargets(Project.java:1181)
	at org.apache.tools.ant.Main.runBuild(Main.java:698)
	at org.apache.tools.ant.Main.startAnt(Main.java:199)
	at org.apache.tools.ant.launch.Launcher.run(Launcher.java:257)
	at org.apache.tools.ant.launch.Launcher.main(Launcher.java:104)
Caused by: org.dbflute.exception.DfJDBCException: Failed to connect: url=jdbc:mysql://localhost:3306/jlibrary user=root
	at org.dbflute.helper.jdbc.connection.DfDataSourceHandler.createConnection(DfDataSourceHandler.java:170)
	at org.dbflute.helper.jdbc.connection.DfDataSourceHandler.processCachedConnection(DfDataSourceHandler.java:154)
	at org.dbflute.helper.jdbc.connection.DfDataSourceHandler.getConnection(DfDataSourceHandler.java:137)
	at org.dbflute.helper.jdbc.connection.DfFittingDataSource.getConnection(DfFittingDataSource.java:44)
	at org.dbflute.helper.jdbc.context.DfSchemaSource.getConnection(DfSchemaSource.java:82)
	at org.dbflute.task.DfReplaceSchemaTask.setupDataSource(DfReplaceSchemaTask.java:132)
	at org.dbflute.task.DfReplaceSchemaTask$2.callbackSetupDataSource(DfReplaceSchemaTask.java:333)
	at org.dbflute.logic.replaceschema.process.DfCreateSchemaProcess.setupDataSource(DfCreateSchemaProcess.java:142)
	at org.dbflute.logic.replaceschema.process.DfCreateSchemaProcess$DfSqlFileRunnerExecuteCreateSchema.lazyConnectIfNeeds(DfCreateSchemaProcess.java:497)
	at org.dbflute.helper.jdbc.sqlfile.DfSqlFileRunnerExecute.execSQL(DfSqlFileRunnerExecute.java:61)
	... 28 more
2023-08-30 22:00:11,244 [main] INFO  (DfDBFluteTaskUtil#logFinalMessage():139) - 
_/_/_/_/_/_/_/_/_/_/_/_/_/_/_/_/_/_/_/_/_/_/
[Final Message]: 00m01s378ms *Abort

  DBFLUTE_CLIENT: {jlibrary}
    database  = mysql
    language  = java
    container = spring
    package   = jp.co.jwebgate.jlibrary.dbflute

  DBFLUTE_ENVIRONMENT_TYPE: {}
    driver = com.mysql.jdbc.Driver
    url    = jdbc:mysql://localhost:3306/jlibrary
    schema = {jlibrary.$$NoNameSchema$$ as main}
    user   = root
    props  = {}
    additionalSchema = 
    repsEnvType      = ut
    refreshProject   = $$AutoDetect$$

 Create Schema: success=0, failure=1 *break (in 1 files) - 00m00s030ms
  (Create Schema) - 00m00s020ms
  x replace-schema.sql
   >> (failed: Look at the exception message)
    * * * * * *
    * Failure *
    * * * * * *
_/_/_/_/_/_/_/_/_/_/ {ReplaceSchema}
2023-08-31 08:50:03,823 [main] INFO  (DfReplaceSchemaTask#begin():94) - +------------------------------------------+
2023-08-31 08:50:03,826 [main] INFO  (DfReplaceSchemaTask#begin():95) - |                                          |
2023-08-31 08:50:03,827 [main] INFO  (DfReplaceSchemaTask#begin():96) - |              ReplaceSchema               |
2023-08-31 08:50:03,837 [main] INFO  (DfReplaceSchemaTask#begin():104) - |                                          |
2023-08-31 08:50:03,838 [main] INFO  (DfReplaceSchemaTask#begin():105) - +------------------------------------------+
2023-08-31 08:50:03,840 [main] INFO  (DfReplaceSchemaTask#waitBeforeReps():423) - ...Waiting for your GO SIGN from stdin before ReplaceSchema:
2023-08-31 08:50:05,567 [main] INFO  (DfDataSourceHandler#prepare():78) - ...Preparing data source:
2023-08-31 08:50:05,568 [main] INFO  (DfDataSourceHandler#prepare():79) -   driver = com.mysql.jdbc.Driver
2023-08-31 08:50:05,569 [main] INFO  (DfDataSourceHandler#prepare():80) -   url    = jdbc:mysql://localhost:3306/jlibrary
2023-08-31 08:50:05,569 [main] INFO  (DfDataSourceHandler#prepare():81) -   user   = root
2023-08-31 08:50:05,585 [main] INFO  (DfDataSourceHandler#createConnection():166) - ...Connecting to database by data source:
2023-08-31 08:50:06,018 [main] INFO  (DfDataSourceHandler#setupConnectionMetaInfo():233) -   product = MySQL 5.5.5-10.4.28-MariaDB
2023-08-31 08:50:06,018 [main] INFO  (DfDataSourceHandler#setupConnectionMetaInfo():234) -   driver  = MySQL Connector Java mysql-connector-java-5.1.49 ( Revision: ad86f36e100e104cd926c6b81c8cab9565750116 ) for JDBC 4.0
2023-08-31 08:50:06,037 [main] INFO  (DfCreateSchemaProcess#initializeSchemaMainDrop():253) - 
2023-08-31 08:50:06,038 [main] INFO  (DfCreateSchemaProcess#initializeSchemaMainDrop():254) - * * * * * * * * * * *
2023-08-31 08:50:06,038 [main] INFO  (DfCreateSchemaProcess#initializeSchemaMainDrop():255) - *                   *
2023-08-31 08:50:06,038 [main] INFO  (DfCreateSchemaProcess#initializeSchemaMainDrop():256) - * Initialize Schema *
2023-08-31 08:50:06,039 [main] INFO  (DfCreateSchemaProcess#initializeSchemaMainDrop():257) - *                   *
2023-08-31 08:50:06,039 [main] INFO  (DfCreateSchemaProcess#initializeSchemaMainDrop():258) - * * * * * * * * * * *
2023-08-31 08:50:06,056 [main] INFO  (DfTableExtractor#doGetTableList():66) - ...Getting tables:
2023-08-31 08:50:06,057 [main] INFO  (DfTableExtractor#doGetTableList():67) -   schema = {jlibrary.$$NoNameSchema$$ as main}
2023-08-31 08:50:06,057 [main] INFO  (DfTableExtractor#doGetTableList():68) -   types  = [TABLE, VIEW]
2023-08-31 08:50:06,090 [main] INFO  (DfSchemaInitializerJdbc#logReplaceSql():614) - truncate table BOOK
2023-08-31 08:50:06,126 [main] INFO  (DfSchemaInitializerJdbc#logReplaceSql():614) - truncate table USER_ROLE_MAP
2023-08-31 08:50:06,149 [main] INFO  (DfSchemaInitializerJdbc#logReplaceSql():614) - alter table USER_ROLE_MAP drop foreign key user_role_map_ibfk_2
2023-08-31 08:50:06,167 [main] INFO  (DfSchemaInitializerJdbc#logReplaceSql():614) - alter table USER_ROLE_MAP drop foreign key user_role_map_ibfk_3
2023-08-31 08:50:06,176 [main] INFO  (DfSchemaInitializerJdbc#logReplaceSql():614) - alter table USER_ROLE_MAP drop foreign key user_role_map_ibfk_1
2023-08-31 08:50:06,187 [main] INFO  (DfSchemaInitializerJdbc#logReplaceSql():614) - drop table BOOK
2023-08-31 08:50:06,192 [main] INFO  (DfSchemaInitializerJdbc#logReplaceSql():614) - drop table GENERAL_USER
2023-08-31 08:50:06,196 [main] INFO  (DfSchemaInitializerJdbc#logReplaceSql():614) - drop table ROLE
2023-08-31 08:50:06,199 [main] INFO  (DfSchemaInitializerJdbc#logReplaceSql():614) - drop table STAFF_USER
2023-08-31 08:50:06,203 [main] INFO  (DfSchemaInitializerJdbc#logReplaceSql():614) - drop table USER_ROLE_MAP
2023-08-31 08:50:06,231 [main] INFO  (DfCreateSchemaProcess#createSchema():293) - 
2023-08-31 08:50:06,231 [main] INFO  (DfCreateSchemaProcess#createSchema():294) - * * * * * * * * *
2023-08-31 08:50:06,231 [main] INFO  (DfCreateSchemaProcess#createSchema():295) - *               *
2023-08-31 08:50:06,232 [main] INFO  (DfCreateSchemaProcess#createSchema():296) - * Create Schema *
2023-08-31 08:50:06,232 [main] INFO  (DfCreateSchemaProcess#createSchema():297) - *               *
2023-08-31 08:50:06,232 [main] INFO  (DfCreateSchemaProcess#createSchema():298) - * * * * * * * * *
2023-08-31 08:50:06,237 [main] INFO  (DfSqlFileFireMan#fire():68) - ...Firing: replace-schema.sql
2023-08-31 08:50:06,246 [main] INFO  (DfSqlFileRunnerBase#traceSql():168) - 
CREATE TABLE `ROLE` (
  `ID` INT (50) NOT NULL COMMENT 'ID' AUTO_INCREMENT,
  `CD` VARCHAR (255) NOT NULL COMMENT 'コード',
  `NAME` VARCHAR (255) NOT NULL COMMENT '名称',
  `REMARKS` VARCHAR (255) DEFAULT NULL COMMENT '備考',
  `DELETE_FLG` CHAR (1) NOT NULL DEFAULT '0' COMMENT '削除フラグ',
  `VERSION` INT (50) NOT NULL DEFAULT '0' COMMENT 'バージョン',
  `CREATED` DATETIME NOT NULL DEFAULT CURRENT_TIMESTAMP ON UPDATE CURRENT_TIMESTAMP COMMENT '登録日時',
  `MODIFIED` DATETIME NOT NULL DEFAULT CURRENT_TIMESTAMP ON UPDATE CURRENT_TIMESTAMP COMMENT '更新日時',
  `MODIFIED_BY` VARCHAR (255) NOT NULL COMMENT '更新者',
  PRIMARY KEY(ID)
)
COMMENT='権限'
2023-08-31 08:50:06,260 [main] INFO  (DfSqlFileRunnerBase#traceSql():168) - 
CREATE TABLE `STAFF_USER` (
  `ID` INT (50) NOT NULL COMMENT 'ID' AUTO_INCREMENT,
  `STAFF_USER_ID` VARCHAR (10) NOT NULL COMMENT '職員ID',
  `PASSWORD` VARCHAR (255) NOT NULL COMMENT 'パスワード',
  `NAME_KANA` VARCHAR (50) NOT NULL COMMENT '氏名カナ',
  `NAME` VARCHAR (25) COMMENT '氏名',
  `EMAIL` VARCHAR (255) COMMENT 'メールアドレス',
  `REMARKS` VARCHAR (255) DEFAULT NULL COMMENT '備考',
  `DELETE_FLG` CHAR (1) NOT NULL DEFAULT '0' COMMENT '削除フラグ',
  `VERSION` INT (50) DEFAULT '0' COMMENT 'バージョン',
  `CREATED` DATETIME DEFAULT CURRENT_TIMESTAMP ON UPDATE CURRENT_TIMESTAMP COMMENT '登録日時',
  `MODIFIED` DATETIME DEFAULT CURRENT_TIMESTAMP ON UPDATE CURRENT_TIMESTAMP COMMENT '更新日時',
  `MODIFIED_BY` VARCHAR (255) COMMENT '更新者',
  PRIMARY KEY(ID,STAFF_USER_ID),
  UNIQUE KEY(STAFF_USER_ID)
)
COMMENT='職員'
2023-08-31 08:50:06,274 [main] INFO  (DfSqlFileRunnerBase#traceSql():168) - 
CREATE TABLE `GENERAL_USER` (
  `ID` INT (50) NOT NULL COMMENT 'ID' AUTO_INCREMENT,
  `GENERAL_USER_ID` VARCHAR (10) NOT NULL COMMENT '利用者ID',
  `PASSWORD` VARCHAR (255) NOT NULL COMMENT 'パスワード',
  `NAME_KANA` VARCHAR (50) NOT NULL COMMENT 'フリガナ',
  `NAME` VARCHAR (25) COMMENT '氏名',
  `BIRTHDAY` DATE COMMENT '生年月日',
  `PHONE_NUMBER` VARCHAR (11) COMMENT '電話番号',
  `ADDRESS` VARCHAR (100) COMMENT '住所',
  `REMARKS` VARCHAR (255) DEFAULT NULL COMMENT '備考',
  `DELETE_FLG` CHAR (1) NOT NULL DEFAULT '0' COMMENT '削除フラグ',
  `VERSION` INT (50) NOT NULL DEFAULT '0' COMMENT 'バージョン',
  `CREATED` DATETIME DEFAULT CURRENT_TIMESTAMP ON UPDATE CURRENT_TIMESTAMP COMMENT '登録日時',
  `MODIFIED` DATETIME DEFAULT CURRENT_TIMESTAMP ON UPDATE CURRENT_TIMESTAMP COMMENT '更新日時',
  `MODIFIED_BY` VARCHAR (255) COMMENT '更新者',
  PRIMARY KEY(ID,GENERAL_USER_ID),
  UNIQUE KEY(GENERAL_USER_ID)
)
COMMENT='一般利用者'
2023-08-31 08:50:06,290 [main] INFO  (DfSqlFileRunnerBase#traceSql():168) - 
CREATE TABLE `USER_ROLE_MAP` (
  `ID` INT (50) NOT NULL COMMENT 'ID' AUTO_INCREMENT,
  `STAFF_USER_ID` VARCHAR (255) COMMENT '職員ID',
  `GENERAL_USER_ID` VARCHAR (255) COMMENT '利用者ID',
  `ROLE_ID` INT (50) NOT NULL COMMENT '権限ID',
  `REMARKS` VARCHAR (255) DEFAULT NULL COMMENT '備考',
  `DELETE_FLG` CHAR (1) NOT NULL DEFAULT '0' COMMENT '削除フラグ',
  `VERSION` INT (50) DEFAULT '0' COMMENT 'バージョン',
  `CREATED` DATETIME DEFAULT CURRENT_TIMESTAMP ON UPDATE CURRENT_TIMESTAMP COMMENT '登録日時',
  `MODIFIED` DATETIME DEFAULT CURRENT_TIMESTAMP ON UPDATE CURRENT_TIMESTAMP COMMENT '更新日時',
  `MODIFIED_BY` VARCHAR (255) COMMENT '更新者',
  PRIMARY KEY(ID),
  UNIQUE KEY(STAFF_USER_ID,GENERAL_USER_ID,ROLE_ID),
  FOREIGN KEY (STAFF_USER_ID) REFERENCES STAFF_USER(STAFF_USER_ID),
  FOREIGN KEY (GENERAL_USER_ID) REFERENCES GENERAL_USER(GENERAL_USER_ID),
  FOREIGN KEY (ROLE_ID) REFERENCES ROLE(ID)
)
COMMENT='ユーザー権限マップ'
2023-08-31 08:50:06,305 [main] INFO  (DfSqlFileRunnerBase#traceSql():168) - 
CREATE TABLE `BOOK` (
  `ID` INT (50) NOT NULL COMMENT 'ID' AUTO_INCREMENT,
  `TITLE` VARCHAR (255) COMMENT 'タイトル',
  `AUTHOR` VARCHAR (255) COMMENT '著者',
  `ISBN_10` VARCHAR (255) COMMENT 'ISBN-10',
  `ISBN_13` VARCHAR (255) COMMENT 'ISBN-13',
  `PUBLISHER` VARCHAR (255) COMMENT '出版社',
  `GENRE` VARCHAR (255) COMMENT 'ジャンル',
  `SHELF_NUMBER` VARCHAR (255) COMMENT '棚番号',
  `CONTROL_NUMBER` VARCHAR (255) COMMENT '管理番号',
  `REMARKS` VARCHAR (255) DEFAULT NULL COMMENT '備考',
  `DELETE_FLG` CHAR (1) NOT NULL DEFAULT '0' COMMENT '削除フラグ',
  `VERSION` INT (50) DEFAULT '0' COMMENT 'バージョン',
  `CREATED` DATETIME DEFAULT CURRENT_TIMESTAMP ON UPDATE CURRENT_TIMESTAMP COMMENT '登録日時',
  `MODIFIED` DATETIME DEFAULT CURRENT_TIMESTAMP ON UPDATE CURRENT_TIMESTAMP COMMENT '更新日時',
  `MODIFIED_BY` VARCHAR (255) COMMENT '更新者',
  PRIMARY KEY(ID,CONTROL_NUMBER)
)
COMMENT='図書'
2023-08-31 08:50:06,319 [main] INFO  (DfSqlFileRunnerBase#traceResult():172) -  -> success=5 failure=0
2023-08-31 08:50:06,320 [main] INFO  (DfSqlFileFireMan#fire():93) - Create Schema: success=5, failure=0 (in 1 files)
2023-08-31 08:50:06,377 [main] INFO  (DfLoadDataProcess#execute():133) - 
2023-08-31 08:50:06,378 [main] INFO  (DfLoadDataProcess#execute():134) - * * * * * * * * * * *
2023-08-31 08:50:06,378 [main] INFO  (DfLoadDataProcess#execute():135) - *                   *
2023-08-31 08:50:06,378 [main] INFO  (DfLoadDataProcess#execute():136) - * Load Data         *
2023-08-31 08:50:06,379 [main] INFO  (DfLoadDataProcess#execute():137) - *                   *
2023-08-31 08:50:06,379 [main] INFO  (DfLoadDataProcess#execute():138) - * * * * * * * * * * *
2023-08-31 08:50:06,427 [main] INFO  (DfDelimiterDataWriterImpl#writeData():97) - /= = = = = = = = = = = = = = = = = = = = = = = = = = = = = = = = = 
2023-08-31 08:50:06,427 [main] INFO  (DfDelimiterDataWriterImpl#writeData():98) - writeData(playsql/data/common/csv/UTF-8/ROLE.csv)
2023-08-31 08:50:06,428 [main] INFO  (DfDelimiterDataWriterImpl#writeData():99) - = = = = = = =/
2023-08-31 08:50:06,430 [main] INFO  (DfTableExtractor#doGetTableList():66) - ...Getting tables:
2023-08-31 08:50:06,430 [main] INFO  (DfTableExtractor#doGetTableList():67) -   schema = {jlibrary.$$NoNameSchema$$ as main}
2023-08-31 08:50:06,430 [main] INFO  (DfTableExtractor#doGetTableList():68) -   types  = [TABLE, VIEW]
2023-08-31 08:50:06,475 [main] INFO  (DfAbsractDataWriter#handleLoggingInsert():1090) - ROLE:{1, ROLE_ADMIN, 管理者, null, 0, 0, 2023-08-01 00:00:00, 2023-08-01 00:00:00, PATCH}
2023-08-31 08:50:06,557 [main] INFO  (DfAbsractDataWriter#handleLoggingInsert():1090) - ROLE:{2, ROLE_STAFF, 職員, null, 0, 0, 2023-08-01 00:00:00, 2023-08-01 00:00:00, PATCH}
2023-08-31 08:50:06,560 [main] INFO  (DfAbsractDataWriter#handleLoggingInsert():1090) - ROLE:{3, ROLE_GENERAL, 一般利用者, null, 0, 0, 2023-08-01 00:00:00, 2023-08-01 00:00:00, PATCH}
2023-08-31 08:50:06,567 [main] INFO  (DfAbsractDataWriter#noticeLoadedRowSize():1106) -  -> 3 rows are loaded to ROLE
2023-08-31 08:50:06,573 [main] INFO  (DfLoadDataProcess#lazyCheckLoadedClassifiaction():387) - ...Checking implicit set of classification
2023-08-31 08:50:06,591 [main] INFO  (DfTakeFinallyProcess#takeFinally():244) - 
2023-08-31 08:50:06,592 [main] INFO  (DfTakeFinallyProcess#takeFinally():245) - * * * * * * * **
2023-08-31 08:50:06,593 [main] INFO  (DfTakeFinallyProcess#takeFinally():246) - *              *
2023-08-31 08:50:06,593 [main] INFO  (DfTakeFinallyProcess#takeFinally():247) - * Take Finally *
2023-08-31 08:50:06,593 [main] INFO  (DfTakeFinallyProcess#takeFinally():248) - *              *
2023-08-31 08:50:06,594 [main] INFO  (DfTakeFinallyProcess#takeFinally():249) - * * * * * * * **
2023-08-31 08:50:06,605 [main] INFO  (DfSqlFileFireMan#fire():68) - ...Firing: take-finally.sql
2023-08-31 08:50:06,608 [main] INFO  (DfSqlFileRunnerBase#traceResult():172) -  -> success=0 failure=0
2023-08-31 08:50:06,609 [main] INFO  (DfSqlFileFireMan#fire():93) - Take Finally: success=0, failure=0 (in 1 files)
2023-08-31 08:50:06,612 [main] INFO  (DfDataSourceHandler#destroy():120) - ...closeReally()
2023-08-31 08:50:06,627 [main] INFO  (DfDBFluteTaskUtil#logFinalMessage():139) - 
_/_/_/_/_/_/_/_/_/_/_/_/_/_/_/_/_/_/_/_/_/_/
[Final Message]: 00m02s832ms

  DBFLUTE_CLIENT: {jlibrary}
    database  = mysql (MySQL 5.5.5-10.4.28-MariaDB)
    language  = java
    container = spring
    package   = jp.co.jwebgate.jlibrary.dbflute

  DBFLUTE_ENVIRONMENT_TYPE: {}
    driver = com.mysql.jdbc.Driver
    url    = jdbc:mysql://localhost:3306/jlibrary
    schema = {jlibrary.$$NoNameSchema$$ as main}
    user   = root
    props  = {}
    additionalSchema = 
    repsEnvType      = ut
    refreshProject   = $$AutoDetect$$

 Create Schema: success=5, failure=0 (in 1 files) - 00m00s287ms
  (Initialize Schema) - 00m00s192ms
  (Create Schema) - 00m00s088ms
  o replace-schema.sql

 Load Data: common:{csv=1} - 00m00s208ms
  <common>
  o ROLE.csv

 Take Finally: success=0, failure=0 (in 1 files) - 00m00s020ms
  o take-finally.sql
_/_/_/_/_/_/_/_/_/_/ {ReplaceSchema}
2023-09-02 10:04:52,301 [main] INFO  (DfSql2EntityTask#begin():106) - +------------------------------------------+
2023-09-02 10:04:52,304 [main] INFO  (DfSql2EntityTask#begin():107) - |                                          |
2023-09-02 10:04:52,304 [main] INFO  (DfSql2EntityTask#begin():108) - |                Sql2Entity                |
2023-09-02 10:04:52,305 [main] INFO  (DfSql2EntityTask#begin():109) - |                                          |
2023-09-02 10:04:52,306 [main] INFO  (DfSql2EntityTask#begin():110) - +------------------------------------------+
2023-09-02 10:04:52,341 [main] INFO  (DfDataSourceHandler#prepare():78) - ...Preparing data source:
2023-09-02 10:04:52,341 [main] INFO  (DfDataSourceHandler#prepare():79) -   driver = com.mysql.jdbc.Driver
2023-09-02 10:04:52,342 [main] INFO  (DfDataSourceHandler#prepare():80) -   url    = jdbc:mysql://localhost:3306/jlibrary
2023-09-02 10:04:52,343 [main] INFO  (DfDataSourceHandler#prepare():81) -   user   = root
2023-09-02 10:04:52,368 [main] INFO  (DfSql2EntityTask#setupControlTemplate():177) - 
2023-09-02 10:04:52,369 [main] INFO  (DfSql2EntityTask#setupControlTemplate():178) - ...Using Java control: om/ControlSql2EntityJava.vm
2023-09-02 10:04:52,388 [main] INFO  (DTDResolver#resolveEntity():195) - ...Resolving XML by database.dtd in same package
2023-09-02 10:04:52,517 [main] INFO  (DfSqlFileFireMan#fire():68) - ...Firing: GeneralUserBhv_selectNewGeneralUserId.sql
2023-09-02 10:04:52,535 [main] INFO  (DfDataSourceHandler#createConnection():166) - ...Connecting to database by data source:
2023-09-02 10:04:52,955 [main] INFO  (DfDataSourceHandler#setupConnectionMetaInfo():233) -   product = MySQL 5.5.5-10.4.28-MariaDB
2023-09-02 10:04:52,956 [main] INFO  (DfDataSourceHandler#setupConnectionMetaInfo():234) -   driver  = MySQL Connector Java mysql-connector-java-5.1.49 ( Revision: ad86f36e100e104cd926c6b81c8cab9565750116 ) for JDBC 4.0
2023-09-02 10:04:52,959 [main] INFO  (DfOutsideSqlAnalyzer#traceSql():330) - SQL:
/*
[df:title]
追加できる最小の一般利用者IDを取得する

[df:description]
追加できる最小の一般利用者IDを取得する
*/
-- #df:entity#
-- !df:pmb!
-- !!AutoDetect!!

select 
IFNULL(CONCAT('G',LPAD(MAX(SUBSTR(GENERAL_USER_ID,2)) + 1, 5,'0')), 'G00001') AS NEW_GENERAL_USER_ID 
from GENERAL_USER
2023-09-02 10:04:53,044 [main] INFO  (DfOutsideSqlAnalyzer#traceResult():336) -  -> success=1 failure=0
2023-09-02 10:04:53,045 [main] INFO  (DfSqlFileFireMan#fire():68) - ...Firing: StaffUserBhv_selectNewStaffUserId.sql
2023-09-02 10:04:53,047 [main] INFO  (DfOutsideSqlAnalyzer#traceSql():330) - SQL:
/*
[df:title]
追加できる最小の職員IDを取得する

[df:description]
追加できる最小の職員IDを取得する
*/
-- #df:entity#
-- !df:pmb!
-- !!AutoDetect!!

select 
IFNULL(CONCAT('G',LPAD(MAX(SUBSTR(STAFF_USER_ID,2)) + 1, 5,'0')), 'G00001') AS NEW_STAFF_USER_ID 
from STAFF_USER
2023-09-02 10:04:53,057 [main] INFO  (DfOutsideSqlAnalyzer#traceResult():336) -  -> success=1 failure=0
2023-09-02 10:04:53,058 [main] INFO  (DfSqlFileFireMan#fire():93) - Fired SQL: success=2, failure=0 (in 2 files)
2023-09-02 10:04:53,113 [main] INFO  (DfSql2EntityTask#initControlContext():311) - 
2023-09-02 10:04:53,114 [main] INFO  (DfSql2EntityTask#initControlContext():312) - ...Preparing generation of customize-entities and parameter-beans
2023-09-02 10:04:53,114 [main] INFO  (DfSql2EntityTask#initControlContext():313) - * * * * * * * * * *
2023-09-02 10:04:53,114 [main] INFO  (DfSql2EntityTask#initControlContext():314) - * CustomizeEntity *
2023-09-02 10:04:53,115 [main] INFO  (DfSql2EntityTask#initControlContext():315) - * * * * * * * * * *
2023-09-02 10:04:53,134 [main] INFO  (DfSql2EntityTask#showCustomizeEntity():927) - 
NewGeneralUserId
  NEW_GENERAL_USER_ID VARCHAR(6)

NewStaffUserId
  NEW_STAFF_USER_ID VARCHAR(6)
2023-09-02 10:04:53,135 [main] INFO  (DfSql2EntityTask#showParameterBean():932) - * * * * * * * * *
2023-09-02 10:04:53,136 [main] INFO  (DfSql2EntityTask#showParameterBean():933) - * ParameterBean *
2023-09-02 10:04:53,136 [main] INFO  (DfSql2EntityTask#showParameterBean():934) - * * * * * * * * *
2023-09-02 10:04:53,137 [main] INFO  (DfSql2EntityTask#showParameterBean():976) - 
NewGeneralUserIdPmb (typed to list, entity)

NewStaffUserIdPmb (typed to list, entity)
2023-09-02 10:04:53,164 [main] INFO  (DfAbstractTexenTask#fireVelocityProcess():253) - generator.parse("om/ControlSql2EntityJava.vm", ctx);
2023-09-02 10:04:53,179 [main] INFO  (DfFlutistLog4JLogSystem#init():45) - ...Suppressing velocity.log, which is unneeded for also debug
2023-09-02 10:04:53,384 [main] INFO  (DfClsDeploymentInitializer#initializeClassificationDeployment():67) - ...Initializing ClassificationDeployment: project=jlibrary
2023-09-02 10:04:53,385 [main] INFO  (DfClsDeploymentInitializer#initializeClassificationDeployment():67) - ...Initializing ClassificationDeployment: project=jlibrary
2023-09-02 10:04:53,392 [main] INFO  (Database#doEnableSql2EntityOutputDirectory():1225) - ...Setting up sql2EntityOutputDirectory: ../src/main/java
2023-09-02 10:04:53,395 [main] INFO  (DfOldClassHandler#info():1045) - public void deleteOldCustomizeClass() {
2023-09-02 10:04:53,409 [main] INFO  (DfOldClassHandler#info():1045) - }
2023-09-02 10:04:53,410 [main] INFO  (Database#info():2852) - public void parseCustomizeEntity() {
2023-09-02 10:04:53,512 [main] INFO  (Database#info():2852) -     parse('NewGeneralUserId')
2023-09-02 10:04:53,582 [main] INFO  (Database#info():2852) -     parse('NewStaffUserId')
2023-09-02 10:04:53,585 [main] INFO  (Database#info():2852) - }
2023-09-02 10:04:53,587 [main] INFO  (Database#info():2852) - public void parseParameterBean() {
2023-09-02 10:04:53,594 [main] INFO  (Database#info():2852) -     parse('NewGeneralUserIdPmb');
2023-09-02 10:04:53,646 [main] INFO  (Database#info():2852) -     parse('NewStaffUserIdPmb');
2023-09-02 10:04:53,668 [main] INFO  (Database#info():2852) - }
2023-09-02 10:04:53,720 [main] INFO  (DfSql2EntityTask#showTargetSqlFileInformation():303) - 
/- - - - - - - - - - - - - - - - - - - - - - - -
Target SQL files: 2

  GeneralUserBhv_selectNewGeneralUserId.sql
  StaffUserBhv_selectNewStaffUserId.sql
- - - - - - - - - -/
2023-09-02 10:04:53,727 [main] INFO  (DfRefreshResourceProcess#show():295) - /===========================================================================
2023-09-02 10:04:53,728 [main] INFO  (DfRefreshResourceProcess#show():295) - ...Refreshing [jlibrary] by http://localhost:8386/
2023-09-02 10:04:53,746 [main] INFO  (DfRefreshResourceProcess#show():295) - ...Retrying refreshing by default secondary URL http://localhost:8387/
2023-09-02 10:04:53,747 [main] INFO  (DfRefreshResourceProcess#show():295) - Failed to refresh the resources (continued): url=http://localhost:8386/, cause=ConnectException(Connection refused)
2023-09-02 10:04:53,748 [main] INFO  (DfRefreshResourceProcess#show():295) - ==========/
2023-09-02 10:04:53,748 [main] INFO  (DfDataSourceHandler#destroy():120) - ...closeReally()
2023-09-02 10:04:53,764 [main] INFO  (DfDBFluteTaskUtil#logFinalMessage():139) - 
_/_/_/_/_/_/_/_/_/_/_/_/_/_/_/_/_/_/_/_/_/_/
[Final Message]: 00m01s485ms

  DBFLUTE_CLIENT: {jlibrary}
    database  = mysql (MySQL 5.5.5-10.4.28-MariaDB)
    language  = java
    container = spring
    package   = jp.co.jwebgate.jlibrary.dbflute

  DBFLUTE_ENVIRONMENT_TYPE: {}
    driver = com.mysql.jdbc.Driver
    url    = jdbc:mysql://localhost:3306/jlibrary
    schema = {jlibrary.$$NoNameSchema$$ as main}
    user   = root
    props  = {}
    additionalSchema = 
    repsEnvType      = ut
    refreshProject   = $$AutoDetect$$
_/_/_/_/_/_/_/_/_/_/ {Sql2Entity}
2023-09-02 14:17:00,083 [main] INFO  (DfReplaceSchemaTask#begin():94) - +------------------------------------------+
2023-09-02 14:17:00,086 [main] INFO  (DfReplaceSchemaTask#begin():95) - |                                          |
2023-09-02 14:17:00,087 [main] INFO  (DfReplaceSchemaTask#begin():96) - |              ReplaceSchema               |
2023-09-02 14:17:00,097 [main] INFO  (DfReplaceSchemaTask#begin():104) - |                                          |
2023-09-02 14:17:00,098 [main] INFO  (DfReplaceSchemaTask#begin():105) - +------------------------------------------+
2023-09-02 14:17:00,099 [main] INFO  (DfReplaceSchemaTask#waitBeforeReps():423) - ...Waiting for your GO SIGN from stdin before ReplaceSchema:
2023-09-02 14:17:02,053 [main] INFO  (DfDataSourceHandler#prepare():78) - ...Preparing data source:
2023-09-02 14:17:02,054 [main] INFO  (DfDataSourceHandler#prepare():79) -   driver = com.mysql.jdbc.Driver
2023-09-02 14:17:02,054 [main] INFO  (DfDataSourceHandler#prepare():80) -   url    = jdbc:mysql://localhost:3306/jlibrary
2023-09-02 14:17:02,054 [main] INFO  (DfDataSourceHandler#prepare():81) -   user   = root
2023-09-02 14:17:02,068 [main] INFO  (DfDataSourceHandler#createConnection():166) - ...Connecting to database by data source:
2023-09-02 14:17:02,493 [main] INFO  (DfDataSourceHandler#setupConnectionMetaInfo():233) -   product = MySQL 5.5.5-10.4.28-MariaDB
2023-09-02 14:17:02,494 [main] INFO  (DfDataSourceHandler#setupConnectionMetaInfo():234) -   driver  = MySQL Connector Java mysql-connector-java-5.1.49 ( Revision: ad86f36e100e104cd926c6b81c8cab9565750116 ) for JDBC 4.0
2023-09-02 14:17:02,514 [main] INFO  (DfCreateSchemaProcess#initializeSchemaMainDrop():253) - 
2023-09-02 14:17:02,514 [main] INFO  (DfCreateSchemaProcess#initializeSchemaMainDrop():254) - * * * * * * * * * * *
2023-09-02 14:17:02,515 [main] INFO  (DfCreateSchemaProcess#initializeSchemaMainDrop():255) - *                   *
2023-09-02 14:17:02,515 [main] INFO  (DfCreateSchemaProcess#initializeSchemaMainDrop():256) - * Initialize Schema *
2023-09-02 14:17:02,516 [main] INFO  (DfCreateSchemaProcess#initializeSchemaMainDrop():257) - *                   *
2023-09-02 14:17:02,516 [main] INFO  (DfCreateSchemaProcess#initializeSchemaMainDrop():258) - * * * * * * * * * * *
2023-09-02 14:17:02,532 [main] INFO  (DfTableExtractor#doGetTableList():66) - ...Getting tables:
2023-09-02 14:17:02,532 [main] INFO  (DfTableExtractor#doGetTableList():67) -   schema = {jlibrary.$$NoNameSchema$$ as main}
2023-09-02 14:17:02,533 [main] INFO  (DfTableExtractor#doGetTableList():68) -   types  = [TABLE, VIEW]
2023-09-02 14:17:02,600 [main] INFO  (DfSchemaInitializerJdbc#logReplaceSql():614) - truncate table BOOK
2023-09-02 14:17:02,636 [main] INFO  (DfSchemaInitializerJdbc#logReplaceSql():614) - truncate table USER_ROLE_MAP
2023-09-02 14:17:02,662 [main] INFO  (DfSchemaInitializerJdbc#logReplaceSql():614) - alter table USER_ROLE_MAP drop foreign key user_role_map_ibfk_2
2023-09-02 14:17:02,687 [main] INFO  (DfSchemaInitializerJdbc#logReplaceSql():614) - alter table USER_ROLE_MAP drop foreign key user_role_map_ibfk_3
2023-09-02 14:17:02,699 [main] INFO  (DfSchemaInitializerJdbc#logReplaceSql():614) - alter table USER_ROLE_MAP drop foreign key user_role_map_ibfk_1
2023-09-02 14:17:02,710 [main] INFO  (DfSchemaInitializerJdbc#logReplaceSql():614) - drop table BOOK
2023-09-02 14:17:02,716 [main] INFO  (DfSchemaInitializerJdbc#logReplaceSql():614) - drop table GENERAL_USER
2023-09-02 14:17:02,722 [main] INFO  (DfSchemaInitializerJdbc#logReplaceSql():614) - drop table ROLE
2023-09-02 14:17:02,728 [main] INFO  (DfSchemaInitializerJdbc#logReplaceSql():614) - drop table STAFF_USER
2023-09-02 14:17:02,733 [main] INFO  (DfSchemaInitializerJdbc#logReplaceSql():614) - drop table USER_ROLE_MAP
2023-09-02 14:17:02,768 [main] INFO  (DfCreateSchemaProcess#createSchema():293) - 
2023-09-02 14:17:02,769 [main] INFO  (DfCreateSchemaProcess#createSchema():294) - * * * * * * * * *
2023-09-02 14:17:02,770 [main] INFO  (DfCreateSchemaProcess#createSchema():295) - *               *
2023-09-02 14:17:02,770 [main] INFO  (DfCreateSchemaProcess#createSchema():296) - * Create Schema *
2023-09-02 14:17:02,770 [main] INFO  (DfCreateSchemaProcess#createSchema():297) - *               *
2023-09-02 14:17:02,771 [main] INFO  (DfCreateSchemaProcess#createSchema():298) - * * * * * * * * *
2023-09-02 14:17:02,775 [main] INFO  (DfSqlFileFireMan#fire():68) - ...Firing: replace-schema.sql
2023-09-02 14:17:02,782 [main] INFO  (DfSqlFileRunnerBase#traceSql():168) - 
CREATE TABLE `ROLE` (
  `ID` INT (50) NOT NULL COMMENT 'ID' AUTO_INCREMENT,
  `CD` VARCHAR (255) NOT NULL COMMENT 'コード',
  `NAME` VARCHAR (255) NOT NULL COMMENT '名称',
  `REMARKS` VARCHAR (255) DEFAULT NULL COMMENT '備考',
  `DELETE_FLG` CHAR (1) NOT NULL DEFAULT '0' COMMENT '削除フラグ',
  `VERSION` INT (50) NOT NULL DEFAULT '0' COMMENT 'バージョン',
  `CREATED` DATETIME NOT NULL DEFAULT CURRENT_TIMESTAMP ON UPDATE CURRENT_TIMESTAMP COMMENT '登録日時',
  `MODIFIED` DATETIME NOT NULL DEFAULT CURRENT_TIMESTAMP ON UPDATE CURRENT_TIMESTAMP COMMENT '更新日時',
  `MODIFIED_BY` VARCHAR (255) NOT NULL COMMENT '更新者',
  PRIMARY KEY(ID)
)
COMMENT='権限'
2023-09-02 14:17:02,802 [main] INFO  (DfSqlFileRunnerBase#traceSql():168) - 
CREATE TABLE `STAFF_USER` (
  `ID` INT (50) NOT NULL COMMENT 'ID' AUTO_INCREMENT,
  `STAFF_USER_ID` VARCHAR (10) NOT NULL COMMENT '職員ID',
  `PASSWORD` VARCHAR (255) NOT NULL COMMENT 'パスワード',
  `NAME_KANA` VARCHAR (50) NOT NULL COMMENT '氏名カナ',
  `NAME` VARCHAR (25) COMMENT '氏名',
  `EMAIL` VARCHAR (255) COMMENT 'メールアドレス',
  `REMARKS` VARCHAR (255) DEFAULT NULL COMMENT '備考',
  `DELETE_FLG` CHAR (1) NOT NULL DEFAULT '0' COMMENT '削除フラグ',
  `VERSION` INT (50) DEFAULT '0' COMMENT 'バージョン',
  `CREATED` DATETIME DEFAULT CURRENT_TIMESTAMP ON UPDATE CURRENT_TIMESTAMP COMMENT '登録日時',
  `MODIFIED` DATETIME DEFAULT CURRENT_TIMESTAMP ON UPDATE CURRENT_TIMESTAMP COMMENT '更新日時',
  `MODIFIED_BY` VARCHAR (255) COMMENT '更新者',
  PRIMARY KEY(ID,STAFF_USER_ID),
  UNIQUE KEY(STAFF_USER_ID)
)
COMMENT='職員'
2023-09-02 14:17:02,821 [main] INFO  (DfSqlFileRunnerBase#traceSql():168) - 
CREATE TABLE `GENERAL_USER` (
  `ID` INT (50) NOT NULL COMMENT 'ID' AUTO_INCREMENT,
  `GENERAL_USER_ID` VARCHAR (10) NOT NULL COMMENT '利用者ID',
  `PASSWORD` VARCHAR (255) NOT NULL COMMENT 'パスワード',
  `NAME_KANA` VARCHAR (50) NOT NULL COMMENT 'フリガナ',
  `NAME` VARCHAR (25) COMMENT '氏名',
  `BIRTHDAY` DATE COMMENT '生年月日',
  `PHONE_NUMBER` VARCHAR (11) COMMENT '電話番号',
  `ADDRESS` VARCHAR (100) COMMENT '住所',
  `REMARKS` VARCHAR (255) DEFAULT NULL COMMENT '備考',
  `DELETE_FLG` CHAR (1) NOT NULL DEFAULT '0' COMMENT '削除フラグ',
  `VERSION` INT (50) NOT NULL DEFAULT '0' COMMENT 'バージョン',
  `CREATED` DATETIME DEFAULT CURRENT_TIMESTAMP ON UPDATE CURRENT_TIMESTAMP COMMENT '登録日時',
  `MODIFIED` DATETIME DEFAULT CURRENT_TIMESTAMP ON UPDATE CURRENT_TIMESTAMP COMMENT '更新日時',
  `MODIFIED_BY` VARCHAR (255) COMMENT '更新者',
  PRIMARY KEY(ID,GENERAL_USER_ID),
  UNIQUE KEY(GENERAL_USER_ID)
)
COMMENT='一般利用者'
2023-09-02 14:17:02,837 [main] INFO  (DfSqlFileRunnerBase#traceSql():168) - 
CREATE TABLE `USER_ROLE_MAP` (
  `ID` INT (50) NOT NULL COMMENT 'ID' AUTO_INCREMENT,
  `STAFF_USER_ID` VARCHAR (255) COMMENT '職員ID',
  `GENERAL_USER_ID` VARCHAR (255) COMMENT '利用者ID',
  `ROLE_ID` INT (50) NOT NULL COMMENT '権限ID',
  `REMARKS` VARCHAR (255) DEFAULT NULL COMMENT '備考',
  `DELETE_FLG` CHAR (1) NOT NULL DEFAULT '0' COMMENT '削除フラグ',
  `VERSION` INT (50) DEFAULT '0' COMMENT 'バージョン',
  `CREATED` DATETIME DEFAULT CURRENT_TIMESTAMP ON UPDATE CURRENT_TIMESTAMP COMMENT '登録日時',
  `MODIFIED` DATETIME DEFAULT CURRENT_TIMESTAMP ON UPDATE CURRENT_TIMESTAMP COMMENT '更新日時',
  `MODIFIED_BY` VARCHAR (255) COMMENT '更新者',
  PRIMARY KEY(ID),
  UNIQUE KEY(STAFF_USER_ID,GENERAL_USER_ID,ROLE_ID),
  FOREIGN KEY (STAFF_USER_ID) REFERENCES STAFF_USER(STAFF_USER_ID),
  FOREIGN KEY (GENERAL_USER_ID) REFERENCES GENERAL_USER(GENERAL_USER_ID),
  FOREIGN KEY (ROLE_ID) REFERENCES ROLE(ID)
)
COMMENT='ユーザー権限マップ'
2023-09-02 14:17:02,854 [main] INFO  (DfSqlFileRunnerBase#traceSql():168) - 
CREATE TABLE `BOOK` (
  `ID` INT (50) NOT NULL COMMENT 'ID' AUTO_INCREMENT,
  `TITLE` VARCHAR (255) NOT NULL COMMENT 'タイトル',
  `AUTHOR` VARCHAR (50) NOT NULL COMMENT '著者',
  `ISBN_10` VARCHAR (10) COMMENT 'ISBN-10',
  `ISBN_13` VARCHAR (13) COMMENT 'ISBN-13',
  `PUBLISHER` VARCHAR (25) NOT NULL COMMENT '出版社',
  `GENRE` VARCHAR (3) COMMENT 'ジャンルID',
  `SHELF_NUMBER` VARCHAR (3) COMMENT '棚番号',
  `CONTROL_NUMBER` VARCHAR (10) NOT NULL COMMENT '管理番号',
  `REMARKS` VARCHAR (255) DEFAULT NULL COMMENT '備考',
  `DELETE_FLG` CHAR (1) NOT NULL DEFAULT '0' COMMENT '削除フラグ',
  `VERSION` INT (50) DEFAULT '0' COMMENT 'バージョン',
  `CREATED` DATETIME DEFAULT CURRENT_TIMESTAMP ON UPDATE CURRENT_TIMESTAMP COMMENT '登録日時',
  `MODIFIED` DATETIME DEFAULT CURRENT_TIMESTAMP ON UPDATE CURRENT_TIMESTAMP COMMENT '更新日時',
  `MODIFIED_BY` VARCHAR (255) COMMENT '更新者',
  PRIMARY KEY(ID,CONTROL_NUMBER),
  FOREIGN KEY (GENRE) REFERENCES GENRE(GENRE_ID)
)
COMMENT='図書'
2023-09-02 14:17:02,872 [main] INFO  (DfSqlFileFireMan#fire():93) - Create Schema: success=4, failure=1 *break (in 1 files)
2023-09-02 14:17:02,879 [main] ERROR (DfDBFluteTaskUtil#logException():150) - Look! Read the message below.
/* * * * * * * * * * * * * * * * * * * * * * * * * * * * * * * * * *
Failed to execute DBFlute Task 'ReplaceSchema'.

[Advice]
Check the exception messages and the stack traces.

[Database Product]
MySQL 5.5.5-10.4.28-MariaDB

[JDBC Driver]
MySQL Connector Java mysql-connector-java-5.1.49 ( Revision: ad86f36e100e104cd926c6b81c8cab9565750116 ) for JDBC 4.0
* * * * * * * * * */
org.dbflute.exception.SQLFailureException: Look! Read the message below.
/* * * * * * * * * * * * * * * * * * * * * * * * * * * * * * * * * *
Failed to execute the SQL!

[SQL File]
playsql/replace-schema.sql

[Executed SQL]
CREATE TABLE `BOOK` (
  `ID` INT (50) NOT NULL COMMENT 'ID' AUTO_INCREMENT,
  `TITLE` VARCHAR (255) NOT NULL COMMENT 'タイトル',
  `AUTHOR` VARCHAR (50) NOT NULL COMMENT '著者',
  `ISBN_10` VARCHAR (10) COMMENT 'ISBN-10',
  `ISBN_13` VARCHAR (13) COMMENT 'ISBN-13',
  `PUBLISHER` VARCHAR (25) NOT NULL COMMENT '出版社',
  `GENRE` VARCHAR (3) COMMENT 'ジャンルID',
  `SHELF_NUMBER` VARCHAR (3) COMMENT '棚番号',
  `CONTROL_NUMBER` VARCHAR (10) NOT NULL COMMENT '管理番号',
  `REMARKS` VARCHAR (255) DEFAULT NULL COMMENT '備考',
  `DELETE_FLG` CHAR (1) NOT NULL DEFAULT '0' COMMENT '削除フラグ',
  `VERSION` INT (50) DEFAULT '0' COMMENT 'バージョン',
  `CREATED` DATETIME DEFAULT CURRENT_TIMESTAMP ON UPDATE CURRENT_TIMESTAMP COMMENT '登録日時',
  `MODIFIED` DATETIME DEFAULT CURRENT_TIMESTAMP ON UPDATE CURRENT_TIMESTAMP COMMENT '更新日時',
  `MODIFIED_BY` VARCHAR (255) COMMENT '更新者',
  PRIMARY KEY(ID,CONTROL_NUMBER),
  FOREIGN KEY (GENRE) REFERENCES GENRE(GENRE_ID)
)
COMMENT='図書'

[SQLState]
HY000

[ErrorCode]
1005

[SQLException]
java.sql.SQLException
Can't create table `jlibrary`.`book` (errno: 150 "Foreign key constraint is incorrectly formed")
* * * * * * * * * */
	at org.dbflute.helper.jdbc.sqlfile.DfSqlFileRunnerBase.throwSQLFailureException(DfSqlFileRunnerBase.java:587)
	at org.dbflute.helper.jdbc.sqlfile.DfSqlFileRunnerExecute.execSQL(DfSqlFileRunnerExecute.java:80)
	at org.dbflute.helper.jdbc.sqlfile.DfSqlFileRunnerBase.runTransaction(DfSqlFileRunnerBase.java:122)
	at org.dbflute.helper.jdbc.sqlfile.DfSqlFileFireMan.processSqlFile(DfSqlFileFireMan.java:174)
	at org.dbflute.helper.jdbc.sqlfile.DfSqlFileFireMan.fire(DfSqlFileFireMan.java:71)
	at org.dbflute.logic.replaceschema.process.DfCreateSchemaProcess.createSchema(DfCreateSchemaProcess.java:302)
	at org.dbflute.logic.replaceschema.process.DfCreateSchemaProcess.execute(DfCreateSchemaProcess.java:154)
	at org.dbflute.task.DfReplaceSchemaTask.createSchema(DfReplaceSchemaTask.java:309)
	at org.dbflute.task.DfReplaceSchemaTask.executeCoreProcess(DfReplaceSchemaTask.java:254)
	at org.dbflute.task.DfReplaceSchemaTask.processReplaceSchema(DfReplaceSchemaTask.java:240)
	at org.dbflute.task.DfReplaceSchemaTask.doExecute(DfReplaceSchemaTask.java:160)
	at org.dbflute.task.bs.DfAbstractTexenTask$1.callActualExecute(DfAbstractTexenTask.java:129)
	at org.dbflute.task.bs.assistant.DfTaskBasicController.doExecute(DfTaskBasicController.java:192)
	at org.dbflute.task.bs.assistant.DfTaskBasicController.execute(DfTaskBasicController.java:78)
	at org.dbflute.task.bs.DfAbstractTexenTask.execute(DfAbstractTexenTask.java:151)
	at org.apache.tools.ant.UnknownElement.execute(UnknownElement.java:288)
	at java.base/jdk.internal.reflect.DirectMethodHandleAccessor.invoke(DirectMethodHandleAccessor.java:104)
	at java.base/java.lang.reflect.Method.invoke(Method.java:578)
	at org.apache.tools.ant.dispatch.DispatchUtils.execute(DispatchUtils.java:105)
	at org.apache.tools.ant.Task.perform(Task.java:348)
	at org.apache.tools.ant.Target.execute(Target.java:357)
	at org.apache.tools.ant.Target.performTasks(Target.java:385)
	at org.apache.tools.ant.Project.executeSortedTargets(Project.java:1329)
	at org.apache.tools.ant.Project.executeTarget(Project.java:1298)
	at org.apache.tools.ant.helper.DefaultExecutor.executeTargets(DefaultExecutor.java:41)
	at org.apache.tools.ant.Project.executeTargets(Project.java:1181)
	at org.apache.tools.ant.Main.runBuild(Main.java:698)
	at org.apache.tools.ant.Main.startAnt(Main.java:199)
	at org.apache.tools.ant.launch.Launcher.run(Launcher.java:257)
	at org.apache.tools.ant.launch.Launcher.main(Launcher.java:104)
Caused by: java.sql.SQLException: Can't create table `jlibrary`.`book` (errno: 150 "Foreign key constraint is incorrectly formed")
	at com.mysql.jdbc.SQLError.createSQLException(SQLError.java:965)
	at com.mysql.jdbc.MysqlIO.checkErrorPacket(MysqlIO.java:3933)
	at com.mysql.jdbc.MysqlIO.checkErrorPacket(MysqlIO.java:3869)
	at com.mysql.jdbc.MysqlIO.sendCommand(MysqlIO.java:2524)
	at com.mysql.jdbc.MysqlIO.sqlQueryDirect(MysqlIO.java:2675)
	at com.mysql.jdbc.ConnectionImpl.execSQL(ConnectionImpl.java:2465)
	at com.mysql.jdbc.ConnectionImpl.execSQL(ConnectionImpl.java:2439)
	at com.mysql.jdbc.StatementImpl.executeInternal(StatementImpl.java:829)
	at com.mysql.jdbc.StatementImpl.execute(StatementImpl.java:729)
	at org.dbflute.helper.jdbc.sqlfile.DfSqlFileRunnerExecute.processNonDispatch(DfSqlFileRunnerExecute.java:98)
	at org.dbflute.logic.replaceschema.process.DfCreateSchemaProcess$DfSqlFileRunnerExecuteCreateSchema.processNonDispatch(DfCreateSchemaProcess.java:490)
	at org.dbflute.helper.jdbc.sqlfile.DfSqlFileRunnerExecute.execSQL(DfSqlFileRunnerExecute.java:66)
	... 28 more
2023-09-02 14:17:02,895 [main] INFO  (DfDataSourceHandler#destroy():120) - ...closeReally()
2023-09-02 14:17:02,907 [main] INFO  (DfDBFluteTaskUtil#logFinalMessage():139) - 
_/_/_/_/_/_/_/_/_/_/_/_/_/_/_/_/_/_/_/_/_/_/
[Final Message]: 00m02s849ms *Abort

  DBFLUTE_CLIENT: {jlibrary}
    database  = mysql (MySQL 5.5.5-10.4.28-MariaDB)
    language  = java
    container = spring
    package   = jp.co.jwebgate.jlibrary.dbflute

  DBFLUTE_ENVIRONMENT_TYPE: {}
    driver = com.mysql.jdbc.Driver
    url    = jdbc:mysql://localhost:3306/jlibrary
    schema = {jlibrary.$$NoNameSchema$$ as main}
    user   = root
    props  = {}
    additionalSchema = 
    repsEnvType      = ut
    refreshProject   = $$AutoDetect$$

 Create Schema: success=4, failure=1 *break (in 1 files) - 00m00s363ms
  (Initialize Schema) - 00m00s253ms
  (Create Schema) - 00m00s101ms
  x replace-schema.sql
   >> (failed: Look at the exception message)
    * * * * * *
    * Failure *
    * * * * * *
_/_/_/_/_/_/_/_/_/_/ {ReplaceSchema}
2023-09-02 14:17:58,335 [main] INFO  (DfReplaceSchemaTask#begin():94) - +------------------------------------------+
2023-09-02 14:17:58,337 [main] INFO  (DfReplaceSchemaTask#begin():95) - |                                          |
2023-09-02 14:17:58,338 [main] INFO  (DfReplaceSchemaTask#begin():96) - |              ReplaceSchema               |
2023-09-02 14:17:58,348 [main] INFO  (DfReplaceSchemaTask#begin():104) - |                                          |
2023-09-02 14:17:58,348 [main] INFO  (DfReplaceSchemaTask#begin():105) - +------------------------------------------+
2023-09-02 14:17:58,350 [main] INFO  (DfReplaceSchemaTask#waitBeforeReps():423) - ...Waiting for your GO SIGN from stdin before ReplaceSchema:
2023-09-02 14:17:59,415 [main] INFO  (DfDataSourceHandler#prepare():78) - ...Preparing data source:
2023-09-02 14:17:59,416 [main] INFO  (DfDataSourceHandler#prepare():79) -   driver = com.mysql.jdbc.Driver
2023-09-02 14:17:59,416 [main] INFO  (DfDataSourceHandler#prepare():80) -   url    = jdbc:mysql://localhost:3306/jlibrary
2023-09-02 14:17:59,417 [main] INFO  (DfDataSourceHandler#prepare():81) -   user   = root
2023-09-02 14:17:59,430 [main] INFO  (DfDataSourceHandler#createConnection():166) - ...Connecting to database by data source:
2023-09-02 14:18:00,096 [main] INFO  (DfDataSourceHandler#setupConnectionMetaInfo():233) -   product = MySQL 5.5.5-10.4.28-MariaDB
2023-09-02 14:18:00,096 [main] INFO  (DfDataSourceHandler#setupConnectionMetaInfo():234) -   driver  = MySQL Connector Java mysql-connector-java-5.1.49 ( Revision: ad86f36e100e104cd926c6b81c8cab9565750116 ) for JDBC 4.0
2023-09-02 14:18:00,118 [main] INFO  (DfCreateSchemaProcess#initializeSchemaMainDrop():253) - 
2023-09-02 14:18:00,118 [main] INFO  (DfCreateSchemaProcess#initializeSchemaMainDrop():254) - * * * * * * * * * * *
2023-09-02 14:18:00,119 [main] INFO  (DfCreateSchemaProcess#initializeSchemaMainDrop():255) - *                   *
2023-09-02 14:18:00,120 [main] INFO  (DfCreateSchemaProcess#initializeSchemaMainDrop():256) - * Initialize Schema *
2023-09-02 14:18:00,120 [main] INFO  (DfCreateSchemaProcess#initializeSchemaMainDrop():257) - *                   *
2023-09-02 14:18:00,120 [main] INFO  (DfCreateSchemaProcess#initializeSchemaMainDrop():258) - * * * * * * * * * * *
2023-09-02 14:18:00,137 [main] INFO  (DfTableExtractor#doGetTableList():66) - ...Getting tables:
2023-09-02 14:18:00,137 [main] INFO  (DfTableExtractor#doGetTableList():67) -   schema = {jlibrary.$$NoNameSchema$$ as main}
2023-09-02 14:18:00,137 [main] INFO  (DfTableExtractor#doGetTableList():68) -   types  = [TABLE, VIEW]
2023-09-02 14:18:00,196 [main] INFO  (DfSchemaInitializerJdbc#logReplaceSql():614) - truncate table USER_ROLE_MAP
2023-09-02 14:18:00,215 [main] INFO  (DfSchemaInitializerJdbc#logReplaceSql():614) - alter table USER_ROLE_MAP drop foreign key user_role_map_ibfk_2
2023-09-02 14:18:00,228 [main] INFO  (DfSchemaInitializerJdbc#logReplaceSql():614) - alter table USER_ROLE_MAP drop foreign key user_role_map_ibfk_3
2023-09-02 14:18:00,237 [main] INFO  (DfSchemaInitializerJdbc#logReplaceSql():614) - alter table USER_ROLE_MAP drop foreign key user_role_map_ibfk_1
2023-09-02 14:18:00,245 [main] INFO  (DfSchemaInitializerJdbc#logReplaceSql():614) - drop table GENERAL_USER
2023-09-02 14:18:00,250 [main] INFO  (DfSchemaInitializerJdbc#logReplaceSql():614) - drop table ROLE
2023-09-02 14:18:00,255 [main] INFO  (DfSchemaInitializerJdbc#logReplaceSql():614) - drop table STAFF_USER
2023-09-02 14:18:00,261 [main] INFO  (DfSchemaInitializerJdbc#logReplaceSql():614) - drop table USER_ROLE_MAP
2023-09-02 14:18:00,300 [main] INFO  (DfCreateSchemaProcess#createSchema():293) - 
2023-09-02 14:18:00,300 [main] INFO  (DfCreateSchemaProcess#createSchema():294) - * * * * * * * * *
2023-09-02 14:18:00,301 [main] INFO  (DfCreateSchemaProcess#createSchema():295) - *               *
2023-09-02 14:18:00,301 [main] INFO  (DfCreateSchemaProcess#createSchema():296) - * Create Schema *
2023-09-02 14:18:00,301 [main] INFO  (DfCreateSchemaProcess#createSchema():297) - *               *
2023-09-02 14:18:00,301 [main] INFO  (DfCreateSchemaProcess#createSchema():298) - * * * * * * * * *
2023-09-02 14:18:00,305 [main] INFO  (DfSqlFileFireMan#fire():68) - ...Firing: replace-schema.sql
2023-09-02 14:18:00,313 [main] INFO  (DfSqlFileRunnerBase#traceSql():168) - 
CREATE TABLE `ROLE` (
  `ID` INT (50) NOT NULL COMMENT 'ID' AUTO_INCREMENT,
  `CD` VARCHAR (255) NOT NULL COMMENT 'コード',
  `NAME` VARCHAR (255) NOT NULL COMMENT '名称',
  `REMARKS` VARCHAR (255) DEFAULT NULL COMMENT '備考',
  `DELETE_FLG` CHAR (1) NOT NULL DEFAULT '0' COMMENT '削除フラグ',
  `VERSION` INT (50) NOT NULL DEFAULT '0' COMMENT 'バージョン',
  `CREATED` DATETIME NOT NULL DEFAULT CURRENT_TIMESTAMP ON UPDATE CURRENT_TIMESTAMP COMMENT '登録日時',
  `MODIFIED` DATETIME NOT NULL DEFAULT CURRENT_TIMESTAMP ON UPDATE CURRENT_TIMESTAMP COMMENT '更新日時',
  `MODIFIED_BY` VARCHAR (255) NOT NULL COMMENT '更新者',
  PRIMARY KEY(ID)
)
COMMENT='権限'
2023-09-02 14:18:00,327 [main] INFO  (DfSqlFileRunnerBase#traceSql():168) - 
CREATE TABLE `GENRE` (
  `ID` INT (50) NOT NULL COMMENT 'ID' AUTO_INCREMENT,
  `GENRE_ID` VARCHAR (3) NOT NULL COMMENT 'ジャンルID',
  `GENRE_NAME` VARCHAR (25) NOT NULL COMMENT 'ジャンル名',
  `PARENT_GENRE_ID` VARCHAR (3) COMMENT '親ジャンルID',
  `REMARKS` VARCHAR (255) DEFAULT NULL COMMENT '備考',
  `DELETE_FLG` CHAR (1) NOT NULL DEFAULT '0' COMMENT '削除フラグ',
  `VERSION` INT (50) DEFAULT '0' COMMENT 'バージョン',
  `CREATED` DATETIME DEFAULT CURRENT_TIMESTAMP ON UPDATE CURRENT_TIMESTAMP COMMENT '登録日時',
  `MODIFIED` DATETIME DEFAULT CURRENT_TIMESTAMP ON UPDATE CURRENT_TIMESTAMP COMMENT '更新日時',
  `MODIFIED_BY` VARCHAR (255) COMMENT '更新者',
  PRIMARY KEY(ID,GENRE_ID)
)
COMMENT='ジャンル'
2023-09-02 14:18:00,346 [main] INFO  (DfSqlFileRunnerBase#traceSql():168) - 
CREATE TABLE `STAFF_USER` (
  `ID` INT (50) NOT NULL COMMENT 'ID' AUTO_INCREMENT,
  `STAFF_USER_ID` VARCHAR (10) NOT NULL COMMENT '職員ID',
  `PASSWORD` VARCHAR (255) NOT NULL COMMENT 'パスワード',
  `NAME_KANA` VARCHAR (50) NOT NULL COMMENT '氏名カナ',
  `NAME` VARCHAR (25) COMMENT '氏名',
  `EMAIL` VARCHAR (255) COMMENT 'メールアドレス',
  `REMARKS` VARCHAR (255) DEFAULT NULL COMMENT '備考',
  `DELETE_FLG` CHAR (1) NOT NULL DEFAULT '0' COMMENT '削除フラグ',
  `VERSION` INT (50) DEFAULT '0' COMMENT 'バージョン',
  `CREATED` DATETIME DEFAULT CURRENT_TIMESTAMP ON UPDATE CURRENT_TIMESTAMP COMMENT '登録日時',
  `MODIFIED` DATETIME DEFAULT CURRENT_TIMESTAMP ON UPDATE CURRENT_TIMESTAMP COMMENT '更新日時',
  `MODIFIED_BY` VARCHAR (255) COMMENT '更新者',
  PRIMARY KEY(ID,STAFF_USER_ID),
  UNIQUE KEY(STAFF_USER_ID)
)
COMMENT='職員'
2023-09-02 14:18:00,365 [main] INFO  (DfSqlFileRunnerBase#traceSql():168) - 
CREATE TABLE `GENERAL_USER` (
  `ID` INT (50) NOT NULL COMMENT 'ID' AUTO_INCREMENT,
  `GENERAL_USER_ID` VARCHAR (10) NOT NULL COMMENT '利用者ID',
  `PASSWORD` VARCHAR (255) NOT NULL COMMENT 'パスワード',
  `NAME_KANA` VARCHAR (50) NOT NULL COMMENT 'フリガナ',
  `NAME` VARCHAR (25) COMMENT '氏名',
  `BIRTHDAY` DATE COMMENT '生年月日',
  `PHONE_NUMBER` VARCHAR (11) COMMENT '電話番号',
  `ADDRESS` VARCHAR (100) COMMENT '住所',
  `REMARKS` VARCHAR (255) DEFAULT NULL COMMENT '備考',
  `DELETE_FLG` CHAR (1) NOT NULL DEFAULT '0' COMMENT '削除フラグ',
  `VERSION` INT (50) NOT NULL DEFAULT '0' COMMENT 'バージョン',
  `CREATED` DATETIME DEFAULT CURRENT_TIMESTAMP ON UPDATE CURRENT_TIMESTAMP COMMENT '登録日時',
  `MODIFIED` DATETIME DEFAULT CURRENT_TIMESTAMP ON UPDATE CURRENT_TIMESTAMP COMMENT '更新日時',
  `MODIFIED_BY` VARCHAR (255) COMMENT '更新者',
  PRIMARY KEY(ID,GENERAL_USER_ID),
  UNIQUE KEY(GENERAL_USER_ID)
)
COMMENT='一般利用者'
2023-09-02 14:18:00,384 [main] INFO  (DfSqlFileRunnerBase#traceSql():168) - 
CREATE TABLE `USER_ROLE_MAP` (
  `ID` INT (50) NOT NULL COMMENT 'ID' AUTO_INCREMENT,
  `STAFF_USER_ID` VARCHAR (255) COMMENT '職員ID',
  `GENERAL_USER_ID` VARCHAR (255) COMMENT '利用者ID',
  `ROLE_ID` INT (50) NOT NULL COMMENT '権限ID',
  `REMARKS` VARCHAR (255) DEFAULT NULL COMMENT '備考',
  `DELETE_FLG` CHAR (1) NOT NULL DEFAULT '0' COMMENT '削除フラグ',
  `VERSION` INT (50) DEFAULT '0' COMMENT 'バージョン',
  `CREATED` DATETIME DEFAULT CURRENT_TIMESTAMP ON UPDATE CURRENT_TIMESTAMP COMMENT '登録日時',
  `MODIFIED` DATETIME DEFAULT CURRENT_TIMESTAMP ON UPDATE CURRENT_TIMESTAMP COMMENT '更新日時',
  `MODIFIED_BY` VARCHAR (255) COMMENT '更新者',
  PRIMARY KEY(ID),
  UNIQUE KEY(STAFF_USER_ID,GENERAL_USER_ID,ROLE_ID),
  FOREIGN KEY (STAFF_USER_ID) REFERENCES STAFF_USER(STAFF_USER_ID),
  FOREIGN KEY (GENERAL_USER_ID) REFERENCES GENERAL_USER(GENERAL_USER_ID),
  FOREIGN KEY (ROLE_ID) REFERENCES ROLE(ID)
)
COMMENT='ユーザー権限マップ'
2023-09-02 14:18:00,406 [main] INFO  (DfSqlFileRunnerBase#traceSql():168) - 
CREATE TABLE `BOOK` (
  `ID` INT (50) NOT NULL COMMENT 'ID' AUTO_INCREMENT,
  `TITLE` VARCHAR (255) NOT NULL COMMENT 'タイトル',
  `AUTHOR` VARCHAR (50) NOT NULL COMMENT '著者',
  `ISBN_10` VARCHAR (10) COMMENT 'ISBN-10',
  `ISBN_13` VARCHAR (13) COMMENT 'ISBN-13',
  `PUBLISHER` VARCHAR (25) NOT NULL COMMENT '出版社',
  `GENRE` VARCHAR (3) COMMENT 'ジャンルID',
  `SHELF_NUMBER` VARCHAR (3) COMMENT '棚番号',
  `CONTROL_NUMBER` VARCHAR (10) NOT NULL COMMENT '管理番号',
  `REMARKS` VARCHAR (255) DEFAULT NULL COMMENT '備考',
  `DELETE_FLG` CHAR (1) NOT NULL DEFAULT '0' COMMENT '削除フラグ',
  `VERSION` INT (50) DEFAULT '0' COMMENT 'バージョン',
  `CREATED` DATETIME DEFAULT CURRENT_TIMESTAMP ON UPDATE CURRENT_TIMESTAMP COMMENT '登録日時',
  `MODIFIED` DATETIME DEFAULT CURRENT_TIMESTAMP ON UPDATE CURRENT_TIMESTAMP COMMENT '更新日時',
  `MODIFIED_BY` VARCHAR (255) COMMENT '更新者',
  PRIMARY KEY(ID,CONTROL_NUMBER),
  FOREIGN KEY (GENRE) REFERENCES GENRE(GENRE_ID)
)
COMMENT='図書'
2023-09-02 14:18:00,429 [main] INFO  (DfSqlFileFireMan#fire():93) - Create Schema: success=5, failure=1 *break (in 1 files)
2023-09-02 14:18:00,436 [main] ERROR (DfDBFluteTaskUtil#logException():150) - Look! Read the message below.
/* * * * * * * * * * * * * * * * * * * * * * * * * * * * * * * * * *
Failed to execute DBFlute Task 'ReplaceSchema'.

[Advice]
Check the exception messages and the stack traces.

[Database Product]
MySQL 5.5.5-10.4.28-MariaDB

[JDBC Driver]
MySQL Connector Java mysql-connector-java-5.1.49 ( Revision: ad86f36e100e104cd926c6b81c8cab9565750116 ) for JDBC 4.0
* * * * * * * * * */
org.dbflute.exception.SQLFailureException: Look! Read the message below.
/* * * * * * * * * * * * * * * * * * * * * * * * * * * * * * * * * *
Failed to execute the SQL!

[SQL File]
playsql/replace-schema.sql

[Executed SQL]
CREATE TABLE `BOOK` (
  `ID` INT (50) NOT NULL COMMENT 'ID' AUTO_INCREMENT,
  `TITLE` VARCHAR (255) NOT NULL COMMENT 'タイトル',
  `AUTHOR` VARCHAR (50) NOT NULL COMMENT '著者',
  `ISBN_10` VARCHAR (10) COMMENT 'ISBN-10',
  `ISBN_13` VARCHAR (13) COMMENT 'ISBN-13',
  `PUBLISHER` VARCHAR (25) NOT NULL COMMENT '出版社',
  `GENRE` VARCHAR (3) COMMENT 'ジャンルID',
  `SHELF_NUMBER` VARCHAR (3) COMMENT '棚番号',
  `CONTROL_NUMBER` VARCHAR (10) NOT NULL COMMENT '管理番号',
  `REMARKS` VARCHAR (255) DEFAULT NULL COMMENT '備考',
  `DELETE_FLG` CHAR (1) NOT NULL DEFAULT '0' COMMENT '削除フラグ',
  `VERSION` INT (50) DEFAULT '0' COMMENT 'バージョン',
  `CREATED` DATETIME DEFAULT CURRENT_TIMESTAMP ON UPDATE CURRENT_TIMESTAMP COMMENT '登録日時',
  `MODIFIED` DATETIME DEFAULT CURRENT_TIMESTAMP ON UPDATE CURRENT_TIMESTAMP COMMENT '更新日時',
  `MODIFIED_BY` VARCHAR (255) COMMENT '更新者',
  PRIMARY KEY(ID,CONTROL_NUMBER),
  FOREIGN KEY (GENRE) REFERENCES GENRE(GENRE_ID)
)
COMMENT='図書'

[SQLState]
HY000

[ErrorCode]
1005

[SQLException]
java.sql.SQLException
Can't create table `jlibrary`.`book` (errno: 150 "Foreign key constraint is incorrectly formed")
* * * * * * * * * */
	at org.dbflute.helper.jdbc.sqlfile.DfSqlFileRunnerBase.throwSQLFailureException(DfSqlFileRunnerBase.java:587)
	at org.dbflute.helper.jdbc.sqlfile.DfSqlFileRunnerExecute.execSQL(DfSqlFileRunnerExecute.java:80)
	at org.dbflute.helper.jdbc.sqlfile.DfSqlFileRunnerBase.runTransaction(DfSqlFileRunnerBase.java:122)
	at org.dbflute.helper.jdbc.sqlfile.DfSqlFileFireMan.processSqlFile(DfSqlFileFireMan.java:174)
	at org.dbflute.helper.jdbc.sqlfile.DfSqlFileFireMan.fire(DfSqlFileFireMan.java:71)
	at org.dbflute.logic.replaceschema.process.DfCreateSchemaProcess.createSchema(DfCreateSchemaProcess.java:302)
	at org.dbflute.logic.replaceschema.process.DfCreateSchemaProcess.execute(DfCreateSchemaProcess.java:154)
	at org.dbflute.task.DfReplaceSchemaTask.createSchema(DfReplaceSchemaTask.java:309)
	at org.dbflute.task.DfReplaceSchemaTask.executeCoreProcess(DfReplaceSchemaTask.java:254)
	at org.dbflute.task.DfReplaceSchemaTask.processReplaceSchema(DfReplaceSchemaTask.java:240)
	at org.dbflute.task.DfReplaceSchemaTask.doExecute(DfReplaceSchemaTask.java:160)
	at org.dbflute.task.bs.DfAbstractTexenTask$1.callActualExecute(DfAbstractTexenTask.java:129)
	at org.dbflute.task.bs.assistant.DfTaskBasicController.doExecute(DfTaskBasicController.java:192)
	at org.dbflute.task.bs.assistant.DfTaskBasicController.execute(DfTaskBasicController.java:78)
	at org.dbflute.task.bs.DfAbstractTexenTask.execute(DfAbstractTexenTask.java:151)
	at org.apache.tools.ant.UnknownElement.execute(UnknownElement.java:288)
	at java.base/jdk.internal.reflect.DirectMethodHandleAccessor.invoke(DirectMethodHandleAccessor.java:104)
	at java.base/java.lang.reflect.Method.invoke(Method.java:578)
	at org.apache.tools.ant.dispatch.DispatchUtils.execute(DispatchUtils.java:105)
	at org.apache.tools.ant.Task.perform(Task.java:348)
	at org.apache.tools.ant.Target.execute(Target.java:357)
	at org.apache.tools.ant.Target.performTasks(Target.java:385)
	at org.apache.tools.ant.Project.executeSortedTargets(Project.java:1329)
	at org.apache.tools.ant.helper.SingleCheckExecutor.executeTargets(SingleCheckExecutor.java:38)
	at org.apache.tools.ant.Project.executeTargets(Project.java:1181)
	at org.apache.tools.ant.taskdefs.Ant.execute(Ant.java:416)
	at org.apache.tools.ant.taskdefs.CallTarget.execute(CallTarget.java:105)
	at org.apache.tools.ant.UnknownElement.execute(UnknownElement.java:288)
	at java.base/jdk.internal.reflect.DirectMethodHandleAccessor.invoke(DirectMethodHandleAccessor.java:104)
	at java.base/java.lang.reflect.Method.invoke(Method.java:578)
	at org.apache.tools.ant.dispatch.DispatchUtils.execute(DispatchUtils.java:105)
	at org.apache.tools.ant.Task.perform(Task.java:348)
	at org.apache.tools.ant.Target.execute(Target.java:357)
	at org.apache.tools.ant.Target.performTasks(Target.java:385)
	at org.apache.tools.ant.Project.executeSortedTargets(Project.java:1329)
	at org.apache.tools.ant.Project.executeTarget(Project.java:1298)
	at org.apache.tools.ant.helper.DefaultExecutor.executeTargets(DefaultExecutor.java:41)
	at org.apache.tools.ant.Project.executeTargets(Project.java:1181)
	at org.apache.tools.ant.Main.runBuild(Main.java:698)
	at org.apache.tools.ant.Main.startAnt(Main.java:199)
	at org.apache.tools.ant.launch.Launcher.run(Launcher.java:257)
	at org.apache.tools.ant.launch.Launcher.main(Launcher.java:104)
Caused by: java.sql.SQLException: Can't create table `jlibrary`.`book` (errno: 150 "Foreign key constraint is incorrectly formed")
	at com.mysql.jdbc.SQLError.createSQLException(SQLError.java:965)
	at com.mysql.jdbc.MysqlIO.checkErrorPacket(MysqlIO.java:3933)
	at com.mysql.jdbc.MysqlIO.checkErrorPacket(MysqlIO.java:3869)
	at com.mysql.jdbc.MysqlIO.sendCommand(MysqlIO.java:2524)
	at com.mysql.jdbc.MysqlIO.sqlQueryDirect(MysqlIO.java:2675)
	at com.mysql.jdbc.ConnectionImpl.execSQL(ConnectionImpl.java:2465)
	at com.mysql.jdbc.ConnectionImpl.execSQL(ConnectionImpl.java:2439)
	at com.mysql.jdbc.StatementImpl.executeInternal(StatementImpl.java:829)
	at com.mysql.jdbc.StatementImpl.execute(StatementImpl.java:729)
	at org.dbflute.helper.jdbc.sqlfile.DfSqlFileRunnerExecute.processNonDispatch(DfSqlFileRunnerExecute.java:98)
	at org.dbflute.logic.replaceschema.process.DfCreateSchemaProcess$DfSqlFileRunnerExecuteCreateSchema.processNonDispatch(DfCreateSchemaProcess.java:490)
	at org.dbflute.helper.jdbc.sqlfile.DfSqlFileRunnerExecute.execSQL(DfSqlFileRunnerExecute.java:66)
	... 40 more
2023-09-02 14:18:00,452 [main] INFO  (DfDataSourceHandler#destroy():120) - ...closeReally()
2023-09-02 14:18:00,464 [main] INFO  (DfDBFluteTaskUtil#logFinalMessage():139) - 
_/_/_/_/_/_/_/_/_/_/_/_/_/_/_/_/_/_/_/_/_/_/
[Final Message]: 00m02s156ms *Abort

  DBFLUTE_CLIENT: {jlibrary}
    database  = mysql (MySQL 5.5.5-10.4.28-MariaDB)
    language  = java
    container = spring
    package   = jp.co.jwebgate.jlibrary.dbflute

  DBFLUTE_ENVIRONMENT_TYPE: {}
    driver = com.mysql.jdbc.Driver
    url    = jdbc:mysql://localhost:3306/jlibrary
    schema = {jlibrary.$$NoNameSchema$$ as main}
    user   = root
    props  = {}
    additionalSchema = 
    repsEnvType      = ut
    refreshProject   = $$AutoDetect$$

 Create Schema: success=5, failure=1 *break (in 1 files) - 00m00s317ms
  (Initialize Schema) - 00m00s178ms
  (Create Schema) - 00m00s128ms
  x replace-schema.sql
   >> (failed: Look at the exception message)
    * * * * * *
    * Failure *
    * * * * * *
_/_/_/_/_/_/_/_/_/_/ {ReplaceSchema}
2023-09-02 14:23:37,331 [main] INFO  (DfReplaceSchemaTask#begin():94) - +------------------------------------------+
2023-09-02 14:23:37,335 [main] INFO  (DfReplaceSchemaTask#begin():95) - |                                          |
2023-09-02 14:23:37,335 [main] INFO  (DfReplaceSchemaTask#begin():96) - |              ReplaceSchema               |
2023-09-02 14:23:37,344 [main] INFO  (DfReplaceSchemaTask#begin():104) - |                                          |
2023-09-02 14:23:37,345 [main] INFO  (DfReplaceSchemaTask#begin():105) - +------------------------------------------+
2023-09-02 14:23:37,347 [main] INFO  (DfReplaceSchemaTask#waitBeforeReps():423) - ...Waiting for your GO SIGN from stdin before ReplaceSchema:
2023-09-02 14:23:38,261 [main] INFO  (DfDataSourceHandler#prepare():78) - ...Preparing data source:
2023-09-02 14:23:38,262 [main] INFO  (DfDataSourceHandler#prepare():79) -   driver = com.mysql.jdbc.Driver
2023-09-02 14:23:38,263 [main] INFO  (DfDataSourceHandler#prepare():80) -   url    = jdbc:mysql://localhost:3306/jlibrary
2023-09-02 14:23:38,263 [main] INFO  (DfDataSourceHandler#prepare():81) -   user   = root
2023-09-02 14:23:38,275 [main] INFO  (DfDataSourceHandler#createConnection():166) - ...Connecting to database by data source:
2023-09-02 14:23:38,641 [main] INFO  (DfDataSourceHandler#setupConnectionMetaInfo():233) -   product = MySQL 5.5.5-10.4.28-MariaDB
2023-09-02 14:23:38,641 [main] INFO  (DfDataSourceHandler#setupConnectionMetaInfo():234) -   driver  = MySQL Connector Java mysql-connector-java-5.1.49 ( Revision: ad86f36e100e104cd926c6b81c8cab9565750116 ) for JDBC 4.0
2023-09-02 14:23:38,658 [main] INFO  (DfCreateSchemaProcess#initializeSchemaMainDrop():253) - 
2023-09-02 14:23:38,659 [main] INFO  (DfCreateSchemaProcess#initializeSchemaMainDrop():254) - * * * * * * * * * * *
2023-09-02 14:23:38,660 [main] INFO  (DfCreateSchemaProcess#initializeSchemaMainDrop():255) - *                   *
2023-09-02 14:23:38,660 [main] INFO  (DfCreateSchemaProcess#initializeSchemaMainDrop():256) - * Initialize Schema *
2023-09-02 14:23:38,661 [main] INFO  (DfCreateSchemaProcess#initializeSchemaMainDrop():257) - *                   *
2023-09-02 14:23:38,661 [main] INFO  (DfCreateSchemaProcess#initializeSchemaMainDrop():258) - * * * * * * * * * * *
2023-09-02 14:23:38,676 [main] INFO  (DfTableExtractor#doGetTableList():66) - ...Getting tables:
2023-09-02 14:23:38,677 [main] INFO  (DfTableExtractor#doGetTableList():67) -   schema = {jlibrary.$$NoNameSchema$$ as main}
2023-09-02 14:23:38,678 [main] INFO  (DfTableExtractor#doGetTableList():68) -   types  = [TABLE, VIEW]
2023-09-02 14:23:38,740 [main] INFO  (DfSchemaInitializerJdbc#logReplaceSql():614) - truncate table GENRE
2023-09-02 14:23:38,756 [main] INFO  (DfSchemaInitializerJdbc#logReplaceSql():614) - truncate table USER_ROLE_MAP
2023-09-02 14:23:38,775 [main] INFO  (DfSchemaInitializerJdbc#logReplaceSql():614) - alter table USER_ROLE_MAP drop foreign key user_role_map_ibfk_2
2023-09-02 14:23:38,785 [main] INFO  (DfSchemaInitializerJdbc#logReplaceSql():614) - alter table USER_ROLE_MAP drop foreign key user_role_map_ibfk_3
2023-09-02 14:23:38,802 [main] INFO  (DfSchemaInitializerJdbc#logReplaceSql():614) - alter table USER_ROLE_MAP drop foreign key user_role_map_ibfk_1
2023-09-02 14:23:38,811 [main] INFO  (DfSchemaInitializerJdbc#logReplaceSql():614) - drop table GENERAL_USER
2023-09-02 14:23:38,814 [main] INFO  (DfSchemaInitializerJdbc#logReplaceSql():614) - drop table GENRE
2023-09-02 14:23:38,819 [main] INFO  (DfSchemaInitializerJdbc#logReplaceSql():614) - drop table ROLE
2023-09-02 14:23:38,824 [main] INFO  (DfSchemaInitializerJdbc#logReplaceSql():614) - drop table STAFF_USER
2023-09-02 14:23:38,830 [main] INFO  (DfSchemaInitializerJdbc#logReplaceSql():614) - drop table USER_ROLE_MAP
2023-09-02 14:23:38,858 [main] INFO  (DfCreateSchemaProcess#createSchema():293) - 
2023-09-02 14:23:38,859 [main] INFO  (DfCreateSchemaProcess#createSchema():294) - * * * * * * * * *
2023-09-02 14:23:38,859 [main] INFO  (DfCreateSchemaProcess#createSchema():295) - *               *
2023-09-02 14:23:38,859 [main] INFO  (DfCreateSchemaProcess#createSchema():296) - * Create Schema *
2023-09-02 14:23:38,860 [main] INFO  (DfCreateSchemaProcess#createSchema():297) - *               *
2023-09-02 14:23:38,860 [main] INFO  (DfCreateSchemaProcess#createSchema():298) - * * * * * * * * *
2023-09-02 14:23:38,865 [main] INFO  (DfSqlFileFireMan#fire():68) - ...Firing: replace-schema.sql
2023-09-02 14:23:38,871 [main] INFO  (DfSqlFileRunnerBase#traceSql():168) - 
CREATE TABLE `ROLE` (
  `ID` INT (50) NOT NULL COMMENT 'ID' AUTO_INCREMENT,
  `CD` VARCHAR (255) NOT NULL COMMENT 'コード',
  `NAME` VARCHAR (255) NOT NULL COMMENT '名称',
  `REMARKS` VARCHAR (255) DEFAULT NULL COMMENT '備考',
  `DELETE_FLG` CHAR (1) NOT NULL DEFAULT '0' COMMENT '削除フラグ',
  `VERSION` INT (50) NOT NULL DEFAULT '0' COMMENT 'バージョン',
  `CREATED` DATETIME NOT NULL DEFAULT CURRENT_TIMESTAMP ON UPDATE CURRENT_TIMESTAMP COMMENT '登録日時',
  `MODIFIED` DATETIME NOT NULL DEFAULT CURRENT_TIMESTAMP ON UPDATE CURRENT_TIMESTAMP COMMENT '更新日時',
  `MODIFIED_BY` VARCHAR (255) NOT NULL COMMENT '更新者',
  PRIMARY KEY(ID)
)
COMMENT='権限'
2023-09-02 14:23:38,893 [main] INFO  (DfSqlFileRunnerBase#traceSql():168) - 
CREATE TABLE `GENRE` (
  `ID` INT (50) NOT NULL COMMENT 'ID' AUTO_INCREMENT,
  `GENRE_NAME` VARCHAR (25) NOT NULL COMMENT 'ジャンル名',
  `PARENT_GENRE_ID` VARCHAR (3) COMMENT '親ジャンルID',
  `REMARKS` VARCHAR (255) DEFAULT NULL COMMENT '備考',
  `DELETE_FLG` CHAR (1) NOT NULL DEFAULT '0' COMMENT '削除フラグ',
  `VERSION` INT (50) DEFAULT '0' COMMENT 'バージョン',
  `CREATED` DATETIME DEFAULT CURRENT_TIMESTAMP ON UPDATE CURRENT_TIMESTAMP COMMENT '登録日時',
  `MODIFIED` DATETIME DEFAULT CURRENT_TIMESTAMP ON UPDATE CURRENT_TIMESTAMP COMMENT '更新日時',
  `MODIFIED_BY` VARCHAR (255) COMMENT '更新者',
  PRIMARY KEY(ID)
)
COMMENT='ジャンル'
2023-09-02 14:23:38,906 [main] INFO  (DfSqlFileRunnerBase#traceSql():168) - 
CREATE TABLE `STAFF_USER` (
  `ID` INT (50) NOT NULL COMMENT 'ID' AUTO_INCREMENT,
  `STAFF_USER_ID` VARCHAR (10) NOT NULL COMMENT '職員ID',
  `PASSWORD` VARCHAR (255) NOT NULL COMMENT 'パスワード',
  `NAME_KANA` VARCHAR (50) NOT NULL COMMENT '氏名カナ',
  `NAME` VARCHAR (25) COMMENT '氏名',
  `EMAIL` VARCHAR (255) COMMENT 'メールアドレス',
  `REMARKS` VARCHAR (255) DEFAULT NULL COMMENT '備考',
  `DELETE_FLG` CHAR (1) NOT NULL DEFAULT '0' COMMENT '削除フラグ',
  `VERSION` INT (50) DEFAULT '0' COMMENT 'バージョン',
  `CREATED` DATETIME DEFAULT CURRENT_TIMESTAMP ON UPDATE CURRENT_TIMESTAMP COMMENT '登録日時',
  `MODIFIED` DATETIME DEFAULT CURRENT_TIMESTAMP ON UPDATE CURRENT_TIMESTAMP COMMENT '更新日時',
  `MODIFIED_BY` VARCHAR (255) COMMENT '更新者',
  PRIMARY KEY(ID,STAFF_USER_ID),
  UNIQUE KEY(STAFF_USER_ID)
)
COMMENT='職員'
2023-09-02 14:23:38,922 [main] INFO  (DfSqlFileRunnerBase#traceSql():168) - 
CREATE TABLE `GENERAL_USER` (
  `ID` INT (50) NOT NULL COMMENT 'ID' AUTO_INCREMENT,
  `GENERAL_USER_ID` VARCHAR (10) NOT NULL COMMENT '利用者ID',
  `PASSWORD` VARCHAR (255) NOT NULL COMMENT 'パスワード',
  `NAME_KANA` VARCHAR (50) NOT NULL COMMENT 'フリガナ',
  `NAME` VARCHAR (25) COMMENT '氏名',
  `BIRTHDAY` DATE COMMENT '生年月日',
  `PHONE_NUMBER` VARCHAR (11) COMMENT '電話番号',
  `ADDRESS` VARCHAR (100) COMMENT '住所',
  `REMARKS` VARCHAR (255) DEFAULT NULL COMMENT '備考',
  `DELETE_FLG` CHAR (1) NOT NULL DEFAULT '0' COMMENT '削除フラグ',
  `VERSION` INT (50) NOT NULL DEFAULT '0' COMMENT 'バージョン',
  `CREATED` DATETIME DEFAULT CURRENT_TIMESTAMP ON UPDATE CURRENT_TIMESTAMP COMMENT '登録日時',
  `MODIFIED` DATETIME DEFAULT CURRENT_TIMESTAMP ON UPDATE CURRENT_TIMESTAMP COMMENT '更新日時',
  `MODIFIED_BY` VARCHAR (255) COMMENT '更新者',
  PRIMARY KEY(ID,GENERAL_USER_ID),
  UNIQUE KEY(GENERAL_USER_ID)
)
COMMENT='一般利用者'
2023-09-02 14:23:38,937 [main] INFO  (DfSqlFileRunnerBase#traceSql():168) - 
CREATE TABLE `USER_ROLE_MAP` (
  `ID` INT (50) NOT NULL COMMENT 'ID' AUTO_INCREMENT,
  `STAFF_USER_ID` VARCHAR (255) COMMENT '職員ID',
  `GENERAL_USER_ID` VARCHAR (255) COMMENT '利用者ID',
  `ROLE_ID` INT (50) NOT NULL COMMENT '権限ID',
  `REMARKS` VARCHAR (255) DEFAULT NULL COMMENT '備考',
  `DELETE_FLG` CHAR (1) NOT NULL DEFAULT '0' COMMENT '削除フラグ',
  `VERSION` INT (50) DEFAULT '0' COMMENT 'バージョン',
  `CREATED` DATETIME DEFAULT CURRENT_TIMESTAMP ON UPDATE CURRENT_TIMESTAMP COMMENT '登録日時',
  `MODIFIED` DATETIME DEFAULT CURRENT_TIMESTAMP ON UPDATE CURRENT_TIMESTAMP COMMENT '更新日時',
  `MODIFIED_BY` VARCHAR (255) COMMENT '更新者',
  PRIMARY KEY(ID),
  UNIQUE KEY(STAFF_USER_ID,GENERAL_USER_ID,ROLE_ID),
  FOREIGN KEY (STAFF_USER_ID) REFERENCES STAFF_USER(STAFF_USER_ID),
  FOREIGN KEY (GENERAL_USER_ID) REFERENCES GENERAL_USER(GENERAL_USER_ID),
  FOREIGN KEY (ROLE_ID) REFERENCES ROLE(ID)
)
COMMENT='ユーザー権限マップ'
2023-09-02 14:23:38,952 [main] INFO  (DfSqlFileRunnerBase#traceSql():168) - 
CREATE TABLE `BOOK` (
  `ID` INT (50) NOT NULL COMMENT 'ID' AUTO_INCREMENT,
  `TITLE` VARCHAR (255) NOT NULL COMMENT 'タイトル',
  `AUTHOR` VARCHAR (50) NOT NULL COMMENT '著者',
  `ISBN_10` VARCHAR (10) COMMENT 'ISBN-10',
  `ISBN_13` VARCHAR (13) COMMENT 'ISBN-13',
  `PUBLISHER` VARCHAR (25) NOT NULL COMMENT '出版社',
  `GENRE` VARCHAR (3) COMMENT 'ジャンルID',
  `SHELF_NUMBER` VARCHAR (3) COMMENT '棚番号',
  `CONTROL_NUMBER` VARCHAR (10) NOT NULL COMMENT '管理番号',
  `REMARKS` VARCHAR (255) DEFAULT NULL COMMENT '備考',
  `DELETE_FLG` CHAR (1) NOT NULL DEFAULT '0' COMMENT '削除フラグ',
  `VERSION` INT (50) DEFAULT '0' COMMENT 'バージョン',
  `CREATED` DATETIME DEFAULT CURRENT_TIMESTAMP ON UPDATE CURRENT_TIMESTAMP COMMENT '登録日時',
  `MODIFIED` DATETIME DEFAULT CURRENT_TIMESTAMP ON UPDATE CURRENT_TIMESTAMP COMMENT '更新日時',
  `MODIFIED_BY` VARCHAR (255) COMMENT '更新者',
  PRIMARY KEY(ID,CONTROL_NUMBER),
  FOREIGN KEY (GENRE) REFERENCES GENRE(ID)
)
COMMENT='図書'
2023-09-02 14:23:38,968 [main] INFO  (DfSqlFileFireMan#fire():93) - Create Schema: success=5, failure=1 *break (in 1 files)
2023-09-02 14:23:38,973 [main] ERROR (DfDBFluteTaskUtil#logException():150) - Look! Read the message below.
/* * * * * * * * * * * * * * * * * * * * * * * * * * * * * * * * * *
Failed to execute DBFlute Task 'ReplaceSchema'.

[Advice]
Check the exception messages and the stack traces.

[Database Product]
MySQL 5.5.5-10.4.28-MariaDB

[JDBC Driver]
MySQL Connector Java mysql-connector-java-5.1.49 ( Revision: ad86f36e100e104cd926c6b81c8cab9565750116 ) for JDBC 4.0
* * * * * * * * * */
org.dbflute.exception.SQLFailureException: Look! Read the message below.
/* * * * * * * * * * * * * * * * * * * * * * * * * * * * * * * * * *
Failed to execute the SQL!

[SQL File]
playsql/replace-schema.sql

[Executed SQL]
CREATE TABLE `BOOK` (
  `ID` INT (50) NOT NULL COMMENT 'ID' AUTO_INCREMENT,
  `TITLE` VARCHAR (255) NOT NULL COMMENT 'タイトル',
  `AUTHOR` VARCHAR (50) NOT NULL COMMENT '著者',
  `ISBN_10` VARCHAR (10) COMMENT 'ISBN-10',
  `ISBN_13` VARCHAR (13) COMMENT 'ISBN-13',
  `PUBLISHER` VARCHAR (25) NOT NULL COMMENT '出版社',
  `GENRE` VARCHAR (3) COMMENT 'ジャンルID',
  `SHELF_NUMBER` VARCHAR (3) COMMENT '棚番号',
  `CONTROL_NUMBER` VARCHAR (10) NOT NULL COMMENT '管理番号',
  `REMARKS` VARCHAR (255) DEFAULT NULL COMMENT '備考',
  `DELETE_FLG` CHAR (1) NOT NULL DEFAULT '0' COMMENT '削除フラグ',
  `VERSION` INT (50) DEFAULT '0' COMMENT 'バージョン',
  `CREATED` DATETIME DEFAULT CURRENT_TIMESTAMP ON UPDATE CURRENT_TIMESTAMP COMMENT '登録日時',
  `MODIFIED` DATETIME DEFAULT CURRENT_TIMESTAMP ON UPDATE CURRENT_TIMESTAMP COMMENT '更新日時',
  `MODIFIED_BY` VARCHAR (255) COMMENT '更新者',
  PRIMARY KEY(ID,CONTROL_NUMBER),
  FOREIGN KEY (GENRE) REFERENCES GENRE(ID)
)
COMMENT='図書'

[SQLState]
HY000

[ErrorCode]
1005

[SQLException]
java.sql.SQLException
Can't create table `jlibrary`.`book` (errno: 150 "Foreign key constraint is incorrectly formed")
* * * * * * * * * */
	at org.dbflute.helper.jdbc.sqlfile.DfSqlFileRunnerBase.throwSQLFailureException(DfSqlFileRunnerBase.java:587)
	at org.dbflute.helper.jdbc.sqlfile.DfSqlFileRunnerExecute.execSQL(DfSqlFileRunnerExecute.java:80)
	at org.dbflute.helper.jdbc.sqlfile.DfSqlFileRunnerBase.runTransaction(DfSqlFileRunnerBase.java:122)
	at org.dbflute.helper.jdbc.sqlfile.DfSqlFileFireMan.processSqlFile(DfSqlFileFireMan.java:174)
	at org.dbflute.helper.jdbc.sqlfile.DfSqlFileFireMan.fire(DfSqlFileFireMan.java:71)
	at org.dbflute.logic.replaceschema.process.DfCreateSchemaProcess.createSchema(DfCreateSchemaProcess.java:302)
	at org.dbflute.logic.replaceschema.process.DfCreateSchemaProcess.execute(DfCreateSchemaProcess.java:154)
	at org.dbflute.task.DfReplaceSchemaTask.createSchema(DfReplaceSchemaTask.java:309)
	at org.dbflute.task.DfReplaceSchemaTask.executeCoreProcess(DfReplaceSchemaTask.java:254)
	at org.dbflute.task.DfReplaceSchemaTask.processReplaceSchema(DfReplaceSchemaTask.java:240)
	at org.dbflute.task.DfReplaceSchemaTask.doExecute(DfReplaceSchemaTask.java:160)
	at org.dbflute.task.bs.DfAbstractTexenTask$1.callActualExecute(DfAbstractTexenTask.java:129)
	at org.dbflute.task.bs.assistant.DfTaskBasicController.doExecute(DfTaskBasicController.java:192)
	at org.dbflute.task.bs.assistant.DfTaskBasicController.execute(DfTaskBasicController.java:78)
	at org.dbflute.task.bs.DfAbstractTexenTask.execute(DfAbstractTexenTask.java:151)
	at org.apache.tools.ant.UnknownElement.execute(UnknownElement.java:288)
	at java.base/jdk.internal.reflect.DirectMethodHandleAccessor.invoke(DirectMethodHandleAccessor.java:104)
	at java.base/java.lang.reflect.Method.invoke(Method.java:578)
	at org.apache.tools.ant.dispatch.DispatchUtils.execute(DispatchUtils.java:105)
	at org.apache.tools.ant.Task.perform(Task.java:348)
	at org.apache.tools.ant.Target.execute(Target.java:357)
	at org.apache.tools.ant.Target.performTasks(Target.java:385)
	at org.apache.tools.ant.Project.executeSortedTargets(Project.java:1329)
	at org.apache.tools.ant.helper.SingleCheckExecutor.executeTargets(SingleCheckExecutor.java:38)
	at org.apache.tools.ant.Project.executeTargets(Project.java:1181)
	at org.apache.tools.ant.taskdefs.Ant.execute(Ant.java:416)
	at org.apache.tools.ant.taskdefs.CallTarget.execute(CallTarget.java:105)
	at org.apache.tools.ant.UnknownElement.execute(UnknownElement.java:288)
	at java.base/jdk.internal.reflect.DirectMethodHandleAccessor.invoke(DirectMethodHandleAccessor.java:104)
	at java.base/java.lang.reflect.Method.invoke(Method.java:578)
	at org.apache.tools.ant.dispatch.DispatchUtils.execute(DispatchUtils.java:105)
	at org.apache.tools.ant.Task.perform(Task.java:348)
	at org.apache.tools.ant.Target.execute(Target.java:357)
	at org.apache.tools.ant.Target.performTasks(Target.java:385)
	at org.apache.tools.ant.Project.executeSortedTargets(Project.java:1329)
	at org.apache.tools.ant.Project.executeTarget(Project.java:1298)
	at org.apache.tools.ant.helper.DefaultExecutor.executeTargets(DefaultExecutor.java:41)
	at org.apache.tools.ant.Project.executeTargets(Project.java:1181)
	at org.apache.tools.ant.Main.runBuild(Main.java:698)
	at org.apache.tools.ant.Main.startAnt(Main.java:199)
	at org.apache.tools.ant.launch.Launcher.run(Launcher.java:257)
	at org.apache.tools.ant.launch.Launcher.main(Launcher.java:104)
Caused by: java.sql.SQLException: Can't create table `jlibrary`.`book` (errno: 150 "Foreign key constraint is incorrectly formed")
	at com.mysql.jdbc.SQLError.createSQLException(SQLError.java:965)
	at com.mysql.jdbc.MysqlIO.checkErrorPacket(MysqlIO.java:3933)
	at com.mysql.jdbc.MysqlIO.checkErrorPacket(MysqlIO.java:3869)
	at com.mysql.jdbc.MysqlIO.sendCommand(MysqlIO.java:2524)
	at com.mysql.jdbc.MysqlIO.sqlQueryDirect(MysqlIO.java:2675)
	at com.mysql.jdbc.ConnectionImpl.execSQL(ConnectionImpl.java:2465)
	at com.mysql.jdbc.ConnectionImpl.execSQL(ConnectionImpl.java:2439)
	at com.mysql.jdbc.StatementImpl.executeInternal(StatementImpl.java:829)
	at com.mysql.jdbc.StatementImpl.execute(StatementImpl.java:729)
	at org.dbflute.helper.jdbc.sqlfile.DfSqlFileRunnerExecute.processNonDispatch(DfSqlFileRunnerExecute.java:98)
	at org.dbflute.logic.replaceschema.process.DfCreateSchemaProcess$DfSqlFileRunnerExecuteCreateSchema.processNonDispatch(DfCreateSchemaProcess.java:490)
	at org.dbflute.helper.jdbc.sqlfile.DfSqlFileRunnerExecute.execSQL(DfSqlFileRunnerExecute.java:66)
	... 40 more
2023-09-02 14:23:38,987 [main] INFO  (DfDataSourceHandler#destroy():120) - ...closeReally()
2023-09-02 14:23:39,000 [main] INFO  (DfDBFluteTaskUtil#logFinalMessage():139) - 
_/_/_/_/_/_/_/_/_/_/_/_/_/_/_/_/_/_/_/_/_/_/
[Final Message]: 00m01s696ms *Abort

  DBFLUTE_CLIENT: {jlibrary}
    database  = mysql (MySQL 5.5.5-10.4.28-MariaDB)
    language  = java
    container = spring
    package   = jp.co.jwebgate.jlibrary.dbflute

  DBFLUTE_ENVIRONMENT_TYPE: {}
    driver = com.mysql.jdbc.Driver
    url    = jdbc:mysql://localhost:3306/jlibrary
    schema = {jlibrary.$$NoNameSchema$$ as main}
    user   = root
    props  = {}
    additionalSchema = 
    repsEnvType      = ut
    refreshProject   = $$AutoDetect$$

 Create Schema: success=5, failure=1 *break (in 1 files) - 00m00s314ms
  (Initialize Schema) - 00m00s195ms
  (Create Schema) - 00m00s109ms
  x replace-schema.sql
   >> (failed: Look at the exception message)
    * * * * * *
    * Failure *
    * * * * * *
_/_/_/_/_/_/_/_/_/_/ {ReplaceSchema}
2023-09-03 15:51:29,709 [main] INFO  (DfReplaceSchemaTask#begin():94) - +------------------------------------------+
2023-09-03 15:51:29,713 [main] INFO  (DfReplaceSchemaTask#begin():95) - |                                          |
2023-09-03 15:51:29,714 [main] INFO  (DfReplaceSchemaTask#begin():96) - |              ReplaceSchema               |
2023-09-03 15:51:29,727 [main] INFO  (DfReplaceSchemaTask#begin():104) - |                                          |
2023-09-03 15:51:29,728 [main] INFO  (DfReplaceSchemaTask#begin():105) - +------------------------------------------+
2023-09-03 15:51:29,730 [main] INFO  (DfReplaceSchemaTask#waitBeforeReps():423) - ...Waiting for your GO SIGN from stdin before ReplaceSchema:
2023-09-03 15:51:32,514 [main] INFO  (DfDataSourceHandler#prepare():78) - ...Preparing data source:
2023-09-03 15:51:32,515 [main] INFO  (DfDataSourceHandler#prepare():79) -   driver = com.mysql.jdbc.Driver
2023-09-03 15:51:32,515 [main] INFO  (DfDataSourceHandler#prepare():80) -   url    = jdbc:mysql://localhost:3306/jlibrary
2023-09-03 15:51:32,516 [main] INFO  (DfDataSourceHandler#prepare():81) -   user   = root
2023-09-03 15:51:32,532 [main] INFO  (DfDataSourceHandler#createConnection():166) - ...Connecting to database by data source:
2023-09-03 15:51:32,956 [main] INFO  (DfDataSourceHandler#setupConnectionMetaInfo():233) -   product = MySQL 5.5.5-10.4.28-MariaDB
2023-09-03 15:51:32,957 [main] INFO  (DfDataSourceHandler#setupConnectionMetaInfo():234) -   driver  = MySQL Connector Java mysql-connector-java-5.1.49 ( Revision: ad86f36e100e104cd926c6b81c8cab9565750116 ) for JDBC 4.0
2023-09-03 15:51:32,978 [main] INFO  (DfCreateSchemaProcess#initializeSchemaMainDrop():253) - 
2023-09-03 15:51:32,978 [main] INFO  (DfCreateSchemaProcess#initializeSchemaMainDrop():254) - * * * * * * * * * * *
2023-09-03 15:51:32,979 [main] INFO  (DfCreateSchemaProcess#initializeSchemaMainDrop():255) - *                   *
2023-09-03 15:51:32,979 [main] INFO  (DfCreateSchemaProcess#initializeSchemaMainDrop():256) - * Initialize Schema *
2023-09-03 15:51:32,980 [main] INFO  (DfCreateSchemaProcess#initializeSchemaMainDrop():257) - *                   *
2023-09-03 15:51:32,980 [main] INFO  (DfCreateSchemaProcess#initializeSchemaMainDrop():258) - * * * * * * * * * * *
2023-09-03 15:51:32,996 [main] INFO  (DfTableExtractor#doGetTableList():66) - ...Getting tables:
2023-09-03 15:51:32,997 [main] INFO  (DfTableExtractor#doGetTableList():67) -   schema = {jlibrary.$$NoNameSchema$$ as main}
2023-09-03 15:51:32,997 [main] INFO  (DfTableExtractor#doGetTableList():68) -   types  = [TABLE, VIEW]
2023-09-03 15:51:33,039 [main] INFO  (DfSchemaInitializerJdbc#logReplaceSql():614) - truncate table BOOK
2023-09-03 15:51:33,074 [main] INFO  (DfSchemaInitializerJdbc#logReplaceSql():614) - truncate table USER_ROLE_MAP
2023-09-03 15:51:33,090 [main] INFO  (DfSchemaInitializerJdbc#logReplaceSql():614) - alter table BOOK drop foreign key book_ibfk_1
2023-09-03 15:51:33,117 [main] INFO  (DfSchemaInitializerJdbc#logReplaceSql():614) - alter table USER_ROLE_MAP drop foreign key user_role_map_ibfk_2
2023-09-03 15:51:33,132 [main] INFO  (DfSchemaInitializerJdbc#logReplaceSql():614) - alter table USER_ROLE_MAP drop foreign key user_role_map_ibfk_3
2023-09-03 15:51:33,147 [main] INFO  (DfSchemaInitializerJdbc#logReplaceSql():614) - alter table USER_ROLE_MAP drop foreign key user_role_map_ibfk_1
2023-09-03 15:51:33,165 [main] INFO  (DfSchemaInitializerJdbc#logReplaceSql():614) - drop table BOOK
2023-09-03 15:51:33,171 [main] INFO  (DfSchemaInitializerJdbc#logReplaceSql():614) - drop table GENERAL_USER
2023-09-03 15:51:33,178 [main] INFO  (DfSchemaInitializerJdbc#logReplaceSql():614) - drop table GENRE
2023-09-03 15:51:33,184 [main] INFO  (DfSchemaInitializerJdbc#logReplaceSql():614) - drop table ROLE
2023-09-03 15:51:33,190 [main] INFO  (DfSchemaInitializerJdbc#logReplaceSql():614) - drop table STAFF_USER
2023-09-03 15:51:33,197 [main] INFO  (DfSchemaInitializerJdbc#logReplaceSql():614) - drop table USER_ROLE_MAP
2023-09-03 15:51:33,231 [main] INFO  (DfCreateSchemaProcess#createSchema():293) - 
2023-09-03 15:51:33,231 [main] INFO  (DfCreateSchemaProcess#createSchema():294) - * * * * * * * * *
2023-09-03 15:51:33,232 [main] INFO  (DfCreateSchemaProcess#createSchema():295) - *               *
2023-09-03 15:51:33,232 [main] INFO  (DfCreateSchemaProcess#createSchema():296) - * Create Schema *
2023-09-03 15:51:33,233 [main] INFO  (DfCreateSchemaProcess#createSchema():297) - *               *
2023-09-03 15:51:33,234 [main] INFO  (DfCreateSchemaProcess#createSchema():298) - * * * * * * * * *
2023-09-03 15:51:33,239 [main] INFO  (DfSqlFileFireMan#fire():68) - ...Firing: replace-schema.sql
2023-09-03 15:51:33,245 [main] INFO  (DfSqlFileRunnerBase#traceSql():168) - 
CREATE TABLE `ROLE` (
  `ID` INT (50) NOT NULL COMMENT 'ID' AUTO_INCREMENT,
  `CD` VARCHAR (255) NOT NULL COMMENT 'コード',
  `NAME` VARCHAR (255) NOT NULL COMMENT '名称',
  `REMARKS` VARCHAR (255) DEFAULT NULL COMMENT '備考',
  `DELETE_FLG` CHAR (1) NOT NULL DEFAULT '0' COMMENT '削除フラグ',
  `VERSION` INT (50) NOT NULL DEFAULT '0' COMMENT 'バージョン',
  `CREATED` DATETIME NOT NULL DEFAULT CURRENT_TIMESTAMP ON UPDATE CURRENT_TIMESTAMP COMMENT '登録日時',
  `MODIFIED` DATETIME NOT NULL DEFAULT CURRENT_TIMESTAMP ON UPDATE CURRENT_TIMESTAMP COMMENT '更新日時',
  `MODIFIED_BY` VARCHAR (255) NOT NULL COMMENT '更新者',
  PRIMARY KEY(ID)
)
COMMENT='権限'
2023-09-03 15:51:33,266 [main] INFO  (DfSqlFileRunnerBase#traceSql():168) - 
CREATE TABLE `GENRE` (
  `ID` INT (50) NOT NULL COMMENT 'ID' AUTO_INCREMENT,
  `GENRE_NAME` VARCHAR (25) NOT NULL COMMENT 'ジャンル名',
  `PARENT_GENRE_ID` VARCHAR (3) COMMENT '親ジャンルID',
  `REMARKS` VARCHAR (255) DEFAULT NULL COMMENT '備考',
  `DELETE_FLG` CHAR (1) NOT NULL DEFAULT '0' COMMENT '削除フラグ',
  `VERSION` INT (50) DEFAULT '0' COMMENT 'バージョン',
  `CREATED` DATETIME DEFAULT CURRENT_TIMESTAMP ON UPDATE CURRENT_TIMESTAMP COMMENT '登録日時',
  `MODIFIED` DATETIME DEFAULT CURRENT_TIMESTAMP ON UPDATE CURRENT_TIMESTAMP COMMENT '更新日時',
  `MODIFIED_BY` VARCHAR (255) COMMENT '更新者',
  PRIMARY KEY(ID)
)
COMMENT='ジャンル'
2023-09-03 15:51:33,287 [main] INFO  (DfSqlFileRunnerBase#traceSql():168) - 
CREATE TABLE `STAFF_USER` (
  `ID` INT (50) NOT NULL COMMENT 'ID' AUTO_INCREMENT,
  `STAFF_USER_ID` VARCHAR (10) NOT NULL COMMENT '職員ID',
  `PASSWORD` VARCHAR (255) NOT NULL COMMENT 'パスワード',
  `NAME_KANA` VARCHAR (50) NOT NULL COMMENT '氏名カナ',
  `NAME` VARCHAR (25) COMMENT '氏名',
  `EMAIL` VARCHAR (255) COMMENT 'メールアドレス',
  `REMARKS` VARCHAR (255) DEFAULT NULL COMMENT '備考',
  `DELETE_FLG` CHAR (1) NOT NULL DEFAULT '0' COMMENT '削除フラグ',
  `VERSION` INT (50) DEFAULT '0' COMMENT 'バージョン',
  `CREATED` DATETIME DEFAULT CURRENT_TIMESTAMP ON UPDATE CURRENT_TIMESTAMP COMMENT '登録日時',
  `MODIFIED` DATETIME DEFAULT CURRENT_TIMESTAMP ON UPDATE CURRENT_TIMESTAMP COMMENT '更新日時',
  `MODIFIED_BY` VARCHAR (255) COMMENT '更新者',
  PRIMARY KEY(ID,STAFF_USER_ID),
  UNIQUE KEY(STAFF_USER_ID)
)
COMMENT='職員'
2023-09-03 15:51:33,308 [main] INFO  (DfSqlFileRunnerBase#traceSql():168) - 
CREATE TABLE `GENERAL_USER` (
  `ID` INT (50) NOT NULL COMMENT 'ID' AUTO_INCREMENT,
  `GENERAL_USER_ID` VARCHAR (10) NOT NULL COMMENT '利用者ID',
  `PASSWORD` VARCHAR (255) NOT NULL COMMENT 'パスワード',
  `NAME_KANA` VARCHAR (50) NOT NULL COMMENT 'フリガナ',
  `NAME` VARCHAR (25) COMMENT '氏名',
  `BIRTHDAY` DATE COMMENT '生年月日',
  `PHONE_NUMBER` VARCHAR (11) COMMENT '電話番号',
  `ADDRESS` VARCHAR (100) COMMENT '住所',
  `REMARKS` VARCHAR (255) DEFAULT NULL COMMENT '備考',
  `DELETE_FLG` CHAR (1) NOT NULL DEFAULT '0' COMMENT '削除フラグ',
  `VERSION` INT (50) NOT NULL DEFAULT '0' COMMENT 'バージョン',
  `CREATED` DATETIME DEFAULT CURRENT_TIMESTAMP ON UPDATE CURRENT_TIMESTAMP COMMENT '登録日時',
  `MODIFIED` DATETIME DEFAULT CURRENT_TIMESTAMP ON UPDATE CURRENT_TIMESTAMP COMMENT '更新日時',
  `MODIFIED_BY` VARCHAR (255) COMMENT '更新者',
  PRIMARY KEY(ID,GENERAL_USER_ID),
  UNIQUE KEY(GENERAL_USER_ID)
)
COMMENT='一般利用者'
2023-09-03 15:51:33,329 [main] INFO  (DfSqlFileRunnerBase#traceSql():168) - 
CREATE TABLE `USER_ROLE_MAP` (
  `ID` INT (50) NOT NULL COMMENT 'ID' AUTO_INCREMENT,
  `STAFF_USER_ID` VARCHAR (255) COMMENT '職員ID',
  `GENERAL_USER_ID` VARCHAR (255) COMMENT '利用者ID',
  `ROLE_ID` INT (50) NOT NULL COMMENT '権限ID',
  `REMARKS` VARCHAR (255) DEFAULT NULL COMMENT '備考',
  `DELETE_FLG` CHAR (1) NOT NULL DEFAULT '0' COMMENT '削除フラグ',
  `VERSION` INT (50) DEFAULT '0' COMMENT 'バージョン',
  `CREATED` DATETIME DEFAULT CURRENT_TIMESTAMP ON UPDATE CURRENT_TIMESTAMP COMMENT '登録日時',
  `MODIFIED` DATETIME DEFAULT CURRENT_TIMESTAMP ON UPDATE CURRENT_TIMESTAMP COMMENT '更新日時',
  `MODIFIED_BY` VARCHAR (255) COMMENT '更新者',
  PRIMARY KEY(ID),
  UNIQUE KEY(STAFF_USER_ID,GENERAL_USER_ID,ROLE_ID),
  FOREIGN KEY (STAFF_USER_ID) REFERENCES STAFF_USER(STAFF_USER_ID),
  FOREIGN KEY (GENERAL_USER_ID) REFERENCES GENERAL_USER(GENERAL_USER_ID),
  FOREIGN KEY (ROLE_ID) REFERENCES ROLE(ID)
)
COMMENT='ユーザー権限マップ'
2023-09-03 15:51:33,354 [main] INFO  (DfSqlFileRunnerBase#traceSql():168) - 
CREATE TABLE `BOOK` (
  `ID` INT (50) NOT NULL COMMENT 'ID' AUTO_INCREMENT,
  `TITLE` VARCHAR (255) NOT NULL COMMENT 'タイトル',
  `AUTHOR` VARCHAR (50) NOT NULL COMMENT '著者',
  `ISBN_10` VARCHAR (10) COMMENT 'ISBN-10',
  `ISBN_13` VARCHAR (13) COMMENT 'ISBN-13',
  `PUBLISHER` VARCHAR (25) NOT NULL COMMENT '出版社',
  `GENRE_ID` INT (50) COMMENT 'ジャンルID',
  `SHELF_NUMBER` VARCHAR (3) COMMENT '棚番号',
  `CONTROL_NUMBER` VARCHAR (10) NOT NULL COMMENT '管理番号',
  `REMARKS` VARCHAR (255) DEFAULT NULL COMMENT '備考',
  `DELETE_FLG` CHAR (1) NOT NULL DEFAULT '0' COMMENT '削除フラグ',
  `VERSION` INT (50) DEFAULT '0' COMMENT 'バージョン',
  `CREATED` DATETIME DEFAULT CURRENT_TIMESTAMP ON UPDATE CURRENT_TIMESTAMP COMMENT '登録日時',
  `MODIFIED` DATETIME DEFAULT CURRENT_TIMESTAMP ON UPDATE CURRENT_TIMESTAMP COMMENT '更新日時',
  `MODIFIED_BY` VARCHAR (255) COMMENT '更新者',
  PRIMARY KEY(ID,CONTROL_NUMBER),
  FOREIGN KEY (GENRE_ID) REFERENCES GENRE(ID)
)
COMMENT='図書'
2023-09-03 15:51:33,380 [main] INFO  (DfSqlFileRunnerBase#traceResult():172) -  -> success=6 failure=0
2023-09-03 15:51:33,381 [main] INFO  (DfSqlFileFireMan#fire():93) - Create Schema: success=6, failure=0 (in 1 files)
2023-09-03 15:51:33,435 [main] INFO  (DfLoadDataProcess#execute():133) - 
2023-09-03 15:51:33,435 [main] INFO  (DfLoadDataProcess#execute():134) - * * * * * * * * * * *
2023-09-03 15:51:33,435 [main] INFO  (DfLoadDataProcess#execute():135) - *                   *
2023-09-03 15:51:33,436 [main] INFO  (DfLoadDataProcess#execute():136) - * Load Data         *
2023-09-03 15:51:33,436 [main] INFO  (DfLoadDataProcess#execute():137) - *                   *
2023-09-03 15:51:33,436 [main] INFO  (DfLoadDataProcess#execute():138) - * * * * * * * * * * *
2023-09-03 15:51:33,474 [main] INFO  (DfDelimiterDataWriterImpl#writeData():97) - /= = = = = = = = = = = = = = = = = = = = = = = = = = = = = = = = = 
2023-09-03 15:51:33,474 [main] INFO  (DfDelimiterDataWriterImpl#writeData():98) - writeData(playsql/data/common/csv/UTF-8/ROLE.csv)
2023-09-03 15:51:33,475 [main] INFO  (DfDelimiterDataWriterImpl#writeData():99) - = = = = = = =/
2023-09-03 15:51:33,478 [main] INFO  (DfTableExtractor#doGetTableList():66) - ...Getting tables:
2023-09-03 15:51:33,478 [main] INFO  (DfTableExtractor#doGetTableList():67) -   schema = {jlibrary.$$NoNameSchema$$ as main}
2023-09-03 15:51:33,479 [main] INFO  (DfTableExtractor#doGetTableList():68) -   types  = [TABLE, VIEW]
2023-09-03 15:51:33,518 [main] INFO  (DfAbsractDataWriter#handleLoggingInsert():1090) - ROLE:{1, ROLE_ADMIN, 管理者, null, 0, 0, 2023-08-01 00:00:00, 2023-08-01 00:00:00, PATCH}
2023-09-03 15:51:33,586 [main] INFO  (DfAbsractDataWriter#handleLoggingInsert():1090) - ROLE:{2, ROLE_STAFF, 職員, null, 0, 0, 2023-08-01 00:00:00, 2023-08-01 00:00:00, PATCH}
2023-09-03 15:51:33,589 [main] INFO  (DfAbsractDataWriter#handleLoggingInsert():1090) - ROLE:{3, ROLE_GENERAL, 一般利用者, null, 0, 0, 2023-08-01 00:00:00, 2023-08-01 00:00:00, PATCH}
2023-09-03 15:51:33,596 [main] INFO  (DfAbsractDataWriter#noticeLoadedRowSize():1106) -  -> 3 rows are loaded to ROLE
2023-09-03 15:51:33,602 [main] INFO  (DfLoadDataProcess#lazyCheckLoadedClassifiaction():387) - ...Checking implicit set of classification
2023-09-03 15:51:33,617 [main] INFO  (DfTakeFinallyProcess#takeFinally():244) - 
2023-09-03 15:51:33,617 [main] INFO  (DfTakeFinallyProcess#takeFinally():245) - * * * * * * * **
2023-09-03 15:51:33,617 [main] INFO  (DfTakeFinallyProcess#takeFinally():246) - *              *
2023-09-03 15:51:33,618 [main] INFO  (DfTakeFinallyProcess#takeFinally():247) - * Take Finally *
2023-09-03 15:51:33,618 [main] INFO  (DfTakeFinallyProcess#takeFinally():248) - *              *
2023-09-03 15:51:33,618 [main] INFO  (DfTakeFinallyProcess#takeFinally():249) - * * * * * * * **
2023-09-03 15:51:33,626 [main] INFO  (DfSqlFileFireMan#fire():68) - ...Firing: take-finally.sql
2023-09-03 15:51:33,628 [main] INFO  (DfSqlFileRunnerBase#traceResult():172) -  -> success=0 failure=0
2023-09-03 15:51:33,629 [main] INFO  (DfSqlFileFireMan#fire():93) - Take Finally: success=0, failure=0 (in 1 files)
2023-09-03 15:51:33,631 [main] INFO  (DfDataSourceHandler#destroy():120) - ...closeReally()
2023-09-03 15:51:33,647 [main] INFO  (DfDBFluteTaskUtil#logFinalMessage():139) - 
_/_/_/_/_/_/_/_/_/_/_/_/_/_/_/_/_/_/_/_/_/_/
[Final Message]: 00m03s972ms

  DBFLUTE_CLIENT: {jlibrary}
    database  = mysql (MySQL 5.5.5-10.4.28-MariaDB)
    language  = java
    container = spring
    package   = jp.co.jwebgate.jlibrary.dbflute

  DBFLUTE_ENVIRONMENT_TYPE: {}
    driver = com.mysql.jdbc.Driver
    url    = jdbc:mysql://localhost:3306/jlibrary
    schema = {jlibrary.$$NoNameSchema$$ as main}
    user   = root
    props  = {}
    additionalSchema = 
    repsEnvType      = ut
    refreshProject   = $$AutoDetect$$

 Create Schema: success=6, failure=0 (in 1 files) - 00m00s410ms
  (Initialize Schema) - 00m00s250ms
  (Create Schema) - 00m00s148ms
  o replace-schema.sql

 Load Data: common:{csv=1} - 00m00s178ms
  <common>
  o ROLE.csv

 Take Finally: success=0, failure=0 (in 1 files) - 00m00s014ms
  o take-finally.sql
_/_/_/_/_/_/_/_/_/_/ {ReplaceSchema}
2023-09-03 15:51:34,887 [main] INFO  (TorqueJDBCTransformTask#begin():104) - +------------------------------------------+
2023-09-03 15:51:34,889 [main] INFO  (TorqueJDBCTransformTask#begin():105) - |                                          |
2023-09-03 15:51:34,890 [main] INFO  (TorqueJDBCTransformTask#begin():106) - |                   JDBC                   |
2023-09-03 15:51:34,890 [main] INFO  (TorqueJDBCTransformTask#begin():107) - |                                          |
2023-09-03 15:51:34,891 [main] INFO  (TorqueJDBCTransformTask#begin():108) - +------------------------------------------+
2023-09-03 15:51:34,917 [main] INFO  (DfDataSourceHandler#prepare():78) - ...Preparing data source:
2023-09-03 15:51:34,918 [main] INFO  (DfDataSourceHandler#prepare():79) -   driver = com.mysql.jdbc.Driver
2023-09-03 15:51:34,918 [main] INFO  (DfDataSourceHandler#prepare():80) -   url    = jdbc:mysql://localhost:3306/jlibrary
2023-09-03 15:51:34,919 [main] INFO  (DfDataSourceHandler#prepare():81) -   user   = root
2023-09-03 15:51:34,965 [main] INFO  (DfSchemaXmlSerializer#serialize():305) - 
2023-09-03 15:51:34,965 [main] INFO  (DfSchemaXmlSerializer#serialize():306) - ...Starting to process JDBC to SchemaXML
2023-09-03 15:51:34,966 [main] INFO  (DfSchemaXmlSerializer#doLoadPreviousSchema():1559) - ...Loading previous schema (schema diff process)
2023-09-03 15:51:34,980 [main] INFO  (DTDResolver#resolveEntity():195) - ...Resolving XML by database.dtd in same package
2023-09-03 15:51:35,079 [main] INFO  (DfSchemaXmlSerializer#generateXML():379) - ...Getting DB connection
2023-09-03 15:51:35,084 [main] INFO  (DfDataSourceHandler#createConnection():166) - ...Connecting to database by data source:
2023-09-03 15:51:35,317 [main] INFO  (DfDataSourceHandler#setupConnectionMetaInfo():233) -   product = MySQL 5.5.5-10.4.28-MariaDB
2023-09-03 15:51:35,318 [main] INFO  (DfDataSourceHandler#setupConnectionMetaInfo():234) -   driver  = MySQL Connector Java mysql-connector-java-5.1.49 ( Revision: ad86f36e100e104cd926c6b81c8cab9565750116 ) for JDBC 4.0
2023-09-03 15:51:35,320 [main] INFO  (DfSchemaXmlSerializer#generateXML():382) - ...Getting DB meta data
2023-09-03 15:51:35,322 [main] INFO  (DfTableExtractor#doGetTableList():66) - ...Getting tables:
2023-09-03 15:51:35,322 [main] INFO  (DfTableExtractor#doGetTableList():67) -   schema = {jlibrary.$$NoNameSchema$$ as main}
2023-09-03 15:51:35,323 [main] INFO  (DfTableExtractor#doGetTableList():68) -   types  = [TABLE, VIEW]
2023-09-03 15:51:35,381 [main] INFO  (DfDbCommentExtractorBase#doSelectUserTabComments():121) - select table_type as OBJECT_TYPE, table_name as TABLE_NAME, table_comment as COMMENTS from information_schema.tables where table_schema = 'jlibrary' order by table_name asc
2023-09-03 15:51:35,395 [main] INFO  (DfDbCommentExtractorBase#doSelectUserColComments():168) - select table_name as TABLE_NAME, column_name as COLUMN_NAME, column_comment as COMMENTS from information_schema.columns where table_schema = 'jlibrary' order by table_name asc, column_name asc
2023-09-03 15:51:35,421 [main] INFO  (DfDatetimePrecisionExtractorMySQL#extractDatetimePrecisionMap():59) - select TABLE_NAME, COLUMN_NAME, DATETIME_PRECISION from INFORMATION_SCHEMA.COLUMNS where TABLE_SCHEMA = 'jlibrary' and DATA_TYPE = 'datetime'
2023-09-03 15:51:35,465 [main] INFO  (DfSchemaXmlSerializer#processTable():438) - 
2023-09-03 15:51:35,466 [main] INFO  (DfSchemaXmlSerializer#processTable():439) - $ /= = = = = = = = = = = = = = = = = = = = = = = = = =
2023-09-03 15:51:35,466 [main] INFO  (DfSchemaXmlSerializer#processTable():440) - $ [Table List]
2023-09-03 15:51:35,467 [main] INFO  (DfSchemaXmlSerializer#doProcessTable():520) - $ jlibrary.BOOK(TABLE) // 図書
2023-09-03 15:51:35,612 [main] INFO  (DfSchemaXmlSerializer#doProcessTable():520) - $ jlibrary.GENERAL_USER(TABLE) // 一般利用者
2023-09-03 15:51:35,679 [main] INFO  (DfSchemaXmlSerializer#doProcessTable():520) - $ jlibrary.GENRE(TABLE) // ジャンル
2023-09-03 15:51:35,731 [main] INFO  (DfSchemaXmlSerializer#doProcessTable():520) - $ jlibrary.ROLE(TABLE) // 権限
2023-09-03 15:51:35,753 [main] INFO  (DfSchemaXmlSerializer#doProcessTable():520) - $ jlibrary.STAFF_USER(TABLE) // 職員
2023-09-03 15:51:35,781 [main] INFO  (DfSchemaXmlSerializer#doProcessTable():520) - $ jlibrary.USER_ROLE_MAP(TABLE) // ユーザー権限マップ
2023-09-03 15:51:35,802 [main] INFO  (DfSchemaXmlSerializer#processTable():452) - $ 
2023-09-03 15:51:35,803 [main] INFO  (DfSchemaXmlSerializer#processTable():453) - $ [Table Count]
2023-09-03 15:51:35,803 [main] INFO  (DfSchemaXmlSerializer#processTable():454) - $ 6
2023-09-03 15:51:35,804 [main] INFO  (DfSchemaXmlSerializer#processTable():455) - $ = = = = = = = = = =/
2023-09-03 15:51:35,804 [main] INFO  (DfSchemaXmlSerializer#processTable():456) - 
2023-09-03 15:51:35,806 [main] INFO  (DfSchemaXmlSerializer#processSequence():823) - ...Getting sequences
2023-09-03 15:51:35,812 [main] INFO  (DfSchemaXmlSerializer#serialize():320) - ...Serializing XML:
2023-09-03 15:51:35,813 [main] INFO  (DfSchemaXmlSerializer#serialize():321) -   filePath = ./schema/project-schema-jlibrary.xml
2023-09-03 15:51:35,813 [main] INFO  (DfSchemaXmlSerializer#serialize():322) -   encoding = UTF-8
2023-09-03 15:51:35,853 [main] INFO  (DfSchemaXmlSerializer#doLoadNextSchema():1570) - ...Loading next schema (schema diff process)
2023-09-03 15:51:35,856 [main] INFO  (DTDResolver#resolveEntity():195) - ...Resolving XML by database.dtd in same package
2023-09-03 15:51:36,292 [main] INFO  (DfSchemaXmlSerializer#doLoadNextSchema():1575) -  -> different from previous (schema diff)
2023-09-03 15:51:36,293 [main] INFO  (DfSchemaXmlSerializer#doLoadNextSchema():1577) - ...Serializing schema-diff:
2023-09-03 15:51:36,294 [main] INFO  (DfSchemaXmlSerializer#doLoadNextSchema():1578) -   filePath = ./schema/project-history-jlibrary.diffmap
2023-09-03 15:51:36,306 [main] INFO  (DfDataSourceHandler#destroy():120) - ...closeReally()
2023-09-03 15:51:36,319 [main] INFO  (DfDBFluteTaskUtil#logFinalMessage():139) - 
_/_/_/_/_/_/_/_/_/_/_/_/_/_/_/_/_/_/_/_/_/_/
[Final Message]: 00m01s441ms

  DBFLUTE_CLIENT: {jlibrary}
    database  = mysql (MySQL 5.5.5-10.4.28-MariaDB)
    language  = java
    container = spring
    package   = jp.co.jwebgate.jlibrary.dbflute

  DBFLUTE_ENVIRONMENT_TYPE: {}
    driver = com.mysql.jdbc.Driver
    url    = jdbc:mysql://localhost:3306/jlibrary
    schema = {jlibrary.$$NoNameSchema$$ as main}
    user   = root
    props  = {}
    additionalSchema = 
    repsEnvType      = ut
    refreshProject   = $$AutoDetect$$
_/_/_/_/_/_/_/_/_/_/ {JDBC}
2023-09-03 15:51:37,109 [main] INFO  (TorqueDocumentationTask#begin():193) - +------------------------------------------+
2023-09-03 15:51:37,110 [main] INFO  (TorqueDocumentationTask#begin():194) - |                                          |
2023-09-03 15:51:37,111 [main] INFO  (TorqueDocumentationTask#begin():195) - |                   Doc                    |
2023-09-03 15:51:37,111 [main] INFO  (TorqueDocumentationTask#begin():203) - |                                          |
2023-09-03 15:51:37,111 [main] INFO  (TorqueDocumentationTask#begin():204) - +------------------------------------------+
2023-09-03 15:51:37,136 [main] INFO  (DfDataSourceHandler#prepare():78) - ...Preparing data source:
2023-09-03 15:51:37,137 [main] INFO  (DfDataSourceHandler#prepare():79) -   driver = com.mysql.jdbc.Driver
2023-09-03 15:51:37,137 [main] INFO  (DfDataSourceHandler#prepare():80) -   url    = jdbc:mysql://localhost:3306/jlibrary
2023-09-03 15:51:37,138 [main] INFO  (DfDataSourceHandler#prepare():81) -   user   = root
2023-09-03 15:51:37,139 [main] INFO  (TorqueDocumentationTask#processSchemaHtml():265) - 
2023-09-03 15:51:37,139 [main] INFO  (TorqueDocumentationTask#processSchemaHtml():266) - * * * * * * * * * * *
2023-09-03 15:51:37,140 [main] INFO  (TorqueDocumentationTask#processSchemaHtml():267) - *                   *
2023-09-03 15:51:37,140 [main] INFO  (TorqueDocumentationTask#processSchemaHtml():268) - *    Schema HTML    *
2023-09-03 15:51:37,140 [main] INFO  (TorqueDocumentationTask#processSchemaHtml():269) - *                   *
2023-09-03 15:51:37,140 [main] INFO  (TorqueDocumentationTask#processSchemaHtml():270) - * * * * * * * * * * *
2023-09-03 15:51:37,193 [main] INFO  (DTDResolver#resolveEntity():195) - ...Resolving XML by database.dtd in same package
2023-09-03 15:51:37,257 [main] INFO  (DfAdditionalPrimaryKeyInitializer#initializeAdditionalPrimaryKey():62) - /=======================================
2023-09-03 15:51:37,257 [main] INFO  (DfAdditionalPrimaryKeyInitializer#initializeAdditionalPrimaryKey():63) - ...Initializing additional primary keys.
2023-09-03 15:51:37,258 [main] INFO  (DfAdditionalPrimaryKeyInitializer#initializeAdditionalPrimaryKey():88) - ==========/
2023-09-03 15:51:37,259 [main] INFO  (DfAdditionalUniqueKeyInitializer#initializeAdditionalUniqueKey():62) - /=======================================
2023-09-03 15:51:37,259 [main] INFO  (DfAdditionalUniqueKeyInitializer#initializeAdditionalUniqueKey():63) - ...Initializing additional unique keys.
2023-09-03 15:51:37,260 [main] INFO  (DfAdditionalUniqueKeyInitializer#initializeAdditionalUniqueKey():83) - ==========/
2023-09-03 15:51:37,262 [main] INFO  (DfAdditionalForeignKeyInitializer#initializeAdditionalForeignKey():68) - /=======================================
2023-09-03 15:51:37,263 [main] INFO  (DfAdditionalForeignKeyInitializer#initializeAdditionalForeignKey():69) - ...Initializing additional foreign keys.
2023-09-03 15:51:37,266 [main] INFO  (DfAdditionalForeignKeyInitializer#initializeAdditionalForeignKey():88) - ==========/
2023-09-03 15:51:37,281 [main] INFO  (DfClsDeploymentInitializer#initializeClassificationDeployment():67) - ...Initializing ClassificationDeployment: project=jlibrary
2023-09-03 15:51:37,361 [main] INFO  (DfAbstractTexenTask#fireVelocityProcess():253) - generator.parse("doc/ControlDocument.vm", ctx);
2023-09-03 15:51:37,375 [main] INFO  (DfFlutistLog4JLogSystem#init():45) - ...Suppressing velocity.log, which is unneeded for also debug
2023-09-03 15:51:37,511 [main] INFO  (Database#doEnableDocumentOutputDirectory():1241) - ...Setting up documentOutputDirectory: ./output/doc
2023-09-03 15:51:37,521 [main] INFO  (DfDocumentSelector#doLoadSchemaHistory():242) - ...Loading schema history
2023-09-03 15:51:37,567 [main] INFO  (DfDocumentSelector#doLoadSchemaHistory():246) -  -> found history: count=2
2023-09-03 15:51:37,629 [main] INFO  (DfSchemaHtmlDataArrangeQuery#getArrangeQueryTableMap():50) -  
2023-09-03 15:51:37,630 [main] INFO  (DfSchemaHtmlDataArrangeQuery#getArrangeQueryTableMap():51) - ...Setting up arrange queries for documents (ArrangeQueryDoc)
2023-09-03 15:51:37,649 [main] INFO  (DfArrangeQueryDocSetupper#doExtractArrangeQuery():106) -  -> no arrange query
2023-09-03 15:51:37,942 [main] INFO  (DfRefreshResourceProcess#show():295) - /===========================================================================
2023-09-03 15:51:37,942 [main] INFO  (DfRefreshResourceProcess#show():295) - ...Refreshing [jlibrary] by http://localhost:8386/
2023-09-03 15:51:37,961 [main] INFO  (DfRefreshResourceProcess#show():295) - ...Retrying refreshing by default secondary URL http://localhost:8387/
2023-09-03 15:51:37,962 [main] INFO  (DfRefreshResourceProcess#show():295) - Failed to refresh the resources (continued): url=http://localhost:8386/, cause=ConnectException(Connection refused)
2023-09-03 15:51:37,962 [main] INFO  (DfRefreshResourceProcess#show():295) - ==========/
2023-09-03 15:51:37,965 [main] INFO  (DfDBFluteTaskUtil#logFinalMessage():139) - 
_/_/_/_/_/_/_/_/_/_/_/_/_/_/_/_/_/_/_/_/_/_/
[Final Message]: 00m00s867ms

  DBFLUTE_CLIENT: {jlibrary}
    database  = mysql
    language  = java
    container = spring
    package   = jp.co.jwebgate.jlibrary.dbflute

  DBFLUTE_ENVIRONMENT_TYPE: {}
    driver = com.mysql.jdbc.Driver
    url    = jdbc:mysql://localhost:3306/jlibrary
    schema = {jlibrary.$$NoNameSchema$$ as main}
    user   = root
    props  = {}
    additionalSchema = 
    repsEnvType      = ut
    refreshProject   = $$AutoDetect$$
_/_/_/_/_/_/_/_/_/_/ {Doc}
2023-09-03 15:51:40,593 [main] INFO  (TorqueDataModelTask#begin():110) - +------------------------------------------+
2023-09-03 15:51:40,595 [main] INFO  (TorqueDataModelTask#begin():111) - |                                          |
2023-09-03 15:51:40,596 [main] INFO  (TorqueDataModelTask#begin():112) - |                 Generate                 |
2023-09-03 15:51:40,596 [main] INFO  (TorqueDataModelTask#begin():113) - |                                          |
2023-09-03 15:51:40,596 [main] INFO  (TorqueDataModelTask#begin():114) - +------------------------------------------+
2023-09-03 15:51:40,627 [main] INFO  (DfDataSourceHandler#prepare():78) - ...Preparing data source:
2023-09-03 15:51:40,628 [main] INFO  (DfDataSourceHandler#prepare():79) -   driver = com.mysql.jdbc.Driver
2023-09-03 15:51:40,628 [main] INFO  (DfDataSourceHandler#prepare():80) -   url    = jdbc:mysql://localhost:3306/jlibrary
2023-09-03 15:51:40,628 [main] INFO  (DfDataSourceHandler#prepare():81) -   user   = root
2023-09-03 15:51:40,646 [main] INFO  (TorqueDataModelTask#setupControlTemplate():166) - 
2023-09-03 15:51:40,647 [main] INFO  (TorqueDataModelTask#setupControlTemplate():167) - ...Using Java control: om/ControlGenerateJava.vm
2023-09-03 15:51:40,676 [main] INFO  (DTDResolver#resolveEntity():195) - ...Resolving XML by database.dtd in same package
2023-09-03 15:51:40,723 [main] INFO  (DfAbstractTexenTask#fireVelocityProcess():253) - generator.parse("om/ControlGenerateJava.vm", ctx);
2023-09-03 15:51:40,731 [main] INFO  (DfFlutistLog4JLogSystem#init():45) - ...Suppressing velocity.log, which is unneeded for also debug
2023-09-03 15:51:40,889 [main] INFO  (Database#doEnableGenerateOutputDirectory():1209) - ...Setting up generateOutputDirectory: ../src/main/java
2023-09-03 15:51:40,893 [main] INFO  (DfAdditionalPrimaryKeyInitializer#initializeAdditionalPrimaryKey():62) - /=======================================
2023-09-03 15:51:40,893 [main] INFO  (DfAdditionalPrimaryKeyInitializer#initializeAdditionalPrimaryKey():63) - ...Initializing additional primary keys.
2023-09-03 15:51:40,894 [main] INFO  (DfAdditionalPrimaryKeyInitializer#initializeAdditionalPrimaryKey():88) - ==========/
2023-09-03 15:51:40,895 [main] INFO  (DfAdditionalUniqueKeyInitializer#initializeAdditionalUniqueKey():62) - /=======================================
2023-09-03 15:51:40,896 [main] INFO  (DfAdditionalUniqueKeyInitializer#initializeAdditionalUniqueKey():63) - ...Initializing additional unique keys.
2023-09-03 15:51:40,896 [main] INFO  (DfAdditionalUniqueKeyInitializer#initializeAdditionalUniqueKey():83) - ==========/
2023-09-03 15:51:40,898 [main] INFO  (DfAdditionalForeignKeyInitializer#initializeAdditionalForeignKey():68) - /=======================================
2023-09-03 15:51:40,898 [main] INFO  (DfAdditionalForeignKeyInitializer#initializeAdditionalForeignKey():69) - ...Initializing additional foreign keys.
2023-09-03 15:51:40,899 [main] INFO  (DfAdditionalForeignKeyInitializer#initializeAdditionalForeignKey():88) - ==========/
2023-09-03 15:51:40,910 [main] INFO  (DfClsDeploymentInitializer#initializeClassificationDeployment():67) - ...Initializing ClassificationDeployment: project=jlibrary
2023-09-03 15:51:40,917 [main] INFO  (DfIncludeQueryInitializer#initializeIncludeQuery():58) - /=============================
2023-09-03 15:51:40,918 [main] INFO  (DfIncludeQueryInitializer#initializeIncludeQuery():59) - ...Initializing include query.
2023-09-03 15:51:40,919 [main] INFO  (DfIncludeQueryInitializer#checkQueryMap():81) - String
2023-09-03 15:51:40,919 [main] INFO  (DfIncludeQueryInitializer#checkQueryMap():81) - Number
2023-09-03 15:51:40,919 [main] INFO  (DfIncludeQueryInitializer#checkQueryMap():81) - Date
2023-09-03 15:51:40,920 [main] INFO  (DfIncludeQueryInitializer#checkQueryMap():86) -   NotEqual -> []
2023-09-03 15:51:40,920 [main] INFO  (DfIncludeQueryInitializer#checkQueryMap():86) -   InScope -> []
2023-09-03 15:51:40,920 [main] INFO  (DfIncludeQueryInitializer#checkQueryMap():86) -   NotInScope -> []
2023-09-03 15:51:40,920 [main] INFO  (DfIncludeQueryInitializer#checkQueryMap():81) - OrderBy
2023-09-03 15:51:40,921 [main] INFO  (DfIncludeQueryInitializer#initializeIncludeQuery():61) - ========/
2023-09-03 15:51:40,938 [main] INFO  (Database#info():2852) - public void parseAllCommon() {
2023-09-03 15:51:40,940 [main] INFO  (Database#info():2852) -     parse('DBCurrent');
2023-09-03 15:51:40,947 [main] INFO  (Database#info():2852) -     parse('DBFluteConfig');
2023-09-03 15:51:40,981 [main] INFO  (Database#info():2852) -     parse('DBFluteInitializer');
2023-09-03 15:51:40,987 [main] INFO  (Database#info():2852) -     parse('DBMetaInstanceHandler');
2023-09-03 15:51:41,006 [main] INFO  (Database#info():2852) -     parse('EntityDefinedCommonColumn');
2023-09-03 15:51:41,023 [main] INFO  (Database#info():2852) -     parse('ImplementedBehaviorSelector');
2023-09-03 15:51:41,035 [main] INFO  (Database#info():2852) -     parse('ImplementedCommonColumnAutoSetupper');
2023-09-03 15:51:41,046 [main] INFO  (Database#info():2852) -     parse('ImplementedInvokerAssistant');
2023-09-03 15:51:41,064 [main] INFO  (Database#info():2852) -     parse('ImplementedSqlClauseCreator');
2023-09-03 15:51:41,071 [main] INFO  (Database#info():2852) - }
2023-09-03 15:51:41,072 [main] INFO  (Database#info():2852) - public void parseContainerConfig() {
2023-09-03 15:51:41,072 [main] INFO  (Database#info():2852) -     parse('jp/co/jwebgate/jlibrary/dbflute/allcommon/DBFluteBeansJavaConfig.java')
2023-09-03 15:51:41,088 [main] INFO  (Database#info():2852) - }
2023-09-03 15:51:41,092 [main] INFO  (DfOldClassHandler#info():1045) - public void deleteOldTableClass() {
2023-09-03 15:51:41,123 [main] INFO  (DfOldClassHandler#info():1045) - }
2023-09-03 15:51:41,124 [main] INFO  (Database#info():2852) - public void parseTableClass() {
2023-09-03 15:51:41,124 [main] INFO  (Database#info():2852) -     parse('BOOK');
2023-09-03 15:51:41,504 [main] INFO  (Database#info():2852) -     parse('GENERAL_USER');
2023-09-03 15:51:41,753 [main] INFO  (Database#info():2852) -     parse('GENRE');
2023-09-03 15:51:41,931 [main] INFO  (Database#info():2852) -     parse('ROLE');
2023-09-03 15:51:42,203 [main] INFO  (Database#info():2852) -     parse('STAFF_USER');
2023-09-03 15:51:42,364 [main] INFO  (Database#info():2852) -     parse('USER_ROLE_MAP');
2023-09-03 15:51:42,547 [main] INFO  (Database#info():2852) - }
2023-09-03 15:51:42,547 [main] INFO  (Database#info():2852) -  
2023-09-03 15:51:42,623 [main] INFO  (DfRefreshResourceProcess#show():295) - /===========================================================================
2023-09-03 15:51:42,624 [main] INFO  (DfRefreshResourceProcess#show():295) - ...Refreshing [jlibrary] by http://localhost:8386/
2023-09-03 15:51:42,626 [main] INFO  (DfRefreshResourceProcess#show():295) - ...Retrying refreshing by default secondary URL http://localhost:8387/
2023-09-03 15:51:42,627 [main] INFO  (DfRefreshResourceProcess#show():295) - Failed to refresh the resources (continued): url=http://localhost:8386/, cause=ConnectException(Connection refused)
2023-09-03 15:51:42,628 [main] INFO  (DfRefreshResourceProcess#show():295) - ==========/
2023-09-03 15:51:42,678 [main] INFO  (DfDBFluteTaskUtil#logFinalMessage():139) - 
_/_/_/_/_/_/_/_/_/_/_/_/_/_/_/_/_/_/_/_/_/_/
[Final Message]: 00m02s050ms

  DBFLUTE_CLIENT: {jlibrary}
    database  = mysql
    language  = java
    container = spring
    package   = jp.co.jwebgate.jlibrary.dbflute

  DBFLUTE_ENVIRONMENT_TYPE: {}
    driver = com.mysql.jdbc.Driver
    url    = jdbc:mysql://localhost:3306/jlibrary
    schema = {jlibrary.$$NoNameSchema$$ as main}
    user   = root
    props  = {}
    additionalSchema = 
    repsEnvType      = ut
    refreshProject   = $$AutoDetect$$
_/_/_/_/_/_/_/_/_/_/ {Generate}
2023-09-03 15:51:43,857 [main] INFO  (DfOutsideSqlTestTask#begin():77) - +------------------------------------------+
2023-09-03 15:51:43,860 [main] INFO  (DfOutsideSqlTestTask#begin():78) - |                                          |
2023-09-03 15:51:43,860 [main] INFO  (DfOutsideSqlTestTask#begin():79) - |              OutsideSqlTest              |
2023-09-03 15:51:43,860 [main] INFO  (DfOutsideSqlTestTask#begin():80) - |                                          |
2023-09-03 15:51:43,861 [main] INFO  (DfOutsideSqlTestTask#begin():81) - +------------------------------------------+
2023-09-03 15:51:43,894 [main] INFO  (DfDataSourceHandler#prepare():78) - ...Preparing data source:
2023-09-03 15:51:43,895 [main] INFO  (DfDataSourceHandler#prepare():79) -   driver = com.mysql.jdbc.Driver
2023-09-03 15:51:43,895 [main] INFO  (DfDataSourceHandler#prepare():80) -   url    = jdbc:mysql://localhost:3306/jlibrary
2023-09-03 15:51:43,895 [main] INFO  (DfDataSourceHandler#prepare():81) -   user   = root
2023-09-03 15:51:43,984 [main] INFO  (DfSqlFileFireMan#fire():68) - ...Firing: GeneralUserBhv_selectNewGeneralUserId.sql
2023-09-03 15:51:44,000 [main] INFO  (DfDataSourceHandler#createConnection():166) - ...Connecting to database by data source:
2023-09-03 15:51:44,457 [main] INFO  (DfDataSourceHandler#setupConnectionMetaInfo():233) -   product = MySQL 5.5.5-10.4.28-MariaDB
2023-09-03 15:51:44,457 [main] INFO  (DfDataSourceHandler#setupConnectionMetaInfo():234) -   driver  = MySQL Connector Java mysql-connector-java-5.1.49 ( Revision: ad86f36e100e104cd926c6b81c8cab9565750116 ) for JDBC 4.0
2023-09-03 15:51:44,483 [main] INFO  (DfOutsideSqlTestTask$1#traceSql():194) - SQL:
/*
[df:title]
追加できる最小の一般利用者IDを取得する

[df:description]
追加できる最小の一般利用者IDを取得する
*/
-- #df:entity#
-- !df:pmb!
-- !!AutoDetect!!

select 
IFNULL(CONCAT('G',LPAD(MAX(SUBSTR(GENERAL_USER_ID,2)) + 1, 5,'0')), 'G00001') AS NEW_GENERAL_USER_ID 
from GENERAL_USER
2023-09-03 15:51:44,489 [main] INFO  (DfOutsideSqlTestTask$1#traceResult():199) -  -> success=1 failure=0

2023-09-03 15:51:44,490 [main] INFO  (DfSqlFileFireMan#fire():68) - ...Firing: StaffUserBhv_selectNewStaffUserId.sql
2023-09-03 15:51:44,491 [main] INFO  (DfOutsideSqlTestTask$1#traceSql():194) - SQL:
/*
[df:title]
追加できる最小の職員IDを取得する

[df:description]
追加できる最小の職員IDを取得する
*/
-- #df:entity#
-- !df:pmb!
-- !!AutoDetect!!

select 
IFNULL(CONCAT('G',LPAD(MAX(SUBSTR(STAFF_USER_ID,2)) + 1, 5,'0')), 'G00001') AS NEW_STAFF_USER_ID 
from STAFF_USER
2023-09-03 15:51:44,494 [main] INFO  (DfOutsideSqlTestTask$1#traceResult():199) -  -> success=1 failure=0

2023-09-03 15:51:44,494 [main] INFO  (DfSqlFileFireMan#fire():93) - Fired SQL: success=2, failure=0 (in 2 files)
2023-09-03 15:51:44,494 [main] INFO  (DfDataSourceHandler#destroy():120) - ...closeReally()
2023-09-03 15:51:44,504 [main] INFO  (DfDBFluteTaskUtil#logFinalMessage():139) - 
_/_/_/_/_/_/_/_/_/_/_/_/_/_/_/_/_/_/_/_/_/_/
[Final Message]: 00m00s663ms

  DBFLUTE_CLIENT: {jlibrary}
    database  = mysql (MySQL 5.5.5-10.4.28-MariaDB)
    language  = java
    container = spring
    package   = jp.co.jwebgate.jlibrary.dbflute

  DBFLUTE_ENVIRONMENT_TYPE: {}
    driver = com.mysql.jdbc.Driver
    url    = jdbc:mysql://localhost:3306/jlibrary
    schema = {jlibrary.$$NoNameSchema$$ as main}
    user   = root
    props  = {}
    additionalSchema = 
    repsEnvType      = ut
    refreshProject   = $$AutoDetect$$

 {Checked SQL}
  o GeneralUserBhv_selectNewGeneralUserId.sql
  o StaffUserBhv_selectNewStaffUserId.sql

   o: OK (2)
_/_/_/_/_/_/_/_/_/_/ {OutsideSqlTest}
2023-09-03 15:51:45,281 [main] INFO  (DfSql2EntityTask#begin():106) - +------------------------------------------+
2023-09-03 15:51:45,282 [main] INFO  (DfSql2EntityTask#begin():107) - |                                          |
2023-09-03 15:51:45,283 [main] INFO  (DfSql2EntityTask#begin():108) - |                Sql2Entity                |
2023-09-03 15:51:45,283 [main] INFO  (DfSql2EntityTask#begin():109) - |                                          |
2023-09-03 15:51:45,283 [main] INFO  (DfSql2EntityTask#begin():110) - +------------------------------------------+
2023-09-03 15:51:45,311 [main] INFO  (DfDataSourceHandler#prepare():78) - ...Preparing data source:
2023-09-03 15:51:45,312 [main] INFO  (DfDataSourceHandler#prepare():79) -   driver = com.mysql.jdbc.Driver
2023-09-03 15:51:45,312 [main] INFO  (DfDataSourceHandler#prepare():80) -   url    = jdbc:mysql://localhost:3306/jlibrary
2023-09-03 15:51:45,313 [main] INFO  (DfDataSourceHandler#prepare():81) -   user   = root
2023-09-03 15:51:45,330 [main] INFO  (DfSql2EntityTask#setupControlTemplate():177) - 
2023-09-03 15:51:45,331 [main] INFO  (DfSql2EntityTask#setupControlTemplate():178) - ...Using Java control: om/ControlSql2EntityJava.vm
2023-09-03 15:51:45,336 [main] INFO  (DTDResolver#resolveEntity():195) - ...Resolving XML by database.dtd in same package
2023-09-03 15:51:45,431 [main] INFO  (DfSqlFileFireMan#fire():68) - ...Firing: GeneralUserBhv_selectNewGeneralUserId.sql
2023-09-03 15:51:45,437 [main] INFO  (DfDataSourceHandler#createConnection():166) - ...Connecting to database by data source:
2023-09-03 15:51:45,633 [main] INFO  (DfDataSourceHandler#setupConnectionMetaInfo():233) -   product = MySQL 5.5.5-10.4.28-MariaDB
2023-09-03 15:51:45,633 [main] INFO  (DfDataSourceHandler#setupConnectionMetaInfo():234) -   driver  = MySQL Connector Java mysql-connector-java-5.1.49 ( Revision: ad86f36e100e104cd926c6b81c8cab9565750116 ) for JDBC 4.0
2023-09-03 15:51:45,636 [main] INFO  (DfOutsideSqlAnalyzer#traceSql():330) - SQL:
/*
[df:title]
追加できる最小の一般利用者IDを取得する

[df:description]
追加できる最小の一般利用者IDを取得する
*/
-- #df:entity#
-- !df:pmb!
-- !!AutoDetect!!

select 
IFNULL(CONCAT('G',LPAD(MAX(SUBSTR(GENERAL_USER_ID,2)) + 1, 5,'0')), 'G00001') AS NEW_GENERAL_USER_ID 
from GENERAL_USER
2023-09-03 15:51:45,673 [main] INFO  (DfOutsideSqlAnalyzer#traceResult():336) -  -> success=1 failure=0
2023-09-03 15:51:45,673 [main] INFO  (DfSqlFileFireMan#fire():68) - ...Firing: StaffUserBhv_selectNewStaffUserId.sql
2023-09-03 15:51:45,675 [main] INFO  (DfOutsideSqlAnalyzer#traceSql():330) - SQL:
/*
[df:title]
追加できる最小の職員IDを取得する

[df:description]
追加できる最小の職員IDを取得する
*/
-- #df:entity#
-- !df:pmb!
-- !!AutoDetect!!

select 
IFNULL(CONCAT('G',LPAD(MAX(SUBSTR(STAFF_USER_ID,2)) + 1, 5,'0')), 'G00001') AS NEW_STAFF_USER_ID 
from STAFF_USER
2023-09-03 15:51:45,681 [main] INFO  (DfOutsideSqlAnalyzer#traceResult():336) -  -> success=1 failure=0
2023-09-03 15:51:45,681 [main] INFO  (DfSqlFileFireMan#fire():93) - Fired SQL: success=2, failure=0 (in 2 files)
2023-09-03 15:51:45,710 [main] INFO  (DfSql2EntityTask#initControlContext():311) - 
2023-09-03 15:51:45,711 [main] INFO  (DfSql2EntityTask#initControlContext():312) - ...Preparing generation of customize-entities and parameter-beans
2023-09-03 15:51:45,711 [main] INFO  (DfSql2EntityTask#initControlContext():313) - * * * * * * * * * *
2023-09-03 15:51:45,711 [main] INFO  (DfSql2EntityTask#initControlContext():314) - * CustomizeEntity *
2023-09-03 15:51:45,711 [main] INFO  (DfSql2EntityTask#initControlContext():315) - * * * * * * * * * *
2023-09-03 15:51:45,723 [main] INFO  (DfSql2EntityTask#showCustomizeEntity():927) - 
NewGeneralUserId
  NEW_GENERAL_USER_ID VARCHAR(6)

NewStaffUserId
  NEW_STAFF_USER_ID VARCHAR(6)
2023-09-03 15:51:45,723 [main] INFO  (DfSql2EntityTask#showParameterBean():932) - * * * * * * * * *
2023-09-03 15:51:45,724 [main] INFO  (DfSql2EntityTask#showParameterBean():933) - * ParameterBean *
2023-09-03 15:51:45,724 [main] INFO  (DfSql2EntityTask#showParameterBean():934) - * * * * * * * * *
2023-09-03 15:51:45,725 [main] INFO  (DfSql2EntityTask#showParameterBean():976) - 
NewGeneralUserIdPmb (typed to list, entity)

NewStaffUserIdPmb (typed to list, entity)
2023-09-03 15:51:45,728 [main] INFO  (DfAbstractTexenTask#fireVelocityProcess():253) - generator.parse("om/ControlSql2EntityJava.vm", ctx);
2023-09-03 15:51:45,735 [main] INFO  (DfFlutistLog4JLogSystem#init():45) - ...Suppressing velocity.log, which is unneeded for also debug
2023-09-03 15:51:45,870 [main] INFO  (DfClsDeploymentInitializer#initializeClassificationDeployment():67) - ...Initializing ClassificationDeployment: project=jlibrary
2023-09-03 15:51:45,870 [main] INFO  (DfClsDeploymentInitializer#initializeClassificationDeployment():67) - ...Initializing ClassificationDeployment: project=jlibrary
2023-09-03 15:51:45,875 [main] INFO  (Database#doEnableSql2EntityOutputDirectory():1225) - ...Setting up sql2EntityOutputDirectory: ../src/main/java
2023-09-03 15:51:45,877 [main] INFO  (DfOldClassHandler#info():1045) - public void deleteOldCustomizeClass() {
2023-09-03 15:51:45,895 [main] INFO  (DfOldClassHandler#info():1045) - }
2023-09-03 15:51:45,896 [main] INFO  (Database#info():2852) - public void parseCustomizeEntity() {
2023-09-03 15:51:45,991 [main] INFO  (Database#info():2852) -     parse('NewGeneralUserId')
2023-09-03 15:51:46,040 [main] INFO  (Database#info():2852) -     parse('NewStaffUserId')
2023-09-03 15:51:46,040 [main] INFO  (Database#info():2852) - }
2023-09-03 15:51:46,042 [main] INFO  (Database#info():2852) - public void parseParameterBean() {
2023-09-03 15:51:46,050 [main] INFO  (Database#info():2852) -     parse('NewGeneralUserIdPmb');
2023-09-03 15:51:46,074 [main] INFO  (Database#info():2852) -     parse('NewStaffUserIdPmb');
2023-09-03 15:51:46,087 [main] INFO  (Database#info():2852) - }
2023-09-03 15:51:46,125 [main] INFO  (DfSql2EntityTask#showTargetSqlFileInformation():303) - 
/- - - - - - - - - - - - - - - - - - - - - - - -
Target SQL files: 2

  GeneralUserBhv_selectNewGeneralUserId.sql
  StaffUserBhv_selectNewStaffUserId.sql
- - - - - - - - - -/
2023-09-03 15:51:46,131 [main] INFO  (DfRefreshResourceProcess#show():295) - /===========================================================================
2023-09-03 15:51:46,132 [main] INFO  (DfRefreshResourceProcess#show():295) - ...Refreshing [jlibrary] by http://localhost:8386/
2023-09-03 15:51:46,133 [main] INFO  (DfRefreshResourceProcess#show():295) - ...Retrying refreshing by default secondary URL http://localhost:8387/
2023-09-03 15:51:46,134 [main] INFO  (DfRefreshResourceProcess#show():295) - Failed to refresh the resources (continued): url=http://localhost:8386/, cause=ConnectException(Connection refused)
2023-09-03 15:51:46,134 [main] INFO  (DfRefreshResourceProcess#show():295) - ==========/
2023-09-03 15:51:46,135 [main] INFO  (DfDataSourceHandler#destroy():120) - ...closeReally()
2023-09-03 15:51:46,143 [main] INFO  (DfDBFluteTaskUtil#logFinalMessage():139) - 
_/_/_/_/_/_/_/_/_/_/_/_/_/_/_/_/_/_/_/_/_/_/
[Final Message]: 00m00s873ms

  DBFLUTE_CLIENT: {jlibrary}
    database  = mysql (MySQL 5.5.5-10.4.28-MariaDB)
    language  = java
    container = spring
    package   = jp.co.jwebgate.jlibrary.dbflute

  DBFLUTE_ENVIRONMENT_TYPE: {}
    driver = com.mysql.jdbc.Driver
    url    = jdbc:mysql://localhost:3306/jlibrary
    schema = {jlibrary.$$NoNameSchema$$ as main}
    user   = root
    props  = {}
    additionalSchema = 
    repsEnvType      = ut
    refreshProject   = $$AutoDetect$$
_/_/_/_/_/_/_/_/_/_/ {Sql2Entity}
2023-09-03 16:19:53,084 [main] INFO  (DfReplaceSchemaTask#begin():94) - +------------------------------------------+
2023-09-03 16:19:53,087 [main] INFO  (DfReplaceSchemaTask#begin():95) - |                                          |
2023-09-03 16:19:53,088 [main] INFO  (DfReplaceSchemaTask#begin():96) - |              ReplaceSchema               |
2023-09-03 16:19:53,097 [main] INFO  (DfReplaceSchemaTask#begin():104) - |                                          |
2023-09-03 16:19:53,098 [main] INFO  (DfReplaceSchemaTask#begin():105) - +------------------------------------------+
2023-09-03 16:19:53,099 [main] INFO  (DfReplaceSchemaTask#waitBeforeReps():423) - ...Waiting for your GO SIGN from stdin before ReplaceSchema:
2023-09-03 16:19:54,856 [main] INFO  (DfDataSourceHandler#prepare():78) - ...Preparing data source:
2023-09-03 16:19:54,857 [main] INFO  (DfDataSourceHandler#prepare():79) -   driver = com.mysql.jdbc.Driver
2023-09-03 16:19:54,857 [main] INFO  (DfDataSourceHandler#prepare():80) -   url    = jdbc:mysql://localhost:3306/jlibrary
2023-09-03 16:19:54,858 [main] INFO  (DfDataSourceHandler#prepare():81) -   user   = root
2023-09-03 16:19:54,871 [main] INFO  (DfDataSourceHandler#createConnection():166) - ...Connecting to database by data source:
2023-09-03 16:19:55,426 [main] INFO  (DfDataSourceHandler#setupConnectionMetaInfo():233) -   product = MySQL 5.5.5-10.4.28-MariaDB
2023-09-03 16:19:55,428 [main] INFO  (DfDataSourceHandler#setupConnectionMetaInfo():234) -   driver  = MySQL Connector Java mysql-connector-java-5.1.49 ( Revision: ad86f36e100e104cd926c6b81c8cab9565750116 ) for JDBC 4.0
2023-09-03 16:19:55,492 [main] INFO  (DfCreateSchemaProcess#initializeSchemaMainDrop():253) - 
2023-09-03 16:19:55,493 [main] INFO  (DfCreateSchemaProcess#initializeSchemaMainDrop():254) - * * * * * * * * * * *
2023-09-03 16:19:55,497 [main] INFO  (DfCreateSchemaProcess#initializeSchemaMainDrop():255) - *                   *
2023-09-03 16:19:55,497 [main] INFO  (DfCreateSchemaProcess#initializeSchemaMainDrop():256) - * Initialize Schema *
2023-09-03 16:19:55,498 [main] INFO  (DfCreateSchemaProcess#initializeSchemaMainDrop():257) - *                   *
2023-09-03 16:19:55,499 [main] INFO  (DfCreateSchemaProcess#initializeSchemaMainDrop():258) - * * * * * * * * * * *
2023-09-03 16:19:55,558 [main] INFO  (DfTableExtractor#doGetTableList():66) - ...Getting tables:
2023-09-03 16:19:55,566 [main] INFO  (DfTableExtractor#doGetTableList():67) -   schema = {jlibrary.$$NoNameSchema$$ as main}
2023-09-03 16:19:55,567 [main] INFO  (DfTableExtractor#doGetTableList():68) -   types  = [TABLE, VIEW]
2023-09-03 16:19:55,639 [main] INFO  (DfSchemaInitializerJdbc#logReplaceSql():614) - truncate table BOOK
2023-09-03 16:19:55,685 [main] INFO  (DfSchemaInitializerJdbc#logReplaceSql():614) - truncate table USER_ROLE_MAP
2023-09-03 16:19:55,699 [main] INFO  (DfSchemaInitializerJdbc#logReplaceSql():614) - alter table BOOK drop foreign key book_ibfk_1
2023-09-03 16:19:55,727 [main] INFO  (DfSchemaInitializerJdbc#logReplaceSql():614) - alter table USER_ROLE_MAP drop foreign key user_role_map_ibfk_2
2023-09-03 16:19:55,738 [main] INFO  (DfSchemaInitializerJdbc#logReplaceSql():614) - alter table USER_ROLE_MAP drop foreign key user_role_map_ibfk_3
2023-09-03 16:19:55,748 [main] INFO  (DfSchemaInitializerJdbc#logReplaceSql():614) - alter table USER_ROLE_MAP drop foreign key user_role_map_ibfk_1
2023-09-03 16:19:55,758 [main] INFO  (DfSchemaInitializerJdbc#logReplaceSql():614) - drop table BOOK
2023-09-03 16:19:55,763 [main] INFO  (DfSchemaInitializerJdbc#logReplaceSql():614) - drop table GENERAL_USER
2023-09-03 16:19:55,768 [main] INFO  (DfSchemaInitializerJdbc#logReplaceSql():614) - drop table GENRE
2023-09-03 16:19:55,772 [main] INFO  (DfSchemaInitializerJdbc#logReplaceSql():614) - drop table ROLE
2023-09-03 16:19:55,776 [main] INFO  (DfSchemaInitializerJdbc#logReplaceSql():614) - drop table STAFF_USER
2023-09-03 16:19:55,780 [main] INFO  (DfSchemaInitializerJdbc#logReplaceSql():614) - drop table USER_ROLE_MAP
2023-09-03 16:19:55,807 [main] INFO  (DfCreateSchemaProcess#createSchema():293) - 
2023-09-03 16:19:55,807 [main] INFO  (DfCreateSchemaProcess#createSchema():294) - * * * * * * * * *
2023-09-03 16:19:55,808 [main] INFO  (DfCreateSchemaProcess#createSchema():295) - *               *
2023-09-03 16:19:55,808 [main] INFO  (DfCreateSchemaProcess#createSchema():296) - * Create Schema *
2023-09-03 16:19:55,808 [main] INFO  (DfCreateSchemaProcess#createSchema():297) - *               *
2023-09-03 16:19:55,809 [main] INFO  (DfCreateSchemaProcess#createSchema():298) - * * * * * * * * *
2023-09-03 16:19:55,813 [main] INFO  (DfSqlFileFireMan#fire():68) - ...Firing: replace-schema.sql
2023-09-03 16:19:55,820 [main] INFO  (DfSqlFileRunnerBase#traceSql():168) - 
CREATE TABLE `ROLE` (
  `ID` INT (50) NOT NULL COMMENT 'ID' AUTO_INCREMENT,
  `CD` VARCHAR (255) NOT NULL COMMENT 'コード',
  `NAME` VARCHAR (255) NOT NULL COMMENT '名称',
  `REMARKS` VARCHAR (255) DEFAULT NULL COMMENT '備考',
  `DELETE_FLG` CHAR (1) NOT NULL DEFAULT '0' COMMENT '削除フラグ',
  `VERSION` INT (50) NOT NULL DEFAULT '0' COMMENT 'バージョン',
  `CREATED` DATETIME NOT NULL DEFAULT CURRENT_TIMESTAMP ON UPDATE CURRENT_TIMESTAMP COMMENT '登録日時',
  `MODIFIED` DATETIME NOT NULL DEFAULT CURRENT_TIMESTAMP ON UPDATE CURRENT_TIMESTAMP COMMENT '更新日時',
  `MODIFIED_BY` VARCHAR (255) NOT NULL COMMENT '更新者',
  PRIMARY KEY(ID)
)
COMMENT='権限'
2023-09-03 16:19:55,838 [main] INFO  (DfSqlFileRunnerBase#traceSql():168) - 
CREATE TABLE `GENRE` (
  `ID` INT (50) NOT NULL COMMENT 'ID' AUTO_INCREMENT,
  `GENRE_NAME` VARCHAR (25) NOT NULL COMMENT 'ジャンル名',
  `PARENT_GENRE_ID` VARCHAR (3) COMMENT '親ジャンルID',
  `REMARKS` VARCHAR (255) DEFAULT NULL COMMENT '備考',
  `DELETE_FLG` CHAR (1) NOT NULL DEFAULT '0' COMMENT '削除フラグ',
  `VERSION` INT (50) DEFAULT '0' COMMENT 'バージョン',
  `CREATED` DATETIME DEFAULT CURRENT_TIMESTAMP ON UPDATE CURRENT_TIMESTAMP COMMENT '登録日時',
  `MODIFIED` DATETIME DEFAULT CURRENT_TIMESTAMP ON UPDATE CURRENT_TIMESTAMP COMMENT '更新日時',
  `MODIFIED_BY` VARCHAR (255) COMMENT '更新者',
  PRIMARY KEY(ID)
)
COMMENT='ジャンル'
2023-09-03 16:19:55,851 [main] INFO  (DfSqlFileRunnerBase#traceSql():168) - 
CREATE TABLE `STAFF_USER` (
  `ID` INT (50) NOT NULL COMMENT 'ID' AUTO_INCREMENT,
  `STAFF_USER_ID` VARCHAR (10) NOT NULL COMMENT '職員ID',
  `PASSWORD` VARCHAR (255) NOT NULL COMMENT 'パスワード',
  `NAME_KANA` VARCHAR (50) NOT NULL COMMENT '氏名カナ',
  `NAME` VARCHAR (25) COMMENT '氏名',
  `EMAIL` VARCHAR (255) COMMENT 'メールアドレス',
  `REMARKS` VARCHAR (255) DEFAULT NULL COMMENT '備考',
  `DELETE_FLG` CHAR (1) NOT NULL DEFAULT '0' COMMENT '削除フラグ',
  `VERSION` INT (50) DEFAULT '0' COMMENT 'バージョン',
  `CREATED` DATETIME DEFAULT CURRENT_TIMESTAMP ON UPDATE CURRENT_TIMESTAMP COMMENT '登録日時',
  `MODIFIED` DATETIME DEFAULT CURRENT_TIMESTAMP ON UPDATE CURRENT_TIMESTAMP COMMENT '更新日時',
  `MODIFIED_BY` VARCHAR (255) COMMENT '更新者',
  PRIMARY KEY(ID,STAFF_USER_ID),
  UNIQUE KEY(STAFF_USER_ID)
)
COMMENT='職員'
2023-09-03 16:19:55,866 [main] INFO  (DfSqlFileRunnerBase#traceSql():168) - 
CREATE TABLE `GENERAL_USER` (
  `ID` INT (50) NOT NULL COMMENT 'ID' AUTO_INCREMENT,
  `GENERAL_USER_ID` VARCHAR (10) NOT NULL COMMENT '利用者ID',
  `PASSWORD` VARCHAR (255) NOT NULL COMMENT 'パスワード',
  `NAME_KANA` VARCHAR (50) NOT NULL COMMENT 'フリガナ',
  `NAME` VARCHAR (25) COMMENT '氏名',
  `BIRTHDAY` DATE COMMENT '生年月日',
  `PHONE_NUMBER` VARCHAR (11) COMMENT '電話番号',
  `ADDRESS` VARCHAR (100) COMMENT '住所',
  `REMARKS` VARCHAR (255) DEFAULT NULL COMMENT '備考',
  `DELETE_FLG` CHAR (1) NOT NULL DEFAULT '0' COMMENT '削除フラグ',
  `VERSION` INT (50) NOT NULL DEFAULT '0' COMMENT 'バージョン',
  `CREATED` DATETIME DEFAULT CURRENT_TIMESTAMP ON UPDATE CURRENT_TIMESTAMP COMMENT '登録日時',
  `MODIFIED` DATETIME DEFAULT CURRENT_TIMESTAMP ON UPDATE CURRENT_TIMESTAMP COMMENT '更新日時',
  `MODIFIED_BY` VARCHAR (255) COMMENT '更新者',
  PRIMARY KEY(ID,GENERAL_USER_ID),
  UNIQUE KEY(GENERAL_USER_ID)
)
COMMENT='一般利用者'
2023-09-03 16:19:55,883 [main] INFO  (DfSqlFileRunnerBase#traceSql():168) - 
CREATE TABLE `USER_ROLE_MAP` (
  `ID` INT (50) NOT NULL COMMENT 'ID' AUTO_INCREMENT,
  `STAFF_USER_ID` VARCHAR (255) COMMENT '職員ID',
  `GENERAL_USER_ID` VARCHAR (255) COMMENT '利用者ID',
  `ROLE_ID` INT (50) NOT NULL COMMENT '権限ID',
  `REMARKS` VARCHAR (255) DEFAULT NULL COMMENT '備考',
  `DELETE_FLG` CHAR (1) NOT NULL DEFAULT '0' COMMENT '削除フラグ',
  `VERSION` INT (50) DEFAULT '0' COMMENT 'バージョン',
  `CREATED` DATETIME DEFAULT CURRENT_TIMESTAMP ON UPDATE CURRENT_TIMESTAMP COMMENT '登録日時',
  `MODIFIED` DATETIME DEFAULT CURRENT_TIMESTAMP ON UPDATE CURRENT_TIMESTAMP COMMENT '更新日時',
  `MODIFIED_BY` VARCHAR (255) COMMENT '更新者',
  PRIMARY KEY(ID),
  UNIQUE KEY(STAFF_USER_ID,GENERAL_USER_ID,ROLE_ID),
  FOREIGN KEY (STAFF_USER_ID) REFERENCES STAFF_USER(STAFF_USER_ID),
  FOREIGN KEY (GENERAL_USER_ID) REFERENCES GENERAL_USER(GENERAL_USER_ID),
  FOREIGN KEY (ROLE_ID) REFERENCES ROLE(ID)
)
COMMENT='ユーザー権限マップ'
2023-09-03 16:19:55,905 [main] INFO  (DfSqlFileRunnerBase#traceSql():168) - 
CREATE TABLE `BOOK` (
  `ID` INT (50) NOT NULL COMMENT 'ID' AUTO_INCREMENT,
  `TITLE` VARCHAR (255) NOT NULL COMMENT 'タイトル',
  `AUTHOR` VARCHAR (50) NOT NULL COMMENT '著者',
  `ISBN_10` VARCHAR (10) COMMENT 'ISBN-10',
  `ISBN_13` VARCHAR (13) COMMENT 'ISBN-13',
  `PUBLISHER` VARCHAR (25) NOT NULL COMMENT '出版社',
  `GENRE_ID` INT (50) COMMENT 'ジャンルID',
  `SHELF_NUMBER` VARCHAR (3) COMMENT '棚番号',
  `CONTROL_NUMBER` VARCHAR (10) NOT NULL COMMENT '管理番号',
  `REMARKS` VARCHAR (255) DEFAULT NULL COMMENT '備考',
  `DELETE_FLG` CHAR (1) NOT NULL DEFAULT '0' COMMENT '削除フラグ',
  `VERSION` INT (50) DEFAULT '0' COMMENT 'バージョン',
  `CREATED` DATETIME DEFAULT CURRENT_TIMESTAMP ON UPDATE CURRENT_TIMESTAMP COMMENT '登録日時',
  `MODIFIED` DATETIME DEFAULT CURRENT_TIMESTAMP ON UPDATE CURRENT_TIMESTAMP COMMENT '更新日時',
  `MODIFIED_BY` VARCHAR (255) COMMENT '更新者',
  PRIMARY KEY(ID,CONTROL_NUMBER),
  FOREIGN KEY (GENRE_ID) REFERENCES GENRE(ID)
)
COMMENT='図書'
2023-09-03 16:19:55,924 [main] INFO  (DfSqlFileRunnerBase#traceResult():172) -  -> success=6 failure=0
2023-09-03 16:19:55,925 [main] INFO  (DfSqlFileFireMan#fire():93) - Create Schema: success=6, failure=0 (in 1 files)
2023-09-03 16:19:55,975 [main] INFO  (DfLoadDataProcess#execute():133) - 
2023-09-03 16:19:55,975 [main] INFO  (DfLoadDataProcess#execute():134) - * * * * * * * * * * *
2023-09-03 16:19:55,976 [main] INFO  (DfLoadDataProcess#execute():135) - *                   *
2023-09-03 16:19:55,976 [main] INFO  (DfLoadDataProcess#execute():136) - * Load Data         *
2023-09-03 16:19:55,976 [main] INFO  (DfLoadDataProcess#execute():137) - *                   *
2023-09-03 16:19:55,977 [main] INFO  (DfLoadDataProcess#execute():138) - * * * * * * * * * * *
2023-09-03 16:19:56,014 [main] INFO  (DfDelimiterDataWriterImpl#writeData():97) - /= = = = = = = = = = = = = = = = = = = = = = = = = = = = = = = = = 
2023-09-03 16:19:56,014 [main] INFO  (DfDelimiterDataWriterImpl#writeData():98) - writeData(playsql/data/common/csv/UTF-8/ROLE.csv)
2023-09-03 16:19:56,015 [main] INFO  (DfDelimiterDataWriterImpl#writeData():99) - = = = = = = =/
2023-09-03 16:19:56,017 [main] INFO  (DfTableExtractor#doGetTableList():66) - ...Getting tables:
2023-09-03 16:19:56,018 [main] INFO  (DfTableExtractor#doGetTableList():67) -   schema = {jlibrary.$$NoNameSchema$$ as main}
2023-09-03 16:19:56,018 [main] INFO  (DfTableExtractor#doGetTableList():68) -   types  = [TABLE, VIEW]
2023-09-03 16:19:56,053 [main] INFO  (DfAbsractDataWriter#handleLoggingInsert():1090) - ROLE:{1, ROLE_ADMIN, 管理者, null, 0, 0, 2023-08-01 00:00:00, 2023-08-01 00:00:00, PATCH}
2023-09-03 16:19:56,118 [main] INFO  (DfAbsractDataWriter#handleLoggingInsert():1090) - ROLE:{2, ROLE_STAFF, 職員, null, 0, 0, 2023-08-01 00:00:00, 2023-08-01 00:00:00, PATCH}
2023-09-03 16:19:56,120 [main] INFO  (DfAbsractDataWriter#handleLoggingInsert():1090) - ROLE:{3, ROLE_GENERAL, 一般利用者, null, 0, 0, 2023-08-01 00:00:00, 2023-08-01 00:00:00, PATCH}
2023-09-03 16:19:56,127 [main] INFO  (DfAbsractDataWriter#noticeLoadedRowSize():1106) -  -> 3 rows are loaded to ROLE
2023-09-03 16:19:56,132 [main] INFO  (DfLoadDataProcess#lazyCheckLoadedClassifiaction():387) - ...Checking implicit set of classification
2023-09-03 16:19:56,147 [main] INFO  (DfTakeFinallyProcess#takeFinally():244) - 
2023-09-03 16:19:56,147 [main] INFO  (DfTakeFinallyProcess#takeFinally():245) - * * * * * * * **
2023-09-03 16:19:56,147 [main] INFO  (DfTakeFinallyProcess#takeFinally():246) - *              *
2023-09-03 16:19:56,148 [main] INFO  (DfTakeFinallyProcess#takeFinally():247) - * Take Finally *
2023-09-03 16:19:56,148 [main] INFO  (DfTakeFinallyProcess#takeFinally():248) - *              *
2023-09-03 16:19:56,149 [main] INFO  (DfTakeFinallyProcess#takeFinally():249) - * * * * * * * **
2023-09-03 16:19:56,158 [main] INFO  (DfSqlFileFireMan#fire():68) - ...Firing: take-finally.sql
2023-09-03 16:19:56,160 [main] INFO  (DfSqlFileRunnerBase#traceResult():172) -  -> success=0 failure=0
2023-09-03 16:19:56,160 [main] INFO  (DfSqlFileFireMan#fire():93) - Take Finally: success=0, failure=0 (in 1 files)
2023-09-03 16:19:56,163 [main] INFO  (DfDataSourceHandler#destroy():120) - ...closeReally()
2023-09-03 16:19:56,175 [main] INFO  (DfDBFluteTaskUtil#logFinalMessage():139) - 
_/_/_/_/_/_/_/_/_/_/_/_/_/_/_/_/_/_/_/_/_/_/
[Final Message]: 00m03s118ms

  DBFLUTE_CLIENT: {jlibrary}
    database  = mysql (MySQL 5.5.5-10.4.28-MariaDB)
    language  = java
    container = spring
    package   = jp.co.jwebgate.jlibrary.dbflute

  DBFLUTE_ENVIRONMENT_TYPE: {}
    driver = com.mysql.jdbc.Driver
    url    = jdbc:mysql://localhost:3306/jlibrary
    schema = {jlibrary.$$NoNameSchema$$ as main}
    user   = root
    props  = {}
    additionalSchema = 
    repsEnvType      = ut
    refreshProject   = $$AutoDetect$$

 Create Schema: success=6, failure=0 (in 1 files) - 00m00s445ms
  (Initialize Schema) - 00m00s313ms
  (Create Schema) - 00m00s116ms
  o replace-schema.sql

 Load Data: common:{csv=1} - 00m00s167ms
  <common>
  o ROLE.csv

 Take Finally: success=0, failure=0 (in 1 files) - 00m00s015ms
  o take-finally.sql
_/_/_/_/_/_/_/_/_/_/ {ReplaceSchema}
2023-09-03 16:19:57,112 [main] INFO  (TorqueJDBCTransformTask#begin():104) - +------------------------------------------+
2023-09-03 16:19:57,114 [main] INFO  (TorqueJDBCTransformTask#begin():105) - |                                          |
2023-09-03 16:19:57,115 [main] INFO  (TorqueJDBCTransformTask#begin():106) - |                   JDBC                   |
2023-09-03 16:19:57,115 [main] INFO  (TorqueJDBCTransformTask#begin():107) - |                                          |
2023-09-03 16:19:57,116 [main] INFO  (TorqueJDBCTransformTask#begin():108) - +------------------------------------------+
2023-09-03 16:19:57,139 [main] INFO  (DfDataSourceHandler#prepare():78) - ...Preparing data source:
2023-09-03 16:19:57,139 [main] INFO  (DfDataSourceHandler#prepare():79) -   driver = com.mysql.jdbc.Driver
2023-09-03 16:19:57,139 [main] INFO  (DfDataSourceHandler#prepare():80) -   url    = jdbc:mysql://localhost:3306/jlibrary
2023-09-03 16:19:57,140 [main] INFO  (DfDataSourceHandler#prepare():81) -   user   = root
2023-09-03 16:19:57,409 [main] INFO  (DfSchemaXmlSerializer#serialize():305) - 
2023-09-03 16:19:57,410 [main] INFO  (DfSchemaXmlSerializer#serialize():306) - ...Starting to process JDBC to SchemaXML
2023-09-03 16:19:57,410 [main] INFO  (DfSchemaXmlSerializer#doLoadPreviousSchema():1559) - ...Loading previous schema (schema diff process)
2023-09-03 16:19:57,429 [main] INFO  (DTDResolver#resolveEntity():195) - ...Resolving XML by database.dtd in same package
2023-09-03 16:19:57,568 [main] INFO  (DfSchemaXmlSerializer#generateXML():379) - ...Getting DB connection
2023-09-03 16:19:57,573 [main] INFO  (DfDataSourceHandler#createConnection():166) - ...Connecting to database by data source:
2023-09-03 16:19:57,808 [main] INFO  (DfDataSourceHandler#setupConnectionMetaInfo():233) -   product = MySQL 5.5.5-10.4.28-MariaDB
2023-09-03 16:19:57,808 [main] INFO  (DfDataSourceHandler#setupConnectionMetaInfo():234) -   driver  = MySQL Connector Java mysql-connector-java-5.1.49 ( Revision: ad86f36e100e104cd926c6b81c8cab9565750116 ) for JDBC 4.0
2023-09-03 16:19:57,809 [main] INFO  (DfSchemaXmlSerializer#generateXML():382) - ...Getting DB meta data
2023-09-03 16:19:57,811 [main] INFO  (DfTableExtractor#doGetTableList():66) - ...Getting tables:
2023-09-03 16:19:57,811 [main] INFO  (DfTableExtractor#doGetTableList():67) -   schema = {jlibrary.$$NoNameSchema$$ as main}
2023-09-03 16:19:57,811 [main] INFO  (DfTableExtractor#doGetTableList():68) -   types  = [TABLE, VIEW]
2023-09-03 16:19:57,832 [main] INFO  (DfDbCommentExtractorBase#doSelectUserTabComments():121) - select table_type as OBJECT_TYPE, table_name as TABLE_NAME, table_comment as COMMENTS from information_schema.tables where table_schema = 'jlibrary' order by table_name asc
2023-09-03 16:19:57,836 [main] INFO  (DfDbCommentExtractorBase#doSelectUserColComments():168) - select table_name as TABLE_NAME, column_name as COLUMN_NAME, column_comment as COMMENTS from information_schema.columns where table_schema = 'jlibrary' order by table_name asc, column_name asc
2023-09-03 16:19:57,851 [main] INFO  (DfDatetimePrecisionExtractorMySQL#extractDatetimePrecisionMap():59) - select TABLE_NAME, COLUMN_NAME, DATETIME_PRECISION from INFORMATION_SCHEMA.COLUMNS where TABLE_SCHEMA = 'jlibrary' and DATA_TYPE = 'datetime'
2023-09-03 16:19:57,864 [main] INFO  (DfSchemaXmlSerializer#processTable():438) - 
2023-09-03 16:19:57,865 [main] INFO  (DfSchemaXmlSerializer#processTable():439) - $ /= = = = = = = = = = = = = = = = = = = = = = = = = =
2023-09-03 16:19:57,865 [main] INFO  (DfSchemaXmlSerializer#processTable():440) - $ [Table List]
2023-09-03 16:19:57,866 [main] INFO  (DfSchemaXmlSerializer#doProcessTable():520) - $ jlibrary.BOOK(TABLE) // 図書
2023-09-03 16:19:57,911 [main] INFO  (DfSchemaXmlSerializer#doProcessTable():520) - $ jlibrary.GENERAL_USER(TABLE) // 一般利用者
2023-09-03 16:19:57,931 [main] INFO  (DfSchemaXmlSerializer#doProcessTable():520) - $ jlibrary.GENRE(TABLE) // ジャンル
2023-09-03 16:19:57,948 [main] INFO  (DfSchemaXmlSerializer#doProcessTable():520) - $ jlibrary.ROLE(TABLE) // 権限
2023-09-03 16:19:57,964 [main] INFO  (DfSchemaXmlSerializer#doProcessTable():520) - $ jlibrary.STAFF_USER(TABLE) // 職員
2023-09-03 16:19:57,980 [main] INFO  (DfSchemaXmlSerializer#doProcessTable():520) - $ jlibrary.USER_ROLE_MAP(TABLE) // ユーザー権限マップ
2023-09-03 16:19:57,996 [main] INFO  (DfSchemaXmlSerializer#processTable():452) - $ 
2023-09-03 16:19:57,997 [main] INFO  (DfSchemaXmlSerializer#processTable():453) - $ [Table Count]
2023-09-03 16:19:57,997 [main] INFO  (DfSchemaXmlSerializer#processTable():454) - $ 6
2023-09-03 16:19:57,997 [main] INFO  (DfSchemaXmlSerializer#processTable():455) - $ = = = = = = = = = =/
2023-09-03 16:19:57,997 [main] INFO  (DfSchemaXmlSerializer#processTable():456) - 
2023-09-03 16:19:57,999 [main] INFO  (DfSchemaXmlSerializer#processSequence():823) - ...Getting sequences
2023-09-03 16:19:58,003 [main] INFO  (DfSchemaXmlSerializer#serialize():320) - ...Serializing XML:
2023-09-03 16:19:58,003 [main] INFO  (DfSchemaXmlSerializer#serialize():321) -   filePath = ./schema/project-schema-jlibrary.xml
2023-09-03 16:19:58,003 [main] INFO  (DfSchemaXmlSerializer#serialize():322) -   encoding = UTF-8
2023-09-03 16:19:58,030 [main] INFO  (DfSchemaXmlSerializer#doLoadNextSchema():1570) - ...Loading next schema (schema diff process)
2023-09-03 16:19:58,032 [main] INFO  (DTDResolver#resolveEntity():195) - ...Resolving XML by database.dtd in same package
2023-09-03 16:19:58,147 [main] INFO  (DfSchemaXmlSerializer#doLoadNextSchema():1585) -  -> same as previous (schema diff)
2023-09-03 16:19:58,148 [main] INFO  (DfDataSourceHandler#destroy():120) - ...closeReally()
2023-09-03 16:19:58,159 [main] INFO  (DfDBFluteTaskUtil#logFinalMessage():139) - 
_/_/_/_/_/_/_/_/_/_/_/_/_/_/_/_/_/_/_/_/_/_/
[Final Message]: 00m01s054ms

  DBFLUTE_CLIENT: {jlibrary}
    database  = mysql (MySQL 5.5.5-10.4.28-MariaDB)
    language  = java
    container = spring
    package   = jp.co.jwebgate.jlibrary.dbflute

  DBFLUTE_ENVIRONMENT_TYPE: {}
    driver = com.mysql.jdbc.Driver
    url    = jdbc:mysql://localhost:3306/jlibrary
    schema = {jlibrary.$$NoNameSchema$$ as main}
    user   = root
    props  = {}
    additionalSchema = 
    repsEnvType      = ut
    refreshProject   = $$AutoDetect$$
_/_/_/_/_/_/_/_/_/_/ {JDBC}
2023-09-03 16:19:59,065 [main] INFO  (TorqueDocumentationTask#begin():193) - +------------------------------------------+
2023-09-03 16:19:59,067 [main] INFO  (TorqueDocumentationTask#begin():194) - |                                          |
2023-09-03 16:19:59,068 [main] INFO  (TorqueDocumentationTask#begin():195) - |                   Doc                    |
2023-09-03 16:19:59,070 [main] INFO  (TorqueDocumentationTask#begin():203) - |                                          |
2023-09-03 16:19:59,071 [main] INFO  (TorqueDocumentationTask#begin():204) - +------------------------------------------+
2023-09-03 16:19:59,095 [main] INFO  (DfDataSourceHandler#prepare():78) - ...Preparing data source:
2023-09-03 16:19:59,096 [main] INFO  (DfDataSourceHandler#prepare():79) -   driver = com.mysql.jdbc.Driver
2023-09-03 16:19:59,096 [main] INFO  (DfDataSourceHandler#prepare():80) -   url    = jdbc:mysql://localhost:3306/jlibrary
2023-09-03 16:19:59,096 [main] INFO  (DfDataSourceHandler#prepare():81) -   user   = root
2023-09-03 16:19:59,098 [main] INFO  (TorqueDocumentationTask#processSchemaHtml():265) - 
2023-09-03 16:19:59,098 [main] INFO  (TorqueDocumentationTask#processSchemaHtml():266) - * * * * * * * * * * *
2023-09-03 16:19:59,098 [main] INFO  (TorqueDocumentationTask#processSchemaHtml():267) - *                   *
2023-09-03 16:19:59,098 [main] INFO  (TorqueDocumentationTask#processSchemaHtml():268) - *    Schema HTML    *
2023-09-03 16:19:59,099 [main] INFO  (TorqueDocumentationTask#processSchemaHtml():269) - *                   *
2023-09-03 16:19:59,099 [main] INFO  (TorqueDocumentationTask#processSchemaHtml():270) - * * * * * * * * * * *
2023-09-03 16:19:59,148 [main] INFO  (DTDResolver#resolveEntity():195) - ...Resolving XML by database.dtd in same package
2023-09-03 16:19:59,212 [main] INFO  (DfAdditionalPrimaryKeyInitializer#initializeAdditionalPrimaryKey():62) - /=======================================
2023-09-03 16:19:59,212 [main] INFO  (DfAdditionalPrimaryKeyInitializer#initializeAdditionalPrimaryKey():63) - ...Initializing additional primary keys.
2023-09-03 16:19:59,213 [main] INFO  (DfAdditionalPrimaryKeyInitializer#initializeAdditionalPrimaryKey():88) - ==========/
2023-09-03 16:19:59,214 [main] INFO  (DfAdditionalUniqueKeyInitializer#initializeAdditionalUniqueKey():62) - /=======================================
2023-09-03 16:19:59,214 [main] INFO  (DfAdditionalUniqueKeyInitializer#initializeAdditionalUniqueKey():63) - ...Initializing additional unique keys.
2023-09-03 16:19:59,216 [main] INFO  (DfAdditionalUniqueKeyInitializer#initializeAdditionalUniqueKey():83) - ==========/
2023-09-03 16:19:59,218 [main] INFO  (DfAdditionalForeignKeyInitializer#initializeAdditionalForeignKey():68) - /=======================================
2023-09-03 16:19:59,218 [main] INFO  (DfAdditionalForeignKeyInitializer#initializeAdditionalForeignKey():69) - ...Initializing additional foreign keys.
2023-09-03 16:19:59,220 [main] INFO  (DfAdditionalForeignKeyInitializer#initializeAdditionalForeignKey():79) - FK_PARENT_GENRE_ID
2023-09-03 16:19:59,222 [main] INFO  (DfAdditionalForeignKeyInitializer#showResult():349) -   Add foreign key GENRE.[PARENT_GENRE_ID] to GENRE.[ID]
2023-09-03 16:19:59,223 [main] INFO  (DfAdditionalForeignKeyInitializer#initializeAdditionalForeignKey():88) - ==========/
2023-09-03 16:19:59,238 [main] INFO  (DfClsDeploymentInitializer#initializeClassificationDeployment():67) - ...Initializing ClassificationDeployment: project=jlibrary
2023-09-03 16:19:59,311 [main] INFO  (DfAbstractTexenTask#fireVelocityProcess():253) - generator.parse("doc/ControlDocument.vm", ctx);
2023-09-03 16:19:59,325 [main] INFO  (DfFlutistLog4JLogSystem#init():45) - ...Suppressing velocity.log, which is unneeded for also debug
2023-09-03 16:19:59,462 [main] INFO  (Database#doEnableDocumentOutputDirectory():1241) - ...Setting up documentOutputDirectory: ./output/doc
2023-09-03 16:19:59,472 [main] INFO  (DfDocumentSelector#doLoadSchemaHistory():242) - ...Loading schema history
2023-09-03 16:19:59,516 [main] INFO  (DfDocumentSelector#doLoadSchemaHistory():246) -  -> found history: count=2
2023-09-03 16:19:59,570 [main] INFO  (DfSchemaHtmlDataArrangeQuery#getArrangeQueryTableMap():50) -  
2023-09-03 16:19:59,571 [main] INFO  (DfSchemaHtmlDataArrangeQuery#getArrangeQueryTableMap():51) - ...Setting up arrange queries for documents (ArrangeQueryDoc)
2023-09-03 16:19:59,594 [main] INFO  (DfArrangeQueryDocSetupper#doExtractArrangeQuery():106) -  -> no arrange query
2023-09-03 16:19:59,885 [main] INFO  (DfRefreshResourceProcess#show():295) - /===========================================================================
2023-09-03 16:19:59,886 [main] INFO  (DfRefreshResourceProcess#show():295) - ...Refreshing [jlibrary] by http://localhost:8386/
2023-09-03 16:19:59,896 [main] INFO  (DfRefreshResourceProcess#show():295) - ...Retrying refreshing by default secondary URL http://localhost:8387/
2023-09-03 16:19:59,897 [main] INFO  (DfRefreshResourceProcess#show():295) - Failed to refresh the resources (continued): url=http://localhost:8386/, cause=ConnectException(Connection refused)
2023-09-03 16:19:59,897 [main] INFO  (DfRefreshResourceProcess#show():295) - ==========/
2023-09-03 16:19:59,901 [main] INFO  (DfDBFluteTaskUtil#logFinalMessage():139) - 
_/_/_/_/_/_/_/_/_/_/_/_/_/_/_/_/_/_/_/_/_/_/
[Final Message]: 00m00s848ms

  DBFLUTE_CLIENT: {jlibrary}
    database  = mysql
    language  = java
    container = spring
    package   = jp.co.jwebgate.jlibrary.dbflute

  DBFLUTE_ENVIRONMENT_TYPE: {}
    driver = com.mysql.jdbc.Driver
    url    = jdbc:mysql://localhost:3306/jlibrary
    schema = {jlibrary.$$NoNameSchema$$ as main}
    user   = root
    props  = {}
    additionalSchema = 
    repsEnvType      = ut
    refreshProject   = $$AutoDetect$$
_/_/_/_/_/_/_/_/_/_/ {Doc}
2023-09-03 16:20:02,543 [main] INFO  (TorqueDataModelTask#begin():110) - +------------------------------------------+
2023-09-03 16:20:02,545 [main] INFO  (TorqueDataModelTask#begin():111) - |                                          |
2023-09-03 16:20:02,546 [main] INFO  (TorqueDataModelTask#begin():112) - |                 Generate                 |
2023-09-03 16:20:02,546 [main] INFO  (TorqueDataModelTask#begin():113) - |                                          |
2023-09-03 16:20:02,546 [main] INFO  (TorqueDataModelTask#begin():114) - +------------------------------------------+
2023-09-03 16:20:02,571 [main] INFO  (DfDataSourceHandler#prepare():78) - ...Preparing data source:
2023-09-03 16:20:02,572 [main] INFO  (DfDataSourceHandler#prepare():79) -   driver = com.mysql.jdbc.Driver
2023-09-03 16:20:02,572 [main] INFO  (DfDataSourceHandler#prepare():80) -   url    = jdbc:mysql://localhost:3306/jlibrary
2023-09-03 16:20:02,572 [main] INFO  (DfDataSourceHandler#prepare():81) -   user   = root
2023-09-03 16:20:02,590 [main] INFO  (TorqueDataModelTask#setupControlTemplate():166) - 
2023-09-03 16:20:02,590 [main] INFO  (TorqueDataModelTask#setupControlTemplate():167) - ...Using Java control: om/ControlGenerateJava.vm
2023-09-03 16:20:02,621 [main] INFO  (DTDResolver#resolveEntity():195) - ...Resolving XML by database.dtd in same package
2023-09-03 16:20:02,669 [main] INFO  (DfAbstractTexenTask#fireVelocityProcess():253) - generator.parse("om/ControlGenerateJava.vm", ctx);
2023-09-03 16:20:02,676 [main] INFO  (DfFlutistLog4JLogSystem#init():45) - ...Suppressing velocity.log, which is unneeded for also debug
2023-09-03 16:20:02,841 [main] INFO  (Database#doEnableGenerateOutputDirectory():1209) - ...Setting up generateOutputDirectory: ../src/main/java
2023-09-03 16:20:02,844 [main] INFO  (DfAdditionalPrimaryKeyInitializer#initializeAdditionalPrimaryKey():62) - /=======================================
2023-09-03 16:20:02,845 [main] INFO  (DfAdditionalPrimaryKeyInitializer#initializeAdditionalPrimaryKey():63) - ...Initializing additional primary keys.
2023-09-03 16:20:02,846 [main] INFO  (DfAdditionalPrimaryKeyInitializer#initializeAdditionalPrimaryKey():88) - ==========/
2023-09-03 16:20:02,847 [main] INFO  (DfAdditionalUniqueKeyInitializer#initializeAdditionalUniqueKey():62) - /=======================================
2023-09-03 16:20:02,847 [main] INFO  (DfAdditionalUniqueKeyInitializer#initializeAdditionalUniqueKey():63) - ...Initializing additional unique keys.
2023-09-03 16:20:02,848 [main] INFO  (DfAdditionalUniqueKeyInitializer#initializeAdditionalUniqueKey():83) - ==========/
2023-09-03 16:20:02,850 [main] INFO  (DfAdditionalForeignKeyInitializer#initializeAdditionalForeignKey():68) - /=======================================
2023-09-03 16:20:02,850 [main] INFO  (DfAdditionalForeignKeyInitializer#initializeAdditionalForeignKey():69) - ...Initializing additional foreign keys.
2023-09-03 16:20:02,859 [main] INFO  (DfAdditionalForeignKeyInitializer#initializeAdditionalForeignKey():79) - FK_PARENT_GENRE_ID
2023-09-03 16:20:02,861 [main] INFO  (DfAdditionalForeignKeyInitializer#showResult():349) -   Add foreign key GENRE.[PARENT_GENRE_ID] to GENRE.[ID]
2023-09-03 16:20:02,861 [main] INFO  (DfAdditionalForeignKeyInitializer#initializeAdditionalForeignKey():88) - ==========/
2023-09-03 16:20:02,872 [main] INFO  (DfClsDeploymentInitializer#initializeClassificationDeployment():67) - ...Initializing ClassificationDeployment: project=jlibrary
2023-09-03 16:20:02,879 [main] INFO  (DfIncludeQueryInitializer#initializeIncludeQuery():58) - /=============================
2023-09-03 16:20:02,880 [main] INFO  (DfIncludeQueryInitializer#initializeIncludeQuery():59) - ...Initializing include query.
2023-09-03 16:20:02,880 [main] INFO  (DfIncludeQueryInitializer#checkQueryMap():81) - String
2023-09-03 16:20:02,881 [main] INFO  (DfIncludeQueryInitializer#checkQueryMap():81) - Number
2023-09-03 16:20:02,881 [main] INFO  (DfIncludeQueryInitializer#checkQueryMap():81) - Date
2023-09-03 16:20:02,881 [main] INFO  (DfIncludeQueryInitializer#checkQueryMap():86) -   NotEqual -> []
2023-09-03 16:20:02,881 [main] INFO  (DfIncludeQueryInitializer#checkQueryMap():86) -   InScope -> []
2023-09-03 16:20:02,882 [main] INFO  (DfIncludeQueryInitializer#checkQueryMap():86) -   NotInScope -> []
2023-09-03 16:20:02,882 [main] INFO  (DfIncludeQueryInitializer#checkQueryMap():81) - OrderBy
2023-09-03 16:20:02,882 [main] INFO  (DfIncludeQueryInitializer#initializeIncludeQuery():61) - ========/
2023-09-03 16:20:02,898 [main] INFO  (Database#info():2852) - public void parseAllCommon() {
2023-09-03 16:20:02,899 [main] INFO  (Database#info():2852) -     parse('DBCurrent');
2023-09-03 16:20:02,907 [main] INFO  (Database#info():2852) -     parse('DBFluteConfig');
2023-09-03 16:20:02,935 [main] INFO  (Database#info():2852) -     parse('DBFluteInitializer');
2023-09-03 16:20:02,943 [main] INFO  (Database#info():2852) -     parse('DBMetaInstanceHandler');
2023-09-03 16:20:02,961 [main] INFO  (Database#info():2852) -     parse('EntityDefinedCommonColumn');
2023-09-03 16:20:02,976 [main] INFO  (Database#info():2852) -     parse('ImplementedBehaviorSelector');
2023-09-03 16:20:02,985 [main] INFO  (Database#info():2852) -     parse('ImplementedCommonColumnAutoSetupper');
2023-09-03 16:20:02,995 [main] INFO  (Database#info():2852) -     parse('ImplementedInvokerAssistant');
2023-09-03 16:20:03,006 [main] INFO  (Database#info():2852) -     parse('ImplementedSqlClauseCreator');
2023-09-03 16:20:03,011 [main] INFO  (Database#info():2852) - }
2023-09-03 16:20:03,011 [main] INFO  (Database#info():2852) - public void parseContainerConfig() {
2023-09-03 16:20:03,012 [main] INFO  (Database#info():2852) -     parse('jp/co/jwebgate/jlibrary/dbflute/allcommon/DBFluteBeansJavaConfig.java')
2023-09-03 16:20:03,029 [main] INFO  (Database#info():2852) - }
2023-09-03 16:20:03,034 [main] INFO  (DfOldClassHandler#info():1045) - public void deleteOldTableClass() {
2023-09-03 16:20:03,062 [main] INFO  (DfOldClassHandler#info():1045) - }
2023-09-03 16:20:03,063 [main] INFO  (Database#info():2852) - public void parseTableClass() {
2023-09-03 16:20:03,064 [main] INFO  (Database#info():2852) -     parse('BOOK');
2023-09-03 16:20:03,459 [main] INFO  (Database#info():2852) -     parse('GENERAL_USER');
2023-09-03 16:20:03,692 [main] INFO  (Database#info():2852) -     parse('GENRE');
2023-09-03 16:20:03,916 [main] INFO  (Database#info():2852) -     parse('ROLE');
2023-09-03 16:20:04,061 [main] INFO  (Database#info():2852) -     parse('STAFF_USER');
2023-09-03 16:20:04,223 [main] INFO  (Database#info():2852) -     parse('USER_ROLE_MAP');
2023-09-03 16:20:04,389 [main] INFO  (Database#info():2852) - }
2023-09-03 16:20:04,389 [main] INFO  (Database#info():2852) -  
2023-09-03 16:20:04,435 [main] INFO  (DfRefreshResourceProcess#show():295) - /===========================================================================
2023-09-03 16:20:04,435 [main] INFO  (DfRefreshResourceProcess#show():295) - ...Refreshing [jlibrary] by http://localhost:8386/
2023-09-03 16:20:04,437 [main] INFO  (DfRefreshResourceProcess#show():295) - ...Retrying refreshing by default secondary URL http://localhost:8387/
2023-09-03 16:20:04,438 [main] INFO  (DfRefreshResourceProcess#show():295) - Failed to refresh the resources (continued): url=http://localhost:8386/, cause=ConnectException(Connection refused)
2023-09-03 16:20:04,438 [main] INFO  (DfRefreshResourceProcess#show():295) - ==========/
2023-09-03 16:20:04,443 [main] INFO  (DfDBFluteTaskUtil#logFinalMessage():139) - 
_/_/_/_/_/_/_/_/_/_/_/_/_/_/_/_/_/_/_/_/_/_/
[Final Message]: 00m01s910ms

  DBFLUTE_CLIENT: {jlibrary}
    database  = mysql
    language  = java
    container = spring
    package   = jp.co.jwebgate.jlibrary.dbflute

  DBFLUTE_ENVIRONMENT_TYPE: {}
    driver = com.mysql.jdbc.Driver
    url    = jdbc:mysql://localhost:3306/jlibrary
    schema = {jlibrary.$$NoNameSchema$$ as main}
    user   = root
    props  = {}
    additionalSchema = 
    repsEnvType      = ut
    refreshProject   = $$AutoDetect$$
_/_/_/_/_/_/_/_/_/_/ {Generate}
2023-09-03 16:20:05,480 [main] INFO  (DfOutsideSqlTestTask#begin():77) - +------------------------------------------+
2023-09-03 16:20:05,482 [main] INFO  (DfOutsideSqlTestTask#begin():78) - |                                          |
2023-09-03 16:20:05,483 [main] INFO  (DfOutsideSqlTestTask#begin():79) - |              OutsideSqlTest              |
2023-09-03 16:20:05,484 [main] INFO  (DfOutsideSqlTestTask#begin():80) - |                                          |
2023-09-03 16:20:05,485 [main] INFO  (DfOutsideSqlTestTask#begin():81) - +------------------------------------------+
2023-09-03 16:20:05,534 [main] INFO  (DfDataSourceHandler#prepare():78) - ...Preparing data source:
2023-09-03 16:20:05,535 [main] INFO  (DfDataSourceHandler#prepare():79) -   driver = com.mysql.jdbc.Driver
2023-09-03 16:20:05,535 [main] INFO  (DfDataSourceHandler#prepare():80) -   url    = jdbc:mysql://localhost:3306/jlibrary
2023-09-03 16:20:05,536 [main] INFO  (DfDataSourceHandler#prepare():81) -   user   = root
2023-09-03 16:20:05,640 [main] INFO  (DfSqlFileFireMan#fire():68) - ...Firing: GeneralUserBhv_selectNewGeneralUserId.sql
2023-09-03 16:20:05,662 [main] INFO  (DfDataSourceHandler#createConnection():166) - ...Connecting to database by data source:
2023-09-03 16:20:06,313 [main] INFO  (DfDataSourceHandler#setupConnectionMetaInfo():233) -   product = MySQL 5.5.5-10.4.28-MariaDB
2023-09-03 16:20:06,313 [main] INFO  (DfDataSourceHandler#setupConnectionMetaInfo():234) -   driver  = MySQL Connector Java mysql-connector-java-5.1.49 ( Revision: ad86f36e100e104cd926c6b81c8cab9565750116 ) for JDBC 4.0
2023-09-03 16:20:06,346 [main] INFO  (DfOutsideSqlTestTask$1#traceSql():194) - SQL:
/*
[df:title]
追加できる最小の一般利用者IDを取得する

[df:description]
追加できる最小の一般利用者IDを取得する
*/
-- #df:entity#
-- !df:pmb!
-- !!AutoDetect!!

select 
IFNULL(CONCAT('G',LPAD(MAX(SUBSTR(GENERAL_USER_ID,2)) + 1, 5,'0')), 'G00001') AS NEW_GENERAL_USER_ID 
from GENERAL_USER
2023-09-03 16:20:06,358 [main] INFO  (DfOutsideSqlTestTask$1#traceResult():199) -  -> success=1 failure=0

2023-09-03 16:20:06,359 [main] INFO  (DfSqlFileFireMan#fire():68) - ...Firing: StaffUserBhv_selectNewStaffUserId.sql
2023-09-03 16:20:06,362 [main] INFO  (DfOutsideSqlTestTask$1#traceSql():194) - SQL:
/*
[df:title]
追加できる最小の職員IDを取得する

[df:description]
追加できる最小の職員IDを取得する
*/
-- #df:entity#
-- !df:pmb!
-- !!AutoDetect!!

select 
IFNULL(CONCAT('G',LPAD(MAX(SUBSTR(STAFF_USER_ID,2)) + 1, 5,'0')), 'G00001') AS NEW_STAFF_USER_ID 
from STAFF_USER
2023-09-03 16:20:06,366 [main] INFO  (DfOutsideSqlTestTask$1#traceResult():199) -  -> success=1 failure=0

2023-09-03 16:20:06,366 [main] INFO  (DfSqlFileFireMan#fire():93) - Fired SQL: success=2, failure=0 (in 2 files)
2023-09-03 16:20:06,367 [main] INFO  (DfDataSourceHandler#destroy():120) - ...closeReally()
2023-09-03 16:20:06,379 [main] INFO  (DfDBFluteTaskUtil#logFinalMessage():139) - 
_/_/_/_/_/_/_/_/_/_/_/_/_/_/_/_/_/_/_/_/_/_/
[Final Message]: 00m00s930ms

  DBFLUTE_CLIENT: {jlibrary}
    database  = mysql (MySQL 5.5.5-10.4.28-MariaDB)
    language  = java
    container = spring
    package   = jp.co.jwebgate.jlibrary.dbflute

  DBFLUTE_ENVIRONMENT_TYPE: {}
    driver = com.mysql.jdbc.Driver
    url    = jdbc:mysql://localhost:3306/jlibrary
    schema = {jlibrary.$$NoNameSchema$$ as main}
    user   = root
    props  = {}
    additionalSchema = 
    repsEnvType      = ut
    refreshProject   = $$AutoDetect$$

 {Checked SQL}
  o GeneralUserBhv_selectNewGeneralUserId.sql
  o StaffUserBhv_selectNewStaffUserId.sql

   o: OK (2)
_/_/_/_/_/_/_/_/_/_/ {OutsideSqlTest}
2023-09-03 16:20:07,135 [main] INFO  (DfSql2EntityTask#begin():106) - +------------------------------------------+
2023-09-03 16:20:07,137 [main] INFO  (DfSql2EntityTask#begin():107) - |                                          |
2023-09-03 16:20:07,137 [main] INFO  (DfSql2EntityTask#begin():108) - |                Sql2Entity                |
2023-09-03 16:20:07,138 [main] INFO  (DfSql2EntityTask#begin():109) - |                                          |
2023-09-03 16:20:07,138 [main] INFO  (DfSql2EntityTask#begin():110) - +------------------------------------------+
2023-09-03 16:20:07,158 [main] INFO  (DfDataSourceHandler#prepare():78) - ...Preparing data source:
2023-09-03 16:20:07,158 [main] INFO  (DfDataSourceHandler#prepare():79) -   driver = com.mysql.jdbc.Driver
2023-09-03 16:20:07,158 [main] INFO  (DfDataSourceHandler#prepare():80) -   url    = jdbc:mysql://localhost:3306/jlibrary
2023-09-03 16:20:07,159 [main] INFO  (DfDataSourceHandler#prepare():81) -   user   = root
2023-09-03 16:20:07,169 [main] INFO  (DfSql2EntityTask#setupControlTemplate():177) - 
2023-09-03 16:20:07,170 [main] INFO  (DfSql2EntityTask#setupControlTemplate():178) - ...Using Java control: om/ControlSql2EntityJava.vm
2023-09-03 16:20:07,176 [main] INFO  (DTDResolver#resolveEntity():195) - ...Resolving XML by database.dtd in same package
2023-09-03 16:20:07,235 [main] INFO  (DfSqlFileFireMan#fire():68) - ...Firing: GeneralUserBhv_selectNewGeneralUserId.sql
2023-09-03 16:20:07,241 [main] INFO  (DfDataSourceHandler#createConnection():166) - ...Connecting to database by data source:
2023-09-03 16:20:07,430 [main] INFO  (DfDataSourceHandler#setupConnectionMetaInfo():233) -   product = MySQL 5.5.5-10.4.28-MariaDB
2023-09-03 16:20:07,431 [main] INFO  (DfDataSourceHandler#setupConnectionMetaInfo():234) -   driver  = MySQL Connector Java mysql-connector-java-5.1.49 ( Revision: ad86f36e100e104cd926c6b81c8cab9565750116 ) for JDBC 4.0
2023-09-03 16:20:07,434 [main] INFO  (DfOutsideSqlAnalyzer#traceSql():330) - SQL:
/*
[df:title]
追加できる最小の一般利用者IDを取得する

[df:description]
追加できる最小の一般利用者IDを取得する
*/
-- #df:entity#
-- !df:pmb!
-- !!AutoDetect!!

select 
IFNULL(CONCAT('G',LPAD(MAX(SUBSTR(GENERAL_USER_ID,2)) + 1, 5,'0')), 'G00001') AS NEW_GENERAL_USER_ID 
from GENERAL_USER
2023-09-03 16:20:07,472 [main] INFO  (DfOutsideSqlAnalyzer#traceResult():336) -  -> success=1 failure=0
2023-09-03 16:20:07,481 [main] INFO  (DfSqlFileFireMan#fire():68) - ...Firing: StaffUserBhv_selectNewStaffUserId.sql
2023-09-03 16:20:07,482 [main] INFO  (DfOutsideSqlAnalyzer#traceSql():330) - SQL:
/*
[df:title]
追加できる最小の職員IDを取得する

[df:description]
追加できる最小の職員IDを取得する
*/
-- #df:entity#
-- !df:pmb!
-- !!AutoDetect!!

select 
IFNULL(CONCAT('G',LPAD(MAX(SUBSTR(STAFF_USER_ID,2)) + 1, 5,'0')), 'G00001') AS NEW_STAFF_USER_ID 
from STAFF_USER
2023-09-03 16:20:07,486 [main] INFO  (DfOutsideSqlAnalyzer#traceResult():336) -  -> success=1 failure=0
2023-09-03 16:20:07,486 [main] INFO  (DfSqlFileFireMan#fire():93) - Fired SQL: success=2, failure=0 (in 2 files)
2023-09-03 16:20:07,519 [main] INFO  (DfSql2EntityTask#initControlContext():311) - 
2023-09-03 16:20:07,519 [main] INFO  (DfSql2EntityTask#initControlContext():312) - ...Preparing generation of customize-entities and parameter-beans
2023-09-03 16:20:07,520 [main] INFO  (DfSql2EntityTask#initControlContext():313) - * * * * * * * * * *
2023-09-03 16:20:07,520 [main] INFO  (DfSql2EntityTask#initControlContext():314) - * CustomizeEntity *
2023-09-03 16:20:07,520 [main] INFO  (DfSql2EntityTask#initControlContext():315) - * * * * * * * * * *
2023-09-03 16:20:07,536 [main] INFO  (DfSql2EntityTask#showCustomizeEntity():927) - 
NewGeneralUserId
  NEW_GENERAL_USER_ID VARCHAR(6)

NewStaffUserId
  NEW_STAFF_USER_ID VARCHAR(6)
2023-09-03 16:20:07,537 [main] INFO  (DfSql2EntityTask#showParameterBean():932) - * * * * * * * * *
2023-09-03 16:20:07,537 [main] INFO  (DfSql2EntityTask#showParameterBean():933) - * ParameterBean *
2023-09-03 16:20:07,537 [main] INFO  (DfSql2EntityTask#showParameterBean():934) - * * * * * * * * *
2023-09-03 16:20:07,538 [main] INFO  (DfSql2EntityTask#showParameterBean():976) - 
NewGeneralUserIdPmb (typed to list, entity)

NewStaffUserIdPmb (typed to list, entity)
2023-09-03 16:20:07,540 [main] INFO  (DfAbstractTexenTask#fireVelocityProcess():253) - generator.parse("om/ControlSql2EntityJava.vm", ctx);
2023-09-03 16:20:07,546 [main] INFO  (DfFlutistLog4JLogSystem#init():45) - ...Suppressing velocity.log, which is unneeded for also debug
2023-09-03 16:20:07,689 [main] INFO  (DfClsDeploymentInitializer#initializeClassificationDeployment():67) - ...Initializing ClassificationDeployment: project=jlibrary
2023-09-03 16:20:07,689 [main] INFO  (DfClsDeploymentInitializer#initializeClassificationDeployment():67) - ...Initializing ClassificationDeployment: project=jlibrary
2023-09-03 16:20:07,693 [main] INFO  (Database#doEnableSql2EntityOutputDirectory():1225) - ...Setting up sql2EntityOutputDirectory: ../src/main/java
2023-09-03 16:20:07,695 [main] INFO  (DfOldClassHandler#info():1045) - public void deleteOldCustomizeClass() {
2023-09-03 16:20:07,705 [main] INFO  (DfOldClassHandler#info():1045) - }
2023-09-03 16:20:07,706 [main] INFO  (Database#info():2852) - public void parseCustomizeEntity() {
2023-09-03 16:20:07,780 [main] INFO  (Database#info():2852) -     parse('NewGeneralUserId')
2023-09-03 16:20:07,828 [main] INFO  (Database#info():2852) -     parse('NewStaffUserId')
2023-09-03 16:20:07,829 [main] INFO  (Database#info():2852) - }
2023-09-03 16:20:07,830 [main] INFO  (Database#info():2852) - public void parseParameterBean() {
2023-09-03 16:20:07,837 [main] INFO  (Database#info():2852) -     parse('NewGeneralUserIdPmb');
2023-09-03 16:20:07,858 [main] INFO  (Database#info():2852) -     parse('NewStaffUserIdPmb');
2023-09-03 16:20:07,879 [main] INFO  (Database#info():2852) - }
2023-09-03 16:20:07,916 [main] INFO  (DfSql2EntityTask#showTargetSqlFileInformation():303) - 
/- - - - - - - - - - - - - - - - - - - - - - - -
Target SQL files: 2

  GeneralUserBhv_selectNewGeneralUserId.sql
  StaffUserBhv_selectNewStaffUserId.sql
- - - - - - - - - -/
2023-09-03 16:20:07,923 [main] INFO  (DfRefreshResourceProcess#show():295) - /===========================================================================
2023-09-03 16:20:07,923 [main] INFO  (DfRefreshResourceProcess#show():295) - ...Refreshing [jlibrary] by http://localhost:8386/
2023-09-03 16:20:07,926 [main] INFO  (DfRefreshResourceProcess#show():295) - ...Retrying refreshing by default secondary URL http://localhost:8387/
2023-09-03 16:20:07,927 [main] INFO  (DfRefreshResourceProcess#show():295) - Failed to refresh the resources (continued): url=http://localhost:8386/, cause=ConnectException(Connection refused)
2023-09-03 16:20:07,928 [main] INFO  (DfRefreshResourceProcess#show():295) - ==========/
2023-09-03 16:20:07,928 [main] INFO  (DfDataSourceHandler#destroy():120) - ...closeReally()
2023-09-03 16:20:07,936 [main] INFO  (DfDBFluteTaskUtil#logFinalMessage():139) - 
_/_/_/_/_/_/_/_/_/_/_/_/_/_/_/_/_/_/_/_/_/_/
[Final Message]: 00m00s809ms

  DBFLUTE_CLIENT: {jlibrary}
    database  = mysql (MySQL 5.5.5-10.4.28-MariaDB)
    language  = java
    container = spring
    package   = jp.co.jwebgate.jlibrary.dbflute

  DBFLUTE_ENVIRONMENT_TYPE: {}
    driver = com.mysql.jdbc.Driver
    url    = jdbc:mysql://localhost:3306/jlibrary
    schema = {jlibrary.$$NoNameSchema$$ as main}
    user   = root
    props  = {}
    additionalSchema = 
    repsEnvType      = ut
    refreshProject   = $$AutoDetect$$
_/_/_/_/_/_/_/_/_/_/ {Sql2Entity}
2023-09-03 17:00:16,182 [main] INFO  (DfReplaceSchemaTask#begin():94) - +------------------------------------------+
2023-09-03 17:00:16,185 [main] INFO  (DfReplaceSchemaTask#begin():95) - |                                          |
2023-09-03 17:00:16,185 [main] INFO  (DfReplaceSchemaTask#begin():96) - |              ReplaceSchema               |
2023-09-03 17:00:16,196 [main] INFO  (DfReplaceSchemaTask#begin():104) - |                                          |
2023-09-03 17:00:16,197 [main] INFO  (DfReplaceSchemaTask#begin():105) - +------------------------------------------+
2023-09-03 17:00:16,198 [main] INFO  (DfReplaceSchemaTask#waitBeforeReps():423) - ...Waiting for your GO SIGN from stdin before ReplaceSchema:
2023-09-03 17:00:17,451 [main] INFO  (DfDataSourceHandler#prepare():78) - ...Preparing data source:
2023-09-03 17:00:17,451 [main] INFO  (DfDataSourceHandler#prepare():79) -   driver = com.mysql.jdbc.Driver
2023-09-03 17:00:17,452 [main] INFO  (DfDataSourceHandler#prepare():80) -   url    = jdbc:mysql://localhost:3306/jlibrary
2023-09-03 17:00:17,452 [main] INFO  (DfDataSourceHandler#prepare():81) -   user   = root
2023-09-03 17:00:17,468 [main] INFO  (DfDataSourceHandler#createConnection():166) - ...Connecting to database by data source:
2023-09-03 17:00:17,849 [main] INFO  (DfDataSourceHandler#setupConnectionMetaInfo():233) -   product = MySQL 5.5.5-10.4.28-MariaDB
2023-09-03 17:00:17,850 [main] INFO  (DfDataSourceHandler#setupConnectionMetaInfo():234) -   driver  = MySQL Connector Java mysql-connector-java-5.1.49 ( Revision: ad86f36e100e104cd926c6b81c8cab9565750116 ) for JDBC 4.0
2023-09-03 17:00:17,870 [main] INFO  (DfCreateSchemaProcess#initializeSchemaMainDrop():253) - 
2023-09-03 17:00:17,870 [main] INFO  (DfCreateSchemaProcess#initializeSchemaMainDrop():254) - * * * * * * * * * * *
2023-09-03 17:00:17,871 [main] INFO  (DfCreateSchemaProcess#initializeSchemaMainDrop():255) - *                   *
2023-09-03 17:00:17,871 [main] INFO  (DfCreateSchemaProcess#initializeSchemaMainDrop():256) - * Initialize Schema *
2023-09-03 17:00:17,871 [main] INFO  (DfCreateSchemaProcess#initializeSchemaMainDrop():257) - *                   *
2023-09-03 17:00:17,872 [main] INFO  (DfCreateSchemaProcess#initializeSchemaMainDrop():258) - * * * * * * * * * * *
2023-09-03 17:00:17,888 [main] INFO  (DfTableExtractor#doGetTableList():66) - ...Getting tables:
2023-09-03 17:00:17,888 [main] INFO  (DfTableExtractor#doGetTableList():67) -   schema = {jlibrary.$$NoNameSchema$$ as main}
2023-09-03 17:00:17,889 [main] INFO  (DfTableExtractor#doGetTableList():68) -   types  = [TABLE, VIEW]
2023-09-03 17:00:17,936 [main] INFO  (DfSchemaInitializerJdbc#logReplaceSql():614) - truncate table BOOK
2023-09-03 17:00:17,971 [main] INFO  (DfSchemaInitializerJdbc#logReplaceSql():614) - truncate table USER_ROLE_MAP
2023-09-03 17:00:17,988 [main] INFO  (DfSchemaInitializerJdbc#logReplaceSql():614) - alter table BOOK drop foreign key book_ibfk_1
2023-09-03 17:00:18,011 [main] INFO  (DfSchemaInitializerJdbc#logReplaceSql():614) - alter table USER_ROLE_MAP drop foreign key user_role_map_ibfk_2
2023-09-03 17:00:18,020 [main] INFO  (DfSchemaInitializerJdbc#logReplaceSql():614) - alter table USER_ROLE_MAP drop foreign key user_role_map_ibfk_3
2023-09-03 17:00:18,029 [main] INFO  (DfSchemaInitializerJdbc#logReplaceSql():614) - alter table USER_ROLE_MAP drop foreign key user_role_map_ibfk_1
2023-09-03 17:00:18,039 [main] INFO  (DfSchemaInitializerJdbc#logReplaceSql():614) - drop table BOOK
2023-09-03 17:00:18,044 [main] INFO  (DfSchemaInitializerJdbc#logReplaceSql():614) - drop table GENERAL_USER
2023-09-03 17:00:18,048 [main] INFO  (DfSchemaInitializerJdbc#logReplaceSql():614) - drop table GENRE
2023-09-03 17:00:18,051 [main] INFO  (DfSchemaInitializerJdbc#logReplaceSql():614) - drop table ROLE
2023-09-03 17:00:18,054 [main] INFO  (DfSchemaInitializerJdbc#logReplaceSql():614) - drop table STAFF_USER
2023-09-03 17:00:18,057 [main] INFO  (DfSchemaInitializerJdbc#logReplaceSql():614) - drop table USER_ROLE_MAP
2023-09-03 17:00:18,092 [main] INFO  (DfCreateSchemaProcess#createSchema():293) - 
2023-09-03 17:00:18,092 [main] INFO  (DfCreateSchemaProcess#createSchema():294) - * * * * * * * * *
2023-09-03 17:00:18,092 [main] INFO  (DfCreateSchemaProcess#createSchema():295) - *               *
2023-09-03 17:00:18,093 [main] INFO  (DfCreateSchemaProcess#createSchema():296) - * Create Schema *
2023-09-03 17:00:18,093 [main] INFO  (DfCreateSchemaProcess#createSchema():297) - *               *
2023-09-03 17:00:18,093 [main] INFO  (DfCreateSchemaProcess#createSchema():298) - * * * * * * * * *
2023-09-03 17:00:18,098 [main] INFO  (DfSqlFileFireMan#fire():68) - ...Firing: replace-schema.sql
2023-09-03 17:00:18,104 [main] INFO  (DfSqlFileRunnerBase#traceSql():168) - 
CREATE TABLE `ROLE` (
  `ID` INT (50) NOT NULL COMMENT 'ID' AUTO_INCREMENT,
  `CD` VARCHAR (255) NOT NULL COMMENT 'コード',
  `NAME` VARCHAR (255) NOT NULL COMMENT '名称',
  `REMARKS` VARCHAR (255) DEFAULT NULL COMMENT '備考',
  `DELETE_FLG` CHAR (1) NOT NULL DEFAULT '0' COMMENT '削除フラグ',
  `VERSION` INT (50) NOT NULL DEFAULT '0' COMMENT 'バージョン',
  `CREATED` DATETIME NOT NULL DEFAULT CURRENT_TIMESTAMP ON UPDATE CURRENT_TIMESTAMP COMMENT '登録日時',
  `MODIFIED` DATETIME NOT NULL DEFAULT CURRENT_TIMESTAMP ON UPDATE CURRENT_TIMESTAMP COMMENT '更新日時',
  `MODIFIED_BY` VARCHAR (255) NOT NULL COMMENT '更新者',
  PRIMARY KEY(ID)
)
COMMENT='権限'
2023-09-03 17:00:18,119 [main] INFO  (DfSqlFileRunnerBase#traceSql():168) - 
CREATE TABLE `GENRE` (
  `ID` INT (50) NOT NULL COMMENT 'ID' AUTO_INCREMENT,
  `GENRE_NAME` VARCHAR (25) NOT NULL COMMENT 'ジャンル名',
  `PARENT_GENRE_ID` INT (50) COMMENT '親ジャンルID',
  `REMARKS` VARCHAR (255) DEFAULT NULL COMMENT '備考',
  `DELETE_FLG` CHAR (1) NOT NULL DEFAULT '0' COMMENT '削除フラグ',
  `VERSION` INT (50) DEFAULT '0' COMMENT 'バージョン',
  `CREATED` DATETIME DEFAULT CURRENT_TIMESTAMP ON UPDATE CURRENT_TIMESTAMP COMMENT '登録日時',
  `MODIFIED` DATETIME DEFAULT CURRENT_TIMESTAMP ON UPDATE CURRENT_TIMESTAMP COMMENT '更新日時',
  `MODIFIED_BY` VARCHAR (255) COMMENT '更新者',
  PRIMARY KEY(ID)
)
COMMENT='ジャンル'
2023-09-03 17:00:18,132 [main] INFO  (DfSqlFileRunnerBase#traceSql():168) - 
CREATE TABLE `STAFF_USER` (
  `ID` INT (50) NOT NULL COMMENT 'ID' AUTO_INCREMENT,
  `STAFF_USER_ID` VARCHAR (10) NOT NULL COMMENT '職員ID',
  `PASSWORD` VARCHAR (255) NOT NULL COMMENT 'パスワード',
  `NAME_KANA` VARCHAR (50) NOT NULL COMMENT '氏名カナ',
  `NAME` VARCHAR (25) COMMENT '氏名',
  `EMAIL` VARCHAR (255) COMMENT 'メールアドレス',
  `REMARKS` VARCHAR (255) DEFAULT NULL COMMENT '備考',
  `DELETE_FLG` CHAR (1) NOT NULL DEFAULT '0' COMMENT '削除フラグ',
  `VERSION` INT (50) DEFAULT '0' COMMENT 'バージョン',
  `CREATED` DATETIME DEFAULT CURRENT_TIMESTAMP ON UPDATE CURRENT_TIMESTAMP COMMENT '登録日時',
  `MODIFIED` DATETIME DEFAULT CURRENT_TIMESTAMP ON UPDATE CURRENT_TIMESTAMP COMMENT '更新日時',
  `MODIFIED_BY` VARCHAR (255) COMMENT '更新者',
  PRIMARY KEY(ID,STAFF_USER_ID),
  UNIQUE KEY(STAFF_USER_ID)
)
COMMENT='職員'
2023-09-03 17:00:18,152 [main] INFO  (DfSqlFileRunnerBase#traceSql():168) - 
CREATE TABLE `GENERAL_USER` (
  `ID` INT (50) NOT NULL COMMENT 'ID' AUTO_INCREMENT,
  `GENERAL_USER_ID` VARCHAR (10) NOT NULL COMMENT '利用者ID',
  `PASSWORD` VARCHAR (255) NOT NULL COMMENT 'パスワード',
  `NAME_KANA` VARCHAR (50) NOT NULL COMMENT 'フリガナ',
  `NAME` VARCHAR (25) COMMENT '氏名',
  `BIRTHDAY` DATE COMMENT '生年月日',
  `PHONE_NUMBER` VARCHAR (11) COMMENT '電話番号',
  `ADDRESS` VARCHAR (100) COMMENT '住所',
  `REMARKS` VARCHAR (255) DEFAULT NULL COMMENT '備考',
  `DELETE_FLG` CHAR (1) NOT NULL DEFAULT '0' COMMENT '削除フラグ',
  `VERSION` INT (50) NOT NULL DEFAULT '0' COMMENT 'バージョン',
  `CREATED` DATETIME DEFAULT CURRENT_TIMESTAMP ON UPDATE CURRENT_TIMESTAMP COMMENT '登録日時',
  `MODIFIED` DATETIME DEFAULT CURRENT_TIMESTAMP ON UPDATE CURRENT_TIMESTAMP COMMENT '更新日時',
  `MODIFIED_BY` VARCHAR (255) COMMENT '更新者',
  PRIMARY KEY(ID,GENERAL_USER_ID),
  UNIQUE KEY(GENERAL_USER_ID)
)
COMMENT='一般利用者'
2023-09-03 17:00:18,166 [main] INFO  (DfSqlFileRunnerBase#traceSql():168) - 
CREATE TABLE `USER_ROLE_MAP` (
  `ID` INT (50) NOT NULL COMMENT 'ID' AUTO_INCREMENT,
  `STAFF_USER_ID` VARCHAR (255) COMMENT '職員ID',
  `GENERAL_USER_ID` VARCHAR (255) COMMENT '利用者ID',
  `ROLE_ID` INT (50) NOT NULL COMMENT '権限ID',
  `REMARKS` VARCHAR (255) DEFAULT NULL COMMENT '備考',
  `DELETE_FLG` CHAR (1) NOT NULL DEFAULT '0' COMMENT '削除フラグ',
  `VERSION` INT (50) DEFAULT '0' COMMENT 'バージョン',
  `CREATED` DATETIME DEFAULT CURRENT_TIMESTAMP ON UPDATE CURRENT_TIMESTAMP COMMENT '登録日時',
  `MODIFIED` DATETIME DEFAULT CURRENT_TIMESTAMP ON UPDATE CURRENT_TIMESTAMP COMMENT '更新日時',
  `MODIFIED_BY` VARCHAR (255) COMMENT '更新者',
  PRIMARY KEY(ID),
  UNIQUE KEY(STAFF_USER_ID,GENERAL_USER_ID,ROLE_ID),
  FOREIGN KEY (STAFF_USER_ID) REFERENCES STAFF_USER(STAFF_USER_ID),
  FOREIGN KEY (GENERAL_USER_ID) REFERENCES GENERAL_USER(GENERAL_USER_ID),
  FOREIGN KEY (ROLE_ID) REFERENCES ROLE(ID)
)
COMMENT='ユーザー権限マップ'
2023-09-03 17:00:18,184 [main] INFO  (DfSqlFileRunnerBase#traceSql():168) - 
CREATE TABLE `BOOK` (
  `ID` INT (50) NOT NULL COMMENT 'ID' AUTO_INCREMENT,
  `TITLE` VARCHAR (255) NOT NULL COMMENT 'タイトル',
  `AUTHOR` VARCHAR (50) NOT NULL COMMENT '著者',
  `ISBN_10` VARCHAR (10) COMMENT 'ISBN-10',
  `ISBN_13` VARCHAR (13) COMMENT 'ISBN-13',
  `PUBLISHER` VARCHAR (25) NOT NULL COMMENT '出版社',
  `GENRE_ID` INT (50) COMMENT 'ジャンルID',
  `SHELF_NUMBER` VARCHAR (3) COMMENT '棚番号',
  `CONTROL_NUMBER` VARCHAR (10) NOT NULL COMMENT '管理番号',
  `REMARKS` VARCHAR (255) DEFAULT NULL COMMENT '備考',
  `DELETE_FLG` CHAR (1) NOT NULL DEFAULT '0' COMMENT '削除フラグ',
  `VERSION` INT (50) DEFAULT '0' COMMENT 'バージョン',
  `CREATED` DATETIME DEFAULT CURRENT_TIMESTAMP ON UPDATE CURRENT_TIMESTAMP COMMENT '登録日時',
  `MODIFIED` DATETIME DEFAULT CURRENT_TIMESTAMP ON UPDATE CURRENT_TIMESTAMP COMMENT '更新日時',
  `MODIFIED_BY` VARCHAR (255) COMMENT '更新者',
  PRIMARY KEY(ID,CONTROL_NUMBER),
  FOREIGN KEY (GENRE_ID) REFERENCES GENRE(ID)
)
COMMENT='図書'
2023-09-03 17:00:18,203 [main] INFO  (DfSqlFileRunnerBase#traceResult():172) -  -> success=6 failure=0
2023-09-03 17:00:18,203 [main] INFO  (DfSqlFileFireMan#fire():93) - Create Schema: success=6, failure=0 (in 1 files)
2023-09-03 17:00:18,252 [main] INFO  (DfLoadDataProcess#execute():133) - 
2023-09-03 17:00:18,253 [main] INFO  (DfLoadDataProcess#execute():134) - * * * * * * * * * * *
2023-09-03 17:00:18,254 [main] INFO  (DfLoadDataProcess#execute():135) - *                   *
2023-09-03 17:00:18,254 [main] INFO  (DfLoadDataProcess#execute():136) - * Load Data         *
2023-09-03 17:00:18,255 [main] INFO  (DfLoadDataProcess#execute():137) - *                   *
2023-09-03 17:00:18,255 [main] INFO  (DfLoadDataProcess#execute():138) - * * * * * * * * * * *
2023-09-03 17:00:18,299 [main] INFO  (DfDelimiterDataWriterImpl#writeData():97) - /= = = = = = = = = = = = = = = = = = = = = = = = = = = = = = = = = 
2023-09-03 17:00:18,299 [main] INFO  (DfDelimiterDataWriterImpl#writeData():98) - writeData(playsql/data/common/csv/UTF-8/ROLE.csv)
2023-09-03 17:00:18,300 [main] INFO  (DfDelimiterDataWriterImpl#writeData():99) - = = = = = = =/
2023-09-03 17:00:18,302 [main] INFO  (DfTableExtractor#doGetTableList():66) - ...Getting tables:
2023-09-03 17:00:18,302 [main] INFO  (DfTableExtractor#doGetTableList():67) -   schema = {jlibrary.$$NoNameSchema$$ as main}
2023-09-03 17:00:18,303 [main] INFO  (DfTableExtractor#doGetTableList():68) -   types  = [TABLE, VIEW]
2023-09-03 17:00:18,351 [main] INFO  (DfAbsractDataWriter#handleLoggingInsert():1090) - ROLE:{1, ROLE_ADMIN, 管理者, null, 0, 0, 2023-08-01 00:00:00, 2023-08-01 00:00:00, PATCH}
2023-09-03 17:00:18,423 [main] INFO  (DfAbsractDataWriter#handleLoggingInsert():1090) - ROLE:{2, ROLE_STAFF, 職員, null, 0, 0, 2023-08-01 00:00:00, 2023-08-01 00:00:00, PATCH}
2023-09-03 17:00:18,424 [main] INFO  (DfAbsractDataWriter#handleLoggingInsert():1090) - ROLE:{3, ROLE_GENERAL, 一般利用者, null, 0, 0, 2023-08-01 00:00:00, 2023-08-01 00:00:00, PATCH}
2023-09-03 17:00:18,431 [main] INFO  (DfAbsractDataWriter#noticeLoadedRowSize():1106) -  -> 3 rows are loaded to ROLE
2023-09-03 17:00:18,437 [main] INFO  (DfLoadDataProcess#lazyCheckLoadedClassifiaction():387) - ...Checking implicit set of classification
2023-09-03 17:00:18,451 [main] INFO  (DfTakeFinallyProcess#takeFinally():244) - 
2023-09-03 17:00:18,451 [main] INFO  (DfTakeFinallyProcess#takeFinally():245) - * * * * * * * **
2023-09-03 17:00:18,451 [main] INFO  (DfTakeFinallyProcess#takeFinally():246) - *              *
2023-09-03 17:00:18,452 [main] INFO  (DfTakeFinallyProcess#takeFinally():247) - * Take Finally *
2023-09-03 17:00:18,452 [main] INFO  (DfTakeFinallyProcess#takeFinally():248) - *              *
2023-09-03 17:00:18,452 [main] INFO  (DfTakeFinallyProcess#takeFinally():249) - * * * * * * * **
2023-09-03 17:00:18,460 [main] INFO  (DfSqlFileFireMan#fire():68) - ...Firing: take-finally.sql
2023-09-03 17:00:18,462 [main] INFO  (DfSqlFileRunnerBase#traceResult():172) -  -> success=0 failure=0
2023-09-03 17:00:18,463 [main] INFO  (DfSqlFileFireMan#fire():93) - Take Finally: success=0, failure=0 (in 1 files)
2023-09-03 17:00:18,465 [main] INFO  (DfDataSourceHandler#destroy():120) - ...closeReally()
2023-09-03 17:00:18,483 [main] INFO  (DfDBFluteTaskUtil#logFinalMessage():139) - 
_/_/_/_/_/_/_/_/_/_/_/_/_/_/_/_/_/_/_/_/_/_/
[Final Message]: 00m02s328ms

  DBFLUTE_CLIENT: {jlibrary}
    database  = mysql (MySQL 5.5.5-10.4.28-MariaDB)
    language  = java
    container = spring
    package   = jp.co.jwebgate.jlibrary.dbflute

  DBFLUTE_ENVIRONMENT_TYPE: {}
    driver = com.mysql.jdbc.Driver
    url    = jdbc:mysql://localhost:3306/jlibrary
    schema = {jlibrary.$$NoNameSchema$$ as main}
    user   = root
    props  = {}
    additionalSchema = 
    repsEnvType      = ut
    refreshProject   = $$AutoDetect$$

 Create Schema: success=6, failure=0 (in 1 files) - 00m00s339ms
  (Initialize Schema) - 00m00s220ms
  (Create Schema) - 00m00s109ms
  o replace-schema.sql

 Load Data: common:{csv=1} - 00m00s193ms
  <common>
  o ROLE.csv

 Take Finally: success=0, failure=0 (in 1 files) - 00m00s015ms
  o take-finally.sql
_/_/_/_/_/_/_/_/_/_/ {ReplaceSchema}
2023-09-03 17:00:19,714 [main] INFO  (TorqueJDBCTransformTask#begin():104) - +------------------------------------------+
2023-09-03 17:00:19,717 [main] INFO  (TorqueJDBCTransformTask#begin():105) - |                                          |
2023-09-03 17:00:19,718 [main] INFO  (TorqueJDBCTransformTask#begin():106) - |                   JDBC                   |
2023-09-03 17:00:19,718 [main] INFO  (TorqueJDBCTransformTask#begin():107) - |                                          |
2023-09-03 17:00:19,718 [main] INFO  (TorqueJDBCTransformTask#begin():108) - +------------------------------------------+
2023-09-03 17:00:19,746 [main] INFO  (DfDataSourceHandler#prepare():78) - ...Preparing data source:
2023-09-03 17:00:19,747 [main] INFO  (DfDataSourceHandler#prepare():79) -   driver = com.mysql.jdbc.Driver
2023-09-03 17:00:19,747 [main] INFO  (DfDataSourceHandler#prepare():80) -   url    = jdbc:mysql://localhost:3306/jlibrary
2023-09-03 17:00:19,748 [main] INFO  (DfDataSourceHandler#prepare():81) -   user   = root
2023-09-03 17:00:19,792 [main] INFO  (DfSchemaXmlSerializer#serialize():305) - 
2023-09-03 17:00:19,793 [main] INFO  (DfSchemaXmlSerializer#serialize():306) - ...Starting to process JDBC to SchemaXML
2023-09-03 17:00:19,793 [main] INFO  (DfSchemaXmlSerializer#doLoadPreviousSchema():1559) - ...Loading previous schema (schema diff process)
2023-09-03 17:00:19,810 [main] INFO  (DTDResolver#resolveEntity():195) - ...Resolving XML by database.dtd in same package
2023-09-03 17:00:19,905 [main] INFO  (DfSchemaXmlSerializer#generateXML():379) - ...Getting DB connection
2023-09-03 17:00:19,910 [main] INFO  (DfDataSourceHandler#createConnection():166) - ...Connecting to database by data source:
2023-09-03 17:00:20,132 [main] INFO  (DfDataSourceHandler#setupConnectionMetaInfo():233) -   product = MySQL 5.5.5-10.4.28-MariaDB
2023-09-03 17:00:20,133 [main] INFO  (DfDataSourceHandler#setupConnectionMetaInfo():234) -   driver  = MySQL Connector Java mysql-connector-java-5.1.49 ( Revision: ad86f36e100e104cd926c6b81c8cab9565750116 ) for JDBC 4.0
2023-09-03 17:00:20,134 [main] INFO  (DfSchemaXmlSerializer#generateXML():382) - ...Getting DB meta data
2023-09-03 17:00:20,135 [main] INFO  (DfTableExtractor#doGetTableList():66) - ...Getting tables:
2023-09-03 17:00:20,136 [main] INFO  (DfTableExtractor#doGetTableList():67) -   schema = {jlibrary.$$NoNameSchema$$ as main}
2023-09-03 17:00:20,136 [main] INFO  (DfTableExtractor#doGetTableList():68) -   types  = [TABLE, VIEW]
2023-09-03 17:00:20,148 [main] INFO  (DfDbCommentExtractorBase#doSelectUserTabComments():121) - select table_type as OBJECT_TYPE, table_name as TABLE_NAME, table_comment as COMMENTS from information_schema.tables where table_schema = 'jlibrary' order by table_name asc
2023-09-03 17:00:20,153 [main] INFO  (DfDbCommentExtractorBase#doSelectUserColComments():168) - select table_name as TABLE_NAME, column_name as COLUMN_NAME, column_comment as COMMENTS from information_schema.columns where table_schema = 'jlibrary' order by table_name asc, column_name asc
2023-09-03 17:00:20,167 [main] INFO  (DfDatetimePrecisionExtractorMySQL#extractDatetimePrecisionMap():59) - select TABLE_NAME, COLUMN_NAME, DATETIME_PRECISION from INFORMATION_SCHEMA.COLUMNS where TABLE_SCHEMA = 'jlibrary' and DATA_TYPE = 'datetime'
2023-09-03 17:00:20,193 [main] INFO  (DfSchemaXmlSerializer#processTable():438) - 
2023-09-03 17:00:20,251 [main] INFO  (DfSchemaXmlSerializer#processTable():439) - $ /= = = = = = = = = = = = = = = = = = = = = = = = = =
2023-09-03 17:00:20,252 [main] INFO  (DfSchemaXmlSerializer#processTable():440) - $ [Table List]
2023-09-03 17:00:20,252 [main] INFO  (DfSchemaXmlSerializer#doProcessTable():520) - $ jlibrary.BOOK(TABLE) // 図書
2023-09-03 17:00:20,381 [main] INFO  (DfSchemaXmlSerializer#doProcessTable():520) - $ jlibrary.GENERAL_USER(TABLE) // 一般利用者
2023-09-03 17:00:20,425 [main] INFO  (DfSchemaXmlSerializer#doProcessTable():520) - $ jlibrary.GENRE(TABLE) // ジャンル
2023-09-03 17:00:20,450 [main] INFO  (DfSchemaXmlSerializer#doProcessTable():520) - $ jlibrary.ROLE(TABLE) // 権限
2023-09-03 17:00:20,465 [main] INFO  (DfSchemaXmlSerializer#doProcessTable():520) - $ jlibrary.STAFF_USER(TABLE) // 職員
2023-09-03 17:00:20,549 [main] INFO  (DfSchemaXmlSerializer#doProcessTable():520) - $ jlibrary.USER_ROLE_MAP(TABLE) // ユーザー権限マップ
2023-09-03 17:00:20,585 [main] INFO  (DfSchemaXmlSerializer#processTable():452) - $ 
2023-09-03 17:00:20,599 [main] INFO  (DfSchemaXmlSerializer#processTable():453) - $ [Table Count]
2023-09-03 17:00:20,599 [main] INFO  (DfSchemaXmlSerializer#processTable():454) - $ 6
2023-09-03 17:00:20,600 [main] INFO  (DfSchemaXmlSerializer#processTable():455) - $ = = = = = = = = = =/
2023-09-03 17:00:20,601 [main] INFO  (DfSchemaXmlSerializer#processTable():456) - 
2023-09-03 17:00:20,616 [main] INFO  (DfSchemaXmlSerializer#processSequence():823) - ...Getting sequences
2023-09-03 17:00:20,626 [main] INFO  (DfSchemaXmlSerializer#serialize():320) - ...Serializing XML:
2023-09-03 17:00:20,627 [main] INFO  (DfSchemaXmlSerializer#serialize():321) -   filePath = ./schema/project-schema-jlibrary.xml
2023-09-03 17:00:20,628 [main] INFO  (DfSchemaXmlSerializer#serialize():322) -   encoding = UTF-8
2023-09-03 17:00:20,702 [main] INFO  (DfSchemaXmlSerializer#doLoadNextSchema():1570) - ...Loading next schema (schema diff process)
2023-09-03 17:00:20,705 [main] INFO  (DTDResolver#resolveEntity():195) - ...Resolving XML by database.dtd in same package
2023-09-03 17:00:20,830 [main] INFO  (DfSchemaXmlSerializer#doLoadNextSchema():1575) -  -> different from previous (schema diff)
2023-09-03 17:00:20,832 [main] INFO  (DfSchemaXmlSerializer#doLoadNextSchema():1577) - ...Serializing schema-diff:
2023-09-03 17:00:20,832 [main] INFO  (DfSchemaXmlSerializer#doLoadNextSchema():1578) -   filePath = ./schema/project-history-jlibrary.diffmap
2023-09-03 17:00:20,842 [main] INFO  (DfDataSourceHandler#destroy():120) - ...closeReally()
2023-09-03 17:00:20,852 [main] INFO  (DfDBFluteTaskUtil#logFinalMessage():139) - 
_/_/_/_/_/_/_/_/_/_/_/_/_/_/_/_/_/_/_/_/_/_/
[Final Message]: 00m01s147ms

  DBFLUTE_CLIENT: {jlibrary}
    database  = mysql (MySQL 5.5.5-10.4.28-MariaDB)
    language  = java
    container = spring
    package   = jp.co.jwebgate.jlibrary.dbflute

  DBFLUTE_ENVIRONMENT_TYPE: {}
    driver = com.mysql.jdbc.Driver
    url    = jdbc:mysql://localhost:3306/jlibrary
    schema = {jlibrary.$$NoNameSchema$$ as main}
    user   = root
    props  = {}
    additionalSchema = 
    repsEnvType      = ut
    refreshProject   = $$AutoDetect$$
_/_/_/_/_/_/_/_/_/_/ {JDBC}
2023-09-03 17:00:21,667 [main] INFO  (TorqueDocumentationTask#begin():193) - +------------------------------------------+
2023-09-03 17:00:21,669 [main] INFO  (TorqueDocumentationTask#begin():194) - |                                          |
2023-09-03 17:00:21,669 [main] INFO  (TorqueDocumentationTask#begin():195) - |                   Doc                    |
2023-09-03 17:00:21,669 [main] INFO  (TorqueDocumentationTask#begin():203) - |                                          |
2023-09-03 17:00:21,670 [main] INFO  (TorqueDocumentationTask#begin():204) - +------------------------------------------+
2023-09-03 17:00:21,701 [main] INFO  (DfDataSourceHandler#prepare():78) - ...Preparing data source:
2023-09-03 17:00:21,701 [main] INFO  (DfDataSourceHandler#prepare():79) -   driver = com.mysql.jdbc.Driver
2023-09-03 17:00:21,702 [main] INFO  (DfDataSourceHandler#prepare():80) -   url    = jdbc:mysql://localhost:3306/jlibrary
2023-09-03 17:00:21,702 [main] INFO  (DfDataSourceHandler#prepare():81) -   user   = root
2023-09-03 17:00:21,706 [main] INFO  (TorqueDocumentationTask#processSchemaHtml():265) - 
2023-09-03 17:00:21,707 [main] INFO  (TorqueDocumentationTask#processSchemaHtml():266) - * * * * * * * * * * *
2023-09-03 17:00:21,707 [main] INFO  (TorqueDocumentationTask#processSchemaHtml():267) - *                   *
2023-09-03 17:00:21,708 [main] INFO  (TorqueDocumentationTask#processSchemaHtml():268) - *    Schema HTML    *
2023-09-03 17:00:21,708 [main] INFO  (TorqueDocumentationTask#processSchemaHtml():269) - *                   *
2023-09-03 17:00:21,709 [main] INFO  (TorqueDocumentationTask#processSchemaHtml():270) - * * * * * * * * * * *
2023-09-03 17:00:21,764 [main] INFO  (DTDResolver#resolveEntity():195) - ...Resolving XML by database.dtd in same package
2023-09-03 17:00:21,828 [main] INFO  (DfAdditionalPrimaryKeyInitializer#initializeAdditionalPrimaryKey():62) - /=======================================
2023-09-03 17:00:21,828 [main] INFO  (DfAdditionalPrimaryKeyInitializer#initializeAdditionalPrimaryKey():63) - ...Initializing additional primary keys.
2023-09-03 17:00:21,829 [main] INFO  (DfAdditionalPrimaryKeyInitializer#initializeAdditionalPrimaryKey():88) - ==========/
2023-09-03 17:00:21,831 [main] INFO  (DfAdditionalUniqueKeyInitializer#initializeAdditionalUniqueKey():62) - /=======================================
2023-09-03 17:00:21,832 [main] INFO  (DfAdditionalUniqueKeyInitializer#initializeAdditionalUniqueKey():63) - ...Initializing additional unique keys.
2023-09-03 17:00:21,833 [main] INFO  (DfAdditionalUniqueKeyInitializer#initializeAdditionalUniqueKey():83) - ==========/
2023-09-03 17:00:21,834 [main] INFO  (DfAdditionalForeignKeyInitializer#initializeAdditionalForeignKey():68) - /=======================================
2023-09-03 17:00:21,835 [main] INFO  (DfAdditionalForeignKeyInitializer#initializeAdditionalForeignKey():69) - ...Initializing additional foreign keys.
2023-09-03 17:00:21,837 [main] INFO  (DfAdditionalForeignKeyInitializer#initializeAdditionalForeignKey():79) - FK_PARENT_GENRE_ID
2023-09-03 17:00:21,839 [main] INFO  (DfAdditionalForeignKeyInitializer#showResult():349) -   Add foreign key GENRE.[PARENT_GENRE_ID] to GENRE.[ID]
2023-09-03 17:00:21,840 [main] INFO  (DfAdditionalForeignKeyInitializer#initializeAdditionalForeignKey():88) - ==========/
2023-09-03 17:00:21,852 [main] INFO  (DfClsDeploymentInitializer#initializeClassificationDeployment():67) - ...Initializing ClassificationDeployment: project=jlibrary
2023-09-03 17:00:21,935 [main] INFO  (DfAbstractTexenTask#fireVelocityProcess():253) - generator.parse("doc/ControlDocument.vm", ctx);
2023-09-03 17:00:21,950 [main] INFO  (DfFlutistLog4JLogSystem#init():45) - ...Suppressing velocity.log, which is unneeded for also debug
2023-09-03 17:00:22,088 [main] INFO  (Database#doEnableDocumentOutputDirectory():1241) - ...Setting up documentOutputDirectory: ./output/doc
2023-09-03 17:00:22,104 [main] INFO  (DfDocumentSelector#doLoadSchemaHistory():242) - ...Loading schema history
2023-09-03 17:00:22,141 [main] INFO  (DfDocumentSelector#doLoadSchemaHistory():246) -  -> found history: count=3
2023-09-03 17:00:22,216 [main] INFO  (DfSchemaHtmlDataArrangeQuery#getArrangeQueryTableMap():50) -  
2023-09-03 17:00:22,216 [main] INFO  (DfSchemaHtmlDataArrangeQuery#getArrangeQueryTableMap():51) - ...Setting up arrange queries for documents (ArrangeQueryDoc)
2023-09-03 17:00:22,238 [main] INFO  (DfArrangeQueryDocSetupper#doExtractArrangeQuery():106) -  -> no arrange query
2023-09-03 17:00:22,532 [main] INFO  (DfRefreshResourceProcess#show():295) - /===========================================================================
2023-09-03 17:00:22,532 [main] INFO  (DfRefreshResourceProcess#show():295) - ...Refreshing [jlibrary] by http://localhost:8386/
2023-09-03 17:00:22,544 [main] INFO  (DfRefreshResourceProcess#show():295) - ...Retrying refreshing by default secondary URL http://localhost:8387/
2023-09-03 17:00:22,545 [main] INFO  (DfRefreshResourceProcess#show():295) - Failed to refresh the resources (continued): url=http://localhost:8386/, cause=ConnectException(Connection refused)
2023-09-03 17:00:22,545 [main] INFO  (DfRefreshResourceProcess#show():295) - ==========/
2023-09-03 17:00:22,548 [main] INFO  (DfDBFluteTaskUtil#logFinalMessage():139) - 
_/_/_/_/_/_/_/_/_/_/_/_/_/_/_/_/_/_/_/_/_/_/
[Final Message]: 00m00s893ms

  DBFLUTE_CLIENT: {jlibrary}
    database  = mysql
    language  = java
    container = spring
    package   = jp.co.jwebgate.jlibrary.dbflute

  DBFLUTE_ENVIRONMENT_TYPE: {}
    driver = com.mysql.jdbc.Driver
    url    = jdbc:mysql://localhost:3306/jlibrary
    schema = {jlibrary.$$NoNameSchema$$ as main}
    user   = root
    props  = {}
    additionalSchema = 
    repsEnvType      = ut
    refreshProject   = $$AutoDetect$$
_/_/_/_/_/_/_/_/_/_/ {Doc}
2023-09-03 17:00:25,542 [main] INFO  (TorqueDataModelTask#begin():110) - +------------------------------------------+
2023-09-03 17:00:25,543 [main] INFO  (TorqueDataModelTask#begin():111) - |                                          |
2023-09-03 17:00:25,544 [main] INFO  (TorqueDataModelTask#begin():112) - |                 Generate                 |
2023-09-03 17:00:25,544 [main] INFO  (TorqueDataModelTask#begin():113) - |                                          |
2023-09-03 17:00:25,544 [main] INFO  (TorqueDataModelTask#begin():114) - +------------------------------------------+
2023-09-03 17:00:25,571 [main] INFO  (DfDataSourceHandler#prepare():78) - ...Preparing data source:
2023-09-03 17:00:25,572 [main] INFO  (DfDataSourceHandler#prepare():79) -   driver = com.mysql.jdbc.Driver
2023-09-03 17:00:25,574 [main] INFO  (DfDataSourceHandler#prepare():80) -   url    = jdbc:mysql://localhost:3306/jlibrary
2023-09-03 17:00:25,574 [main] INFO  (DfDataSourceHandler#prepare():81) -   user   = root
2023-09-03 17:00:25,595 [main] INFO  (TorqueDataModelTask#setupControlTemplate():166) - 
2023-09-03 17:00:25,595 [main] INFO  (TorqueDataModelTask#setupControlTemplate():167) - ...Using Java control: om/ControlGenerateJava.vm
2023-09-03 17:00:25,632 [main] INFO  (DTDResolver#resolveEntity():195) - ...Resolving XML by database.dtd in same package
2023-09-03 17:00:25,681 [main] INFO  (DfAbstractTexenTask#fireVelocityProcess():253) - generator.parse("om/ControlGenerateJava.vm", ctx);
2023-09-03 17:00:25,689 [main] INFO  (DfFlutistLog4JLogSystem#init():45) - ...Suppressing velocity.log, which is unneeded for also debug
2023-09-03 17:00:25,912 [main] INFO  (Database#doEnableGenerateOutputDirectory():1209) - ...Setting up generateOutputDirectory: ../src/main/java
2023-09-03 17:00:25,916 [main] INFO  (DfAdditionalPrimaryKeyInitializer#initializeAdditionalPrimaryKey():62) - /=======================================
2023-09-03 17:00:25,916 [main] INFO  (DfAdditionalPrimaryKeyInitializer#initializeAdditionalPrimaryKey():63) - ...Initializing additional primary keys.
2023-09-03 17:00:25,917 [main] INFO  (DfAdditionalPrimaryKeyInitializer#initializeAdditionalPrimaryKey():88) - ==========/
2023-09-03 17:00:25,919 [main] INFO  (DfAdditionalUniqueKeyInitializer#initializeAdditionalUniqueKey():62) - /=======================================
2023-09-03 17:00:25,919 [main] INFO  (DfAdditionalUniqueKeyInitializer#initializeAdditionalUniqueKey():63) - ...Initializing additional unique keys.
2023-09-03 17:00:25,920 [main] INFO  (DfAdditionalUniqueKeyInitializer#initializeAdditionalUniqueKey():83) - ==========/
2023-09-03 17:00:25,921 [main] INFO  (DfAdditionalForeignKeyInitializer#initializeAdditionalForeignKey():68) - /=======================================
2023-09-03 17:00:25,922 [main] INFO  (DfAdditionalForeignKeyInitializer#initializeAdditionalForeignKey():69) - ...Initializing additional foreign keys.
2023-09-03 17:00:25,924 [main] INFO  (DfAdditionalForeignKeyInitializer#initializeAdditionalForeignKey():79) - FK_PARENT_GENRE_ID
2023-09-03 17:00:25,925 [main] INFO  (DfAdditionalForeignKeyInitializer#showResult():349) -   Add foreign key GENRE.[PARENT_GENRE_ID] to GENRE.[ID]
2023-09-03 17:00:25,926 [main] INFO  (DfAdditionalForeignKeyInitializer#initializeAdditionalForeignKey():88) - ==========/
2023-09-03 17:00:25,938 [main] INFO  (DfClsDeploymentInitializer#initializeClassificationDeployment():67) - ...Initializing ClassificationDeployment: project=jlibrary
2023-09-03 17:00:25,943 [main] INFO  (DfIncludeQueryInitializer#initializeIncludeQuery():58) - /=============================
2023-09-03 17:00:25,943 [main] INFO  (DfIncludeQueryInitializer#initializeIncludeQuery():59) - ...Initializing include query.
2023-09-03 17:00:25,944 [main] INFO  (DfIncludeQueryInitializer#checkQueryMap():81) - String
2023-09-03 17:00:25,944 [main] INFO  (DfIncludeQueryInitializer#checkQueryMap():81) - Number
2023-09-03 17:00:25,944 [main] INFO  (DfIncludeQueryInitializer#checkQueryMap():81) - Date
2023-09-03 17:00:25,945 [main] INFO  (DfIncludeQueryInitializer#checkQueryMap():86) -   NotEqual -> []
2023-09-03 17:00:25,945 [main] INFO  (DfIncludeQueryInitializer#checkQueryMap():86) -   InScope -> []
2023-09-03 17:00:25,945 [main] INFO  (DfIncludeQueryInitializer#checkQueryMap():86) -   NotInScope -> []
2023-09-03 17:00:25,945 [main] INFO  (DfIncludeQueryInitializer#checkQueryMap():81) - OrderBy
2023-09-03 17:00:25,945 [main] INFO  (DfIncludeQueryInitializer#initializeIncludeQuery():61) - ========/
2023-09-03 17:00:25,960 [main] INFO  (Database#info():2852) - public void parseAllCommon() {
2023-09-03 17:00:25,962 [main] INFO  (Database#info():2852) -     parse('DBCurrent');
2023-09-03 17:00:25,970 [main] INFO  (Database#info():2852) -     parse('DBFluteConfig');
2023-09-03 17:00:25,997 [main] INFO  (Database#info():2852) -     parse('DBFluteInitializer');
2023-09-03 17:00:26,009 [main] INFO  (Database#info():2852) -     parse('DBMetaInstanceHandler');
2023-09-03 17:00:26,028 [main] INFO  (Database#info():2852) -     parse('EntityDefinedCommonColumn');
2023-09-03 17:00:26,042 [main] INFO  (Database#info():2852) -     parse('ImplementedBehaviorSelector');
2023-09-03 17:00:26,058 [main] INFO  (Database#info():2852) -     parse('ImplementedCommonColumnAutoSetupper');
2023-09-03 17:00:26,066 [main] INFO  (Database#info():2852) -     parse('ImplementedInvokerAssistant');
2023-09-03 17:00:26,083 [main] INFO  (Database#info():2852) -     parse('ImplementedSqlClauseCreator');
2023-09-03 17:00:26,090 [main] INFO  (Database#info():2852) - }
2023-09-03 17:00:26,090 [main] INFO  (Database#info():2852) - public void parseContainerConfig() {
2023-09-03 17:00:26,091 [main] INFO  (Database#info():2852) -     parse('jp/co/jwebgate/jlibrary/dbflute/allcommon/DBFluteBeansJavaConfig.java')
2023-09-03 17:00:26,114 [main] INFO  (Database#info():2852) - }
2023-09-03 17:00:26,117 [main] INFO  (DfOldClassHandler#info():1045) - public void deleteOldTableClass() {
2023-09-03 17:00:26,145 [main] INFO  (DfOldClassHandler#info():1045) - }
2023-09-03 17:00:26,146 [main] INFO  (Database#info():2852) - public void parseTableClass() {
2023-09-03 17:00:26,146 [main] INFO  (Database#info():2852) -     parse('BOOK');
2023-09-03 17:00:26,493 [main] INFO  (Database#info():2852) -     parse('GENERAL_USER');
2023-09-03 17:00:26,752 [main] INFO  (Database#info():2852) -     parse('GENRE');
2023-09-03 17:00:26,972 [main] INFO  (Database#info():2852) -     parse('ROLE');
2023-09-03 17:00:27,165 [main] INFO  (Database#info():2852) -     parse('STAFF_USER');
2023-09-03 17:00:27,327 [main] INFO  (Database#info():2852) -     parse('USER_ROLE_MAP');
2023-09-03 17:00:27,504 [main] INFO  (Database#info():2852) - }
2023-09-03 17:00:27,504 [main] INFO  (Database#info():2852) -  
2023-09-03 17:00:27,550 [main] INFO  (DfRefreshResourceProcess#show():295) - /===========================================================================
2023-09-03 17:00:27,551 [main] INFO  (DfRefreshResourceProcess#show():295) - ...Refreshing [jlibrary] by http://localhost:8386/
2023-09-03 17:00:27,553 [main] INFO  (DfRefreshResourceProcess#show():295) - ...Retrying refreshing by default secondary URL http://localhost:8387/
2023-09-03 17:00:27,554 [main] INFO  (DfRefreshResourceProcess#show():295) - Failed to refresh the resources (continued): url=http://localhost:8386/, cause=ConnectException(Connection refused)
2023-09-03 17:00:27,555 [main] INFO  (DfRefreshResourceProcess#show():295) - ==========/
2023-09-03 17:00:27,560 [main] INFO  (DfDBFluteTaskUtil#logFinalMessage():139) - 
_/_/_/_/_/_/_/_/_/_/_/_/_/_/_/_/_/_/_/_/_/_/
[Final Message]: 00m02s028ms

  DBFLUTE_CLIENT: {jlibrary}
    database  = mysql
    language  = java
    container = spring
    package   = jp.co.jwebgate.jlibrary.dbflute

  DBFLUTE_ENVIRONMENT_TYPE: {}
    driver = com.mysql.jdbc.Driver
    url    = jdbc:mysql://localhost:3306/jlibrary
    schema = {jlibrary.$$NoNameSchema$$ as main}
    user   = root
    props  = {}
    additionalSchema = 
    repsEnvType      = ut
    refreshProject   = $$AutoDetect$$
_/_/_/_/_/_/_/_/_/_/ {Generate}
2023-09-03 17:00:28,330 [main] INFO  (DfOutsideSqlTestTask#begin():77) - +------------------------------------------+
2023-09-03 17:00:28,331 [main] INFO  (DfOutsideSqlTestTask#begin():78) - |                                          |
2023-09-03 17:00:28,332 [main] INFO  (DfOutsideSqlTestTask#begin():79) - |              OutsideSqlTest              |
2023-09-03 17:00:28,332 [main] INFO  (DfOutsideSqlTestTask#begin():80) - |                                          |
2023-09-03 17:00:28,332 [main] INFO  (DfOutsideSqlTestTask#begin():81) - +------------------------------------------+
2023-09-03 17:00:28,360 [main] INFO  (DfDataSourceHandler#prepare():78) - ...Preparing data source:
2023-09-03 17:00:28,361 [main] INFO  (DfDataSourceHandler#prepare():79) -   driver = com.mysql.jdbc.Driver
2023-09-03 17:00:28,361 [main] INFO  (DfDataSourceHandler#prepare():80) -   url    = jdbc:mysql://localhost:3306/jlibrary
2023-09-03 17:00:28,361 [main] INFO  (DfDataSourceHandler#prepare():81) -   user   = root
2023-09-03 17:00:28,391 [main] INFO  (DfSqlFileFireMan#fire():68) - ...Firing: GeneralUserBhv_selectNewGeneralUserId.sql
2023-09-03 17:00:28,402 [main] INFO  (DfDataSourceHandler#createConnection():166) - ...Connecting to database by data source:
2023-09-03 17:00:28,625 [main] INFO  (DfDataSourceHandler#setupConnectionMetaInfo():233) -   product = MySQL 5.5.5-10.4.28-MariaDB
2023-09-03 17:00:28,625 [main] INFO  (DfDataSourceHandler#setupConnectionMetaInfo():234) -   driver  = MySQL Connector Java mysql-connector-java-5.1.49 ( Revision: ad86f36e100e104cd926c6b81c8cab9565750116 ) for JDBC 4.0
2023-09-03 17:00:28,651 [main] INFO  (DfOutsideSqlTestTask$1#traceSql():194) - SQL:
/*
[df:title]
追加できる最小の一般利用者IDを取得する

[df:description]
追加できる最小の一般利用者IDを取得する
*/
-- #df:entity#
-- !df:pmb!
-- !!AutoDetect!!

select 
IFNULL(CONCAT('G',LPAD(MAX(SUBSTR(GENERAL_USER_ID,2)) + 1, 5,'0')), 'G00001') AS NEW_GENERAL_USER_ID 
from GENERAL_USER
2023-09-03 17:00:28,662 [main] INFO  (DfOutsideSqlTestTask$1#traceResult():199) -  -> success=1 failure=0

2023-09-03 17:00:28,663 [main] INFO  (DfSqlFileFireMan#fire():68) - ...Firing: StaffUserBhv_selectNewStaffUserId.sql
2023-09-03 17:00:28,675 [main] INFO  (DfOutsideSqlTestTask$1#traceSql():194) - SQL:
/*
[df:title]
追加できる最小の職員IDを取得する

[df:description]
追加できる最小の職員IDを取得する
*/
-- #df:entity#
-- !df:pmb!
-- !!AutoDetect!!

select 
IFNULL(CONCAT('G',LPAD(MAX(SUBSTR(STAFF_USER_ID,2)) + 1, 5,'0')), 'G00001') AS NEW_STAFF_USER_ID 
from STAFF_USER
2023-09-03 17:00:28,680 [main] INFO  (DfOutsideSqlTestTask$1#traceResult():199) -  -> success=1 failure=0

2023-09-03 17:00:28,681 [main] INFO  (DfSqlFileFireMan#fire():93) - Fired SQL: success=2, failure=0 (in 2 files)
2023-09-03 17:00:28,681 [main] INFO  (DfDataSourceHandler#destroy():120) - ...closeReally()
2023-09-03 17:00:28,693 [main] INFO  (DfDBFluteTaskUtil#logFinalMessage():139) - 
_/_/_/_/_/_/_/_/_/_/_/_/_/_/_/_/_/_/_/_/_/_/
[Final Message]: 00m00s371ms

  DBFLUTE_CLIENT: {jlibrary}
    database  = mysql (MySQL 5.5.5-10.4.28-MariaDB)
    language  = java
    container = spring
    package   = jp.co.jwebgate.jlibrary.dbflute

  DBFLUTE_ENVIRONMENT_TYPE: {}
    driver = com.mysql.jdbc.Driver
    url    = jdbc:mysql://localhost:3306/jlibrary
    schema = {jlibrary.$$NoNameSchema$$ as main}
    user   = root
    props  = {}
    additionalSchema = 
    repsEnvType      = ut
    refreshProject   = $$AutoDetect$$

 {Checked SQL}
  o GeneralUserBhv_selectNewGeneralUserId.sql
  o StaffUserBhv_selectNewStaffUserId.sql

   o: OK (2)
_/_/_/_/_/_/_/_/_/_/ {OutsideSqlTest}
2023-09-03 17:00:29,808 [main] INFO  (DfSql2EntityTask#begin():106) - +------------------------------------------+
2023-09-03 17:00:29,809 [main] INFO  (DfSql2EntityTask#begin():107) - |                                          |
2023-09-03 17:00:29,809 [main] INFO  (DfSql2EntityTask#begin():108) - |                Sql2Entity                |
2023-09-03 17:00:29,809 [main] INFO  (DfSql2EntityTask#begin():109) - |                                          |
2023-09-03 17:00:29,809 [main] INFO  (DfSql2EntityTask#begin():110) - +------------------------------------------+
2023-09-03 17:00:29,831 [main] INFO  (DfDataSourceHandler#prepare():78) - ...Preparing data source:
2023-09-03 17:00:29,832 [main] INFO  (DfDataSourceHandler#prepare():79) -   driver = com.mysql.jdbc.Driver
2023-09-03 17:00:29,832 [main] INFO  (DfDataSourceHandler#prepare():80) -   url    = jdbc:mysql://localhost:3306/jlibrary
2023-09-03 17:00:29,832 [main] INFO  (DfDataSourceHandler#prepare():81) -   user   = root
2023-09-03 17:00:29,844 [main] INFO  (DfSql2EntityTask#setupControlTemplate():177) - 
2023-09-03 17:00:29,845 [main] INFO  (DfSql2EntityTask#setupControlTemplate():178) - ...Using Java control: om/ControlSql2EntityJava.vm
2023-09-03 17:00:29,853 [main] INFO  (DTDResolver#resolveEntity():195) - ...Resolving XML by database.dtd in same package
2023-09-03 17:00:29,929 [main] INFO  (DfSqlFileFireMan#fire():68) - ...Firing: GeneralUserBhv_selectNewGeneralUserId.sql
2023-09-03 17:00:29,935 [main] INFO  (DfDataSourceHandler#createConnection():166) - ...Connecting to database by data source:
2023-09-03 17:00:30,140 [main] INFO  (DfDataSourceHandler#setupConnectionMetaInfo():233) -   product = MySQL 5.5.5-10.4.28-MariaDB
2023-09-03 17:00:30,141 [main] INFO  (DfDataSourceHandler#setupConnectionMetaInfo():234) -   driver  = MySQL Connector Java mysql-connector-java-5.1.49 ( Revision: ad86f36e100e104cd926c6b81c8cab9565750116 ) for JDBC 4.0
2023-09-03 17:00:30,144 [main] INFO  (DfOutsideSqlAnalyzer#traceSql():330) - SQL:
/*
[df:title]
追加できる最小の一般利用者IDを取得する

[df:description]
追加できる最小の一般利用者IDを取得する
*/
-- #df:entity#
-- !df:pmb!
-- !!AutoDetect!!

select 
IFNULL(CONCAT('G',LPAD(MAX(SUBSTR(GENERAL_USER_ID,2)) + 1, 5,'0')), 'G00001') AS NEW_GENERAL_USER_ID 
from GENERAL_USER
2023-09-03 17:00:30,179 [main] INFO  (DfOutsideSqlAnalyzer#traceResult():336) -  -> success=1 failure=0
2023-09-03 17:00:30,180 [main] INFO  (DfSqlFileFireMan#fire():68) - ...Firing: StaffUserBhv_selectNewStaffUserId.sql
2023-09-03 17:00:30,181 [main] INFO  (DfOutsideSqlAnalyzer#traceSql():330) - SQL:
/*
[df:title]
追加できる最小の職員IDを取得する

[df:description]
追加できる最小の職員IDを取得する
*/
-- #df:entity#
-- !df:pmb!
-- !!AutoDetect!!

select 
IFNULL(CONCAT('G',LPAD(MAX(SUBSTR(STAFF_USER_ID,2)) + 1, 5,'0')), 'G00001') AS NEW_STAFF_USER_ID 
from STAFF_USER
2023-09-03 17:00:30,186 [main] INFO  (DfOutsideSqlAnalyzer#traceResult():336) -  -> success=1 failure=0
2023-09-03 17:00:30,186 [main] INFO  (DfSqlFileFireMan#fire():93) - Fired SQL: success=2, failure=0 (in 2 files)
2023-09-03 17:00:30,214 [main] INFO  (DfSql2EntityTask#initControlContext():311) - 
2023-09-03 17:00:30,214 [main] INFO  (DfSql2EntityTask#initControlContext():312) - ...Preparing generation of customize-entities and parameter-beans
2023-09-03 17:00:30,214 [main] INFO  (DfSql2EntityTask#initControlContext():313) - * * * * * * * * * *
2023-09-03 17:00:30,214 [main] INFO  (DfSql2EntityTask#initControlContext():314) - * CustomizeEntity *
2023-09-03 17:00:30,215 [main] INFO  (DfSql2EntityTask#initControlContext():315) - * * * * * * * * * *
2023-09-03 17:00:30,230 [main] INFO  (DfSql2EntityTask#showCustomizeEntity():927) - 
NewGeneralUserId
  NEW_GENERAL_USER_ID VARCHAR(6)

NewStaffUserId
  NEW_STAFF_USER_ID VARCHAR(6)
2023-09-03 17:00:30,230 [main] INFO  (DfSql2EntityTask#showParameterBean():932) - * * * * * * * * *
2023-09-03 17:00:30,230 [main] INFO  (DfSql2EntityTask#showParameterBean():933) - * ParameterBean *
2023-09-03 17:00:30,234 [main] INFO  (DfSql2EntityTask#showParameterBean():934) - * * * * * * * * *
2023-09-03 17:00:30,235 [main] INFO  (DfSql2EntityTask#showParameterBean():976) - 
NewGeneralUserIdPmb (typed to list, entity)

NewStaffUserIdPmb (typed to list, entity)
2023-09-03 17:00:30,239 [main] INFO  (DfAbstractTexenTask#fireVelocityProcess():253) - generator.parse("om/ControlSql2EntityJava.vm", ctx);
2023-09-03 17:00:30,246 [main] INFO  (DfFlutistLog4JLogSystem#init():45) - ...Suppressing velocity.log, which is unneeded for also debug
2023-09-03 17:00:30,384 [main] INFO  (DfClsDeploymentInitializer#initializeClassificationDeployment():67) - ...Initializing ClassificationDeployment: project=jlibrary
2023-09-03 17:00:30,384 [main] INFO  (DfClsDeploymentInitializer#initializeClassificationDeployment():67) - ...Initializing ClassificationDeployment: project=jlibrary
2023-09-03 17:00:30,389 [main] INFO  (Database#doEnableSql2EntityOutputDirectory():1225) - ...Setting up sql2EntityOutputDirectory: ../src/main/java
2023-09-03 17:00:30,391 [main] INFO  (DfOldClassHandler#info():1045) - public void deleteOldCustomizeClass() {
2023-09-03 17:00:30,400 [main] INFO  (DfOldClassHandler#info():1045) - }
2023-09-03 17:00:30,401 [main] INFO  (Database#info():2852) - public void parseCustomizeEntity() {
2023-09-03 17:00:30,478 [main] INFO  (Database#info():2852) -     parse('NewGeneralUserId')
2023-09-03 17:00:30,519 [main] INFO  (Database#info():2852) -     parse('NewStaffUserId')
2023-09-03 17:00:30,520 [main] INFO  (Database#info():2852) - }
2023-09-03 17:00:30,521 [main] INFO  (Database#info():2852) - public void parseParameterBean() {
2023-09-03 17:00:30,530 [main] INFO  (Database#info():2852) -     parse('NewGeneralUserIdPmb');
2023-09-03 17:00:30,585 [main] INFO  (Database#info():2852) -     parse('NewStaffUserIdPmb');
2023-09-03 17:00:30,603 [main] INFO  (Database#info():2852) - }
2023-09-03 17:00:30,652 [main] INFO  (DfSql2EntityTask#showTargetSqlFileInformation():303) - 
/- - - - - - - - - - - - - - - - - - - - - - - -
Target SQL files: 2

  GeneralUserBhv_selectNewGeneralUserId.sql
  StaffUserBhv_selectNewStaffUserId.sql
- - - - - - - - - -/
2023-09-03 17:00:30,673 [main] INFO  (DfRefreshResourceProcess#show():295) - /===========================================================================
2023-09-03 17:00:30,673 [main] INFO  (DfRefreshResourceProcess#show():295) - ...Refreshing [jlibrary] by http://localhost:8386/
2023-09-03 17:00:30,676 [main] INFO  (DfRefreshResourceProcess#show():295) - ...Retrying refreshing by default secondary URL http://localhost:8387/
2023-09-03 17:00:30,677 [main] INFO  (DfRefreshResourceProcess#show():295) - Failed to refresh the resources (continued): url=http://localhost:8386/, cause=ConnectException(Connection refused)
2023-09-03 17:00:30,677 [main] INFO  (DfRefreshResourceProcess#show():295) - ==========/
2023-09-03 17:00:30,677 [main] INFO  (DfDataSourceHandler#destroy():120) - ...closeReally()
2023-09-03 17:00:30,689 [main] INFO  (DfDBFluteTaskUtil#logFinalMessage():139) - 
_/_/_/_/_/_/_/_/_/_/_/_/_/_/_/_/_/_/_/_/_/_/
[Final Message]: 00m00s886ms

  DBFLUTE_CLIENT: {jlibrary}
    database  = mysql (MySQL 5.5.5-10.4.28-MariaDB)
    language  = java
    container = spring
    package   = jp.co.jwebgate.jlibrary.dbflute

  DBFLUTE_ENVIRONMENT_TYPE: {}
    driver = com.mysql.jdbc.Driver
    url    = jdbc:mysql://localhost:3306/jlibrary
    schema = {jlibrary.$$NoNameSchema$$ as main}
    user   = root
    props  = {}
    additionalSchema = 
    repsEnvType      = ut
    refreshProject   = $$AutoDetect$$
_/_/_/_/_/_/_/_/_/_/ {Sql2Entity}
2023-09-03 18:53:53,903 [main] INFO  (DfReplaceSchemaTask#begin():94) - +------------------------------------------+
2023-09-03 18:53:53,906 [main] INFO  (DfReplaceSchemaTask#begin():95) - |                                          |
2023-09-03 18:53:53,907 [main] INFO  (DfReplaceSchemaTask#begin():96) - |              ReplaceSchema               |
2023-09-03 18:53:53,918 [main] INFO  (DfReplaceSchemaTask#begin():104) - |                                          |
2023-09-03 18:53:53,919 [main] INFO  (DfReplaceSchemaTask#begin():105) - +------------------------------------------+
2023-09-03 18:53:53,921 [main] INFO  (DfReplaceSchemaTask#waitBeforeReps():423) - ...Waiting for your GO SIGN from stdin before ReplaceSchema:
2023-09-03 18:53:55,368 [main] INFO  (DfDataSourceHandler#prepare():78) - ...Preparing data source:
2023-09-03 18:53:55,368 [main] INFO  (DfDataSourceHandler#prepare():79) -   driver = com.mysql.jdbc.Driver
2023-09-03 18:53:55,369 [main] INFO  (DfDataSourceHandler#prepare():80) -   url    = jdbc:mysql://localhost:3306/jlibrary
2023-09-03 18:53:55,369 [main] INFO  (DfDataSourceHandler#prepare():81) -   user   = root
2023-09-03 18:53:55,382 [main] INFO  (DfDataSourceHandler#createConnection():166) - ...Connecting to database by data source:
2023-09-03 18:53:55,757 [main] INFO  (DfDataSourceHandler#setupConnectionMetaInfo():233) -   product = MySQL 5.5.5-10.4.28-MariaDB
2023-09-03 18:53:55,758 [main] INFO  (DfDataSourceHandler#setupConnectionMetaInfo():234) -   driver  = MySQL Connector Java mysql-connector-java-5.1.49 ( Revision: ad86f36e100e104cd926c6b81c8cab9565750116 ) for JDBC 4.0
2023-09-03 18:53:55,777 [main] INFO  (DfCreateSchemaProcess#initializeSchemaMainDrop():253) - 
2023-09-03 18:53:55,778 [main] INFO  (DfCreateSchemaProcess#initializeSchemaMainDrop():254) - * * * * * * * * * * *
2023-09-03 18:53:55,778 [main] INFO  (DfCreateSchemaProcess#initializeSchemaMainDrop():255) - *                   *
2023-09-03 18:53:55,779 [main] INFO  (DfCreateSchemaProcess#initializeSchemaMainDrop():256) - * Initialize Schema *
2023-09-03 18:53:55,779 [main] INFO  (DfCreateSchemaProcess#initializeSchemaMainDrop():257) - *                   *
2023-09-03 18:53:55,780 [main] INFO  (DfCreateSchemaProcess#initializeSchemaMainDrop():258) - * * * * * * * * * * *
2023-09-03 18:53:55,797 [main] INFO  (DfTableExtractor#doGetTableList():66) - ...Getting tables:
2023-09-03 18:53:55,798 [main] INFO  (DfTableExtractor#doGetTableList():67) -   schema = {jlibrary.$$NoNameSchema$$ as main}
2023-09-03 18:53:55,798 [main] INFO  (DfTableExtractor#doGetTableList():68) -   types  = [TABLE, VIEW]
2023-09-03 18:53:55,855 [main] INFO  (DfSchemaInitializerJdbc#logReplaceSql():614) - truncate table BOOK
2023-09-03 18:53:55,891 [main] INFO  (DfSchemaInitializerJdbc#logReplaceSql():614) - truncate table USER_ROLE_MAP
2023-09-03 18:53:55,909 [main] INFO  (DfSchemaInitializerJdbc#logReplaceSql():614) - alter table BOOK drop foreign key book_ibfk_1
2023-09-03 18:53:55,931 [main] INFO  (DfSchemaInitializerJdbc#logReplaceSql():614) - alter table USER_ROLE_MAP drop foreign key user_role_map_ibfk_2
2023-09-03 18:53:55,943 [main] INFO  (DfSchemaInitializerJdbc#logReplaceSql():614) - alter table USER_ROLE_MAP drop foreign key user_role_map_ibfk_3
2023-09-03 18:53:55,957 [main] INFO  (DfSchemaInitializerJdbc#logReplaceSql():614) - alter table USER_ROLE_MAP drop foreign key user_role_map_ibfk_1
2023-09-03 18:53:55,970 [main] INFO  (DfSchemaInitializerJdbc#logReplaceSql():614) - drop table BOOK
2023-09-03 18:53:55,974 [main] INFO  (DfSchemaInitializerJdbc#logReplaceSql():614) - drop table GENERAL_USER
2023-09-03 18:53:55,980 [main] INFO  (DfSchemaInitializerJdbc#logReplaceSql():614) - drop table GENRE
2023-09-03 18:53:55,988 [main] INFO  (DfSchemaInitializerJdbc#logReplaceSql():614) - drop table ROLE
2023-09-03 18:53:55,993 [main] INFO  (DfSchemaInitializerJdbc#logReplaceSql():614) - drop table STAFF_USER
2023-09-03 18:53:55,997 [main] INFO  (DfSchemaInitializerJdbc#logReplaceSql():614) - drop table USER_ROLE_MAP
2023-09-03 18:53:56,038 [main] INFO  (DfCreateSchemaProcess#createSchema():293) - 
2023-09-03 18:53:56,039 [main] INFO  (DfCreateSchemaProcess#createSchema():294) - * * * * * * * * *
2023-09-03 18:53:56,039 [main] INFO  (DfCreateSchemaProcess#createSchema():295) - *               *
2023-09-03 18:53:56,040 [main] INFO  (DfCreateSchemaProcess#createSchema():296) - * Create Schema *
2023-09-03 18:53:56,041 [main] INFO  (DfCreateSchemaProcess#createSchema():297) - *               *
2023-09-03 18:53:56,042 [main] INFO  (DfCreateSchemaProcess#createSchema():298) - * * * * * * * * *
2023-09-03 18:53:56,048 [main] INFO  (DfSqlFileFireMan#fire():68) - ...Firing: replace-schema.sql
2023-09-03 18:53:56,060 [main] INFO  (DfSqlFileRunnerBase#traceSql():168) - 
CREATE TABLE `ROLE` (
  `ID` INT (50) NOT NULL COMMENT 'ID' AUTO_INCREMENT,
  `CD` VARCHAR (255) NOT NULL COMMENT 'コード',
  `NAME` VARCHAR (255) NOT NULL COMMENT '名称',
  `REMARKS` VARCHAR (255) DEFAULT NULL COMMENT '備考',
  `DELETE_FLG` CHAR (1) NOT NULL DEFAULT '0' COMMENT '削除フラグ',
  `VERSION` INT (50) NOT NULL DEFAULT '0' COMMENT 'バージョン',
  `CREATED` DATETIME NOT NULL DEFAULT CURRENT_TIMESTAMP ON UPDATE CURRENT_TIMESTAMP COMMENT '登録日時',
  `MODIFIED` DATETIME NOT NULL DEFAULT CURRENT_TIMESTAMP ON UPDATE CURRENT_TIMESTAMP COMMENT '更新日時',
  `MODIFIED_BY` VARCHAR (255) NOT NULL COMMENT '更新者',
  PRIMARY KEY(ID)
)
COMMENT='権限'
2023-09-03 18:53:56,082 [main] INFO  (DfSqlFileRunnerBase#traceSql():168) - 
CREATE TABLE `GENRE` (
  `ID` INT (50) NOT NULL COMMENT 'ID' AUTO_INCREMENT,
  `GENRE_NAME` VARCHAR (25) NOT NULL COMMENT 'ジャンル名',
  `PARENT_GENRE_ID` INT (50) COMMENT '親ジャンルID',
  `REMARKS` VARCHAR (255) DEFAULT NULL COMMENT '備考',
  `DELETE_FLG` CHAR (1) NOT NULL DEFAULT '0' COMMENT '削除フラグ',
  `VERSION` INT (50) DEFAULT '0' COMMENT 'バージョン',
  `CREATED` DATETIME DEFAULT CURRENT_TIMESTAMP ON UPDATE CURRENT_TIMESTAMP COMMENT '登録日時',
  `MODIFIED` DATETIME DEFAULT CURRENT_TIMESTAMP ON UPDATE CURRENT_TIMESTAMP COMMENT '更新日時',
  `MODIFIED_BY` VARCHAR (255) COMMENT '更新者',
  PRIMARY KEY(ID)
)
COMMENT='ジャンル'
2023-09-03 18:53:56,106 [main] INFO  (DfSqlFileRunnerBase#traceSql():168) - 
CREATE TABLE `STAFF_USER` (
  `ID` INT (50) NOT NULL COMMENT 'ID' AUTO_INCREMENT,
  `STAFF_USER_ID` VARCHAR (10) NOT NULL COMMENT '職員ID',
  `PASSWORD` VARCHAR (255) NOT NULL COMMENT 'パスワード',
  `NAME_KANA` VARCHAR (50) NOT NULL COMMENT '氏名カナ',
  `NAME` VARCHAR (25) COMMENT '氏名',
  `EMAIL` VARCHAR (255) COMMENT 'メールアドレス',
  `REMARKS` VARCHAR (255) DEFAULT NULL COMMENT '備考',
  `DELETE_FLG` CHAR (1) NOT NULL DEFAULT '0' COMMENT '削除フラグ',
  `VERSION` INT (50) DEFAULT '0' COMMENT 'バージョン',
  `CREATED` DATETIME DEFAULT CURRENT_TIMESTAMP ON UPDATE CURRENT_TIMESTAMP COMMENT '登録日時',
  `MODIFIED` DATETIME DEFAULT CURRENT_TIMESTAMP ON UPDATE CURRENT_TIMESTAMP COMMENT '更新日時',
  `MODIFIED_BY` VARCHAR (255) COMMENT '更新者',
  PRIMARY KEY(ID,STAFF_USER_ID),
  UNIQUE KEY(STAFF_USER_ID)
)
COMMENT='職員'
2023-09-03 18:53:56,137 [main] INFO  (DfSqlFileRunnerBase#traceSql():168) - 
CREATE TABLE `GENERAL_USER` (
  `ID` INT (50) NOT NULL COMMENT 'ID' AUTO_INCREMENT,
  `GENERAL_USER_ID` VARCHAR (10) NOT NULL COMMENT '利用者ID',
  `PASSWORD` VARCHAR (255) NOT NULL COMMENT 'パスワード',
  `NAME_KANA` VARCHAR (50) NOT NULL COMMENT 'フリガナ',
  `NAME` VARCHAR (25) COMMENT '氏名',
  `BIRTHDAY` DATE COMMENT '生年月日',
  `PHONE_NUMBER` VARCHAR (11) COMMENT '電話番号',
  `ADDRESS` VARCHAR (100) COMMENT '住所',
  `REMARKS` VARCHAR (255) DEFAULT NULL COMMENT '備考',
  `DELETE_FLG` CHAR (1) NOT NULL DEFAULT '0' COMMENT '削除フラグ',
  `VERSION` INT (50) NOT NULL DEFAULT '0' COMMENT 'バージョン',
  `CREATED` DATETIME DEFAULT CURRENT_TIMESTAMP ON UPDATE CURRENT_TIMESTAMP COMMENT '登録日時',
  `MODIFIED` DATETIME DEFAULT CURRENT_TIMESTAMP ON UPDATE CURRENT_TIMESTAMP COMMENT '更新日時',
  `MODIFIED_BY` VARCHAR (255) COMMENT '更新者',
  PRIMARY KEY(ID,GENERAL_USER_ID),
  UNIQUE KEY(GENERAL_USER_ID)
)
COMMENT='一般利用者'
2023-09-03 18:53:56,162 [main] INFO  (DfSqlFileRunnerBase#traceSql():168) - 
CREATE TABLE `USER_ROLE_MAP` (
  `ID` INT (50) NOT NULL COMMENT 'ID' AUTO_INCREMENT,
  `STAFF_USER_ID` VARCHAR (255) COMMENT '職員ID',
  `GENERAL_USER_ID` VARCHAR (255) COMMENT '利用者ID',
  `ROLE_ID` INT (50) NOT NULL COMMENT '権限ID',
  `REMARKS` VARCHAR (255) DEFAULT NULL COMMENT '備考',
  `DELETE_FLG` CHAR (1) NOT NULL DEFAULT '0' COMMENT '削除フラグ',
  `VERSION` INT (50) DEFAULT '0' COMMENT 'バージョン',
  `CREATED` DATETIME DEFAULT CURRENT_TIMESTAMP ON UPDATE CURRENT_TIMESTAMP COMMENT '登録日時',
  `MODIFIED` DATETIME DEFAULT CURRENT_TIMESTAMP ON UPDATE CURRENT_TIMESTAMP COMMENT '更新日時',
  `MODIFIED_BY` VARCHAR (255) COMMENT '更新者',
  PRIMARY KEY(ID),
  UNIQUE KEY(STAFF_USER_ID,GENERAL_USER_ID,ROLE_ID),
  FOREIGN KEY (STAFF_USER_ID) REFERENCES STAFF_USER(STAFF_USER_ID),
  FOREIGN KEY (GENERAL_USER_ID) REFERENCES GENERAL_USER(GENERAL_USER_ID),
  FOREIGN KEY (ROLE_ID) REFERENCES ROLE(ID)
)
COMMENT='ユーザー権限マップ'
2023-09-03 18:53:56,210 [main] INFO  (DfSqlFileRunnerBase#traceSql():168) - 
CREATE TABLE `BOOK` (
  `ID` INT (50) NOT NULL COMMENT 'ID' AUTO_INCREMENT,
  `TITLE` VARCHAR (255) NOT NULL COMMENT 'タイトル',
  `AUTHOR` VARCHAR (50) NOT NULL COMMENT '著者',
  `ISBN_10` VARCHAR (10) COMMENT 'ISBN-10',
  `ISBN_13` VARCHAR (13) COMMENT 'ISBN-13',
  `PUBLISHER` VARCHAR (25) NOT NULL COMMENT '出版社',
  `GENRE_ID` INT (50) COMMENT 'ジャンルID',
  `SHELF_NUMBER` VARCHAR (3) COMMENT '棚番号',
  `CONTROL_NUMBER` VARCHAR (10) NOT NULL COMMENT '管理番号',
  `REMARKS` VARCHAR (255) DEFAULT NULL COMMENT '備考',
  `DELETE_FLG` CHAR (1) NOT NULL DEFAULT '0' COMMENT '削除フラグ',
  `VERSION` INT (50) DEFAULT '0' COMMENT 'バージョン',
  `CREATED` DATETIME DEFAULT CURRENT_TIMESTAMP ON UPDATE CURRENT_TIMESTAMP COMMENT '登録日時',
  `MODIFIED` DATETIME DEFAULT CURRENT_TIMESTAMP ON UPDATE CURRENT_TIMESTAMP COMMENT '更新日時',
  `MODIFIED_BY` VARCHAR (255) COMMENT '更新者',
  PRIMARY KEY(ID,CONTROL_NUMBER),
  FOREIGN KEY (GENRE_ID) REFERENCES GENRE(ID)
)
COMMENT='図書'
2023-09-03 18:53:56,236 [main] INFO  (DfSqlFileRunnerBase#traceResult():172) -  -> success=6 failure=0
2023-09-03 18:53:56,236 [main] INFO  (DfSqlFileFireMan#fire():93) - Create Schema: success=6, failure=0 (in 1 files)
2023-09-03 18:53:56,309 [main] INFO  (DfLoadDataProcess#execute():133) - 
2023-09-03 18:53:56,310 [main] INFO  (DfLoadDataProcess#execute():134) - * * * * * * * * * * *
2023-09-03 18:53:56,310 [main] INFO  (DfLoadDataProcess#execute():135) - *                   *
2023-09-03 18:53:56,311 [main] INFO  (DfLoadDataProcess#execute():136) - * Load Data         *
2023-09-03 18:53:56,311 [main] INFO  (DfLoadDataProcess#execute():137) - *                   *
2023-09-03 18:53:56,311 [main] INFO  (DfLoadDataProcess#execute():138) - * * * * * * * * * * *
2023-09-03 18:53:56,378 [main] INFO  (DfDelimiterDataWriterImpl#writeData():97) - /= = = = = = = = = = = = = = = = = = = = = = = = = = = = = = = = = 
2023-09-03 18:53:56,379 [main] INFO  (DfDelimiterDataWriterImpl#writeData():98) - writeData(playsql/data/common/csv/UTF-8/ROLE.csv)
2023-09-03 18:53:56,379 [main] INFO  (DfDelimiterDataWriterImpl#writeData():99) - = = = = = = =/
2023-09-03 18:53:56,382 [main] INFO  (DfTableExtractor#doGetTableList():66) - ...Getting tables:
2023-09-03 18:53:56,382 [main] INFO  (DfTableExtractor#doGetTableList():67) -   schema = {jlibrary.$$NoNameSchema$$ as main}
2023-09-03 18:53:56,383 [main] INFO  (DfTableExtractor#doGetTableList():68) -   types  = [TABLE, VIEW]
2023-09-03 18:53:56,438 [main] INFO  (DfAbsractDataWriter#handleLoggingInsert():1090) - ROLE:{1, ROLE_ADMIN, 管理者, null, 0, 0, 2023-08-01 00:00:00, 2023-08-01 00:00:00, PATCH}
2023-09-03 18:53:56,566 [main] INFO  (DfAbsractDataWriter#handleLoggingInsert():1090) - ROLE:{2, ROLE_STAFF, 職員, null, 0, 0, 2023-08-01 00:00:00, 2023-08-01 00:00:00, PATCH}
2023-09-03 18:53:56,573 [main] INFO  (DfAbsractDataWriter#handleLoggingInsert():1090) - ROLE:{3, ROLE_GENERAL, 一般利用者, null, 0, 0, 2023-08-01 00:00:00, 2023-08-01 00:00:00, PATCH}
2023-09-03 18:53:56,615 [main] INFO  (DfAbsractDataWriter#noticeLoadedRowSize():1106) -  -> 3 rows are loaded to ROLE
2023-09-03 18:53:56,625 [main] INFO  (DfLoadDataProcess#lazyCheckLoadedClassifiaction():387) - ...Checking implicit set of classification
2023-09-03 18:53:56,655 [main] INFO  (DfTakeFinallyProcess#takeFinally():244) - 
2023-09-03 18:53:56,655 [main] INFO  (DfTakeFinallyProcess#takeFinally():245) - * * * * * * * **
2023-09-03 18:53:56,656 [main] INFO  (DfTakeFinallyProcess#takeFinally():246) - *              *
2023-09-03 18:53:56,656 [main] INFO  (DfTakeFinallyProcess#takeFinally():247) - * Take Finally *
2023-09-03 18:53:56,656 [main] INFO  (DfTakeFinallyProcess#takeFinally():248) - *              *
2023-09-03 18:53:56,657 [main] INFO  (DfTakeFinallyProcess#takeFinally():249) - * * * * * * * **
2023-09-03 18:53:56,682 [main] INFO  (DfSqlFileFireMan#fire():68) - ...Firing: take-finally.sql
2023-09-03 18:53:56,684 [main] INFO  (DfSqlFileRunnerBase#traceResult():172) -  -> success=0 failure=0
2023-09-03 18:53:56,685 [main] INFO  (DfSqlFileFireMan#fire():93) - Take Finally: success=0, failure=0 (in 1 files)
2023-09-03 18:53:56,688 [main] INFO  (DfDataSourceHandler#destroy():120) - ...closeReally()
2023-09-03 18:53:56,743 [main] INFO  (DfDBFluteTaskUtil#logFinalMessage():139) - 
_/_/_/_/_/_/_/_/_/_/_/_/_/_/_/_/_/_/_/_/_/_/
[Final Message]: 00m02s838ms

  DBFLUTE_CLIENT: {jlibrary}
    database  = mysql (MySQL 5.5.5-10.4.28-MariaDB)
    language  = java
    container = spring
    package   = jp.co.jwebgate.jlibrary.dbflute

  DBFLUTE_ENVIRONMENT_TYPE: {}
    driver = com.mysql.jdbc.Driver
    url    = jdbc:mysql://localhost:3306/jlibrary
    schema = {jlibrary.$$NoNameSchema$$ as main}
    user   = root
    props  = {}
    additionalSchema = 
    repsEnvType      = ut
    refreshProject   = $$AutoDetect$$

 Create Schema: success=6, failure=0 (in 1 files) - 00m00s464ms
  (Initialize Schema) - 00m00s259ms
  (Create Schema) - 00m00s195ms
  o replace-schema.sql

 Load Data: common:{csv=1} - 00m00s338ms
  <common>
  o ROLE.csv

 Take Finally: success=0, failure=0 (in 1 files) - 00m00s032ms
  o take-finally.sql
_/_/_/_/_/_/_/_/_/_/ {ReplaceSchema}
2023-09-03 18:53:58,124 [main] INFO  (TorqueJDBCTransformTask#begin():104) - +------------------------------------------+
2023-09-03 18:53:58,127 [main] INFO  (TorqueJDBCTransformTask#begin():105) - |                                          |
2023-09-03 18:53:58,128 [main] INFO  (TorqueJDBCTransformTask#begin():106) - |                   JDBC                   |
2023-09-03 18:53:58,128 [main] INFO  (TorqueJDBCTransformTask#begin():107) - |                                          |
2023-09-03 18:53:58,128 [main] INFO  (TorqueJDBCTransformTask#begin():108) - +------------------------------------------+
2023-09-03 18:53:58,153 [main] INFO  (DfDataSourceHandler#prepare():78) - ...Preparing data source:
2023-09-03 18:53:58,154 [main] INFO  (DfDataSourceHandler#prepare():79) -   driver = com.mysql.jdbc.Driver
2023-09-03 18:53:58,154 [main] INFO  (DfDataSourceHandler#prepare():80) -   url    = jdbc:mysql://localhost:3306/jlibrary
2023-09-03 18:53:58,155 [main] INFO  (DfDataSourceHandler#prepare():81) -   user   = root
2023-09-03 18:53:58,214 [main] INFO  (DfSchemaXmlSerializer#serialize():305) - 
2023-09-03 18:53:58,214 [main] INFO  (DfSchemaXmlSerializer#serialize():306) - ...Starting to process JDBC to SchemaXML
2023-09-03 18:53:58,215 [main] INFO  (DfSchemaXmlSerializer#doLoadPreviousSchema():1559) - ...Loading previous schema (schema diff process)
2023-09-03 18:53:58,232 [main] INFO  (DTDResolver#resolveEntity():195) - ...Resolving XML by database.dtd in same package
2023-09-03 18:53:58,387 [main] INFO  (DfSchemaXmlSerializer#generateXML():379) - ...Getting DB connection
2023-09-03 18:53:58,394 [main] INFO  (DfDataSourceHandler#createConnection():166) - ...Connecting to database by data source:
2023-09-03 18:53:58,731 [main] INFO  (DfDataSourceHandler#setupConnectionMetaInfo():233) -   product = MySQL 5.5.5-10.4.28-MariaDB
2023-09-03 18:53:58,732 [main] INFO  (DfDataSourceHandler#setupConnectionMetaInfo():234) -   driver  = MySQL Connector Java mysql-connector-java-5.1.49 ( Revision: ad86f36e100e104cd926c6b81c8cab9565750116 ) for JDBC 4.0
2023-09-03 18:53:58,734 [main] INFO  (DfSchemaXmlSerializer#generateXML():382) - ...Getting DB meta data
2023-09-03 18:53:58,736 [main] INFO  (DfTableExtractor#doGetTableList():66) - ...Getting tables:
2023-09-03 18:53:58,737 [main] INFO  (DfTableExtractor#doGetTableList():67) -   schema = {jlibrary.$$NoNameSchema$$ as main}
2023-09-03 18:53:58,737 [main] INFO  (DfTableExtractor#doGetTableList():68) -   types  = [TABLE, VIEW]
2023-09-03 18:53:58,787 [main] INFO  (DfDbCommentExtractorBase#doSelectUserTabComments():121) - select table_type as OBJECT_TYPE, table_name as TABLE_NAME, table_comment as COMMENTS from information_schema.tables where table_schema = 'jlibrary' order by table_name asc
2023-09-03 18:53:58,796 [main] INFO  (DfDbCommentExtractorBase#doSelectUserColComments():168) - select table_name as TABLE_NAME, column_name as COLUMN_NAME, column_comment as COMMENTS from information_schema.columns where table_schema = 'jlibrary' order by table_name asc, column_name asc
2023-09-03 18:53:58,812 [main] INFO  (DfDatetimePrecisionExtractorMySQL#extractDatetimePrecisionMap():59) - select TABLE_NAME, COLUMN_NAME, DATETIME_PRECISION from INFORMATION_SCHEMA.COLUMNS where TABLE_SCHEMA = 'jlibrary' and DATA_TYPE = 'datetime'
2023-09-03 18:53:58,831 [main] INFO  (DfSchemaXmlSerializer#processTable():438) - 
2023-09-03 18:53:58,832 [main] INFO  (DfSchemaXmlSerializer#processTable():439) - $ /= = = = = = = = = = = = = = = = = = = = = = = = = =
2023-09-03 18:53:58,832 [main] INFO  (DfSchemaXmlSerializer#processTable():440) - $ [Table List]
2023-09-03 18:53:58,833 [main] INFO  (DfSchemaXmlSerializer#doProcessTable():520) - $ jlibrary.BOOK(TABLE) // 図書
2023-09-03 18:53:58,922 [main] INFO  (DfSchemaXmlSerializer#doProcessTable():520) - $ jlibrary.GENERAL_USER(TABLE) // 一般利用者
2023-09-03 18:53:59,034 [main] INFO  (DfSchemaXmlSerializer#doProcessTable():520) - $ jlibrary.GENRE(TABLE) // ジャンル
2023-09-03 18:53:59,056 [main] INFO  (DfSchemaXmlSerializer#doProcessTable():520) - $ jlibrary.ROLE(TABLE) // 権限
2023-09-03 18:53:59,083 [main] INFO  (DfSchemaXmlSerializer#doProcessTable():520) - $ jlibrary.STAFF_USER(TABLE) // 職員
2023-09-03 18:53:59,113 [main] INFO  (DfSchemaXmlSerializer#doProcessTable():520) - $ jlibrary.USER_ROLE_MAP(TABLE) // ユーザー権限マップ
2023-09-03 18:53:59,154 [main] INFO  (DfSchemaXmlSerializer#processTable():452) - $ 
2023-09-03 18:53:59,154 [main] INFO  (DfSchemaXmlSerializer#processTable():453) - $ [Table Count]
2023-09-03 18:53:59,154 [main] INFO  (DfSchemaXmlSerializer#processTable():454) - $ 6
2023-09-03 18:53:59,155 [main] INFO  (DfSchemaXmlSerializer#processTable():455) - $ = = = = = = = = = =/
2023-09-03 18:53:59,155 [main] INFO  (DfSchemaXmlSerializer#processTable():456) - 
2023-09-03 18:53:59,157 [main] INFO  (DfSchemaXmlSerializer#processSequence():823) - ...Getting sequences
2023-09-03 18:53:59,164 [main] INFO  (DfSchemaXmlSerializer#serialize():320) - ...Serializing XML:
2023-09-03 18:53:59,164 [main] INFO  (DfSchemaXmlSerializer#serialize():321) -   filePath = ./schema/project-schema-jlibrary.xml
2023-09-03 18:53:59,165 [main] INFO  (DfSchemaXmlSerializer#serialize():322) -   encoding = UTF-8
2023-09-03 18:53:59,227 [main] INFO  (DfSchemaXmlSerializer#doLoadNextSchema():1570) - ...Loading next schema (schema diff process)
2023-09-03 18:53:59,230 [main] INFO  (DTDResolver#resolveEntity():195) - ...Resolving XML by database.dtd in same package
2023-09-03 18:53:59,418 [main] INFO  (DfSchemaXmlSerializer#doLoadNextSchema():1585) -  -> same as previous (schema diff)
2023-09-03 18:53:59,418 [main] INFO  (DfDataSourceHandler#destroy():120) - ...closeReally()
2023-09-03 18:53:59,434 [main] INFO  (DfDBFluteTaskUtil#logFinalMessage():139) - 
_/_/_/_/_/_/_/_/_/_/_/_/_/_/_/_/_/_/_/_/_/_/
[Final Message]: 00m01s338ms

  DBFLUTE_CLIENT: {jlibrary}
    database  = mysql (MySQL 5.5.5-10.4.28-MariaDB)
    language  = java
    container = spring
    package   = jp.co.jwebgate.jlibrary.dbflute

  DBFLUTE_ENVIRONMENT_TYPE: {}
    driver = com.mysql.jdbc.Driver
    url    = jdbc:mysql://localhost:3306/jlibrary
    schema = {jlibrary.$$NoNameSchema$$ as main}
    user   = root
    props  = {}
    additionalSchema = 
    repsEnvType      = ut
    refreshProject   = $$AutoDetect$$
_/_/_/_/_/_/_/_/_/_/ {JDBC}
2023-09-03 18:54:00,892 [main] INFO  (TorqueDocumentationTask#begin():193) - +------------------------------------------+
2023-09-03 18:54:00,895 [main] INFO  (TorqueDocumentationTask#begin():194) - |                                          |
2023-09-03 18:54:00,896 [main] INFO  (TorqueDocumentationTask#begin():195) - |                   Doc                    |
2023-09-03 18:54:00,896 [main] INFO  (TorqueDocumentationTask#begin():203) - |                                          |
2023-09-03 18:54:00,897 [main] INFO  (TorqueDocumentationTask#begin():204) - +------------------------------------------+
2023-09-03 18:54:00,925 [main] INFO  (DfDataSourceHandler#prepare():78) - ...Preparing data source:
2023-09-03 18:54:00,925 [main] INFO  (DfDataSourceHandler#prepare():79) -   driver = com.mysql.jdbc.Driver
2023-09-03 18:54:00,926 [main] INFO  (DfDataSourceHandler#prepare():80) -   url    = jdbc:mysql://localhost:3306/jlibrary
2023-09-03 18:54:00,926 [main] INFO  (DfDataSourceHandler#prepare():81) -   user   = root
2023-09-03 18:54:00,928 [main] INFO  (TorqueDocumentationTask#processSchemaHtml():265) - 
2023-09-03 18:54:00,928 [main] INFO  (TorqueDocumentationTask#processSchemaHtml():266) - * * * * * * * * * * *
2023-09-03 18:54:00,928 [main] INFO  (TorqueDocumentationTask#processSchemaHtml():267) - *                   *
2023-09-03 18:54:00,928 [main] INFO  (TorqueDocumentationTask#processSchemaHtml():268) - *    Schema HTML    *
2023-09-03 18:54:00,928 [main] INFO  (TorqueDocumentationTask#processSchemaHtml():269) - *                   *
2023-09-03 18:54:00,928 [main] INFO  (TorqueDocumentationTask#processSchemaHtml():270) - * * * * * * * * * * *
2023-09-03 18:54:01,015 [main] INFO  (DTDResolver#resolveEntity():195) - ...Resolving XML by database.dtd in same package
2023-09-03 18:54:01,165 [main] INFO  (DfAdditionalPrimaryKeyInitializer#initializeAdditionalPrimaryKey():62) - /=======================================
2023-09-03 18:54:01,166 [main] INFO  (DfAdditionalPrimaryKeyInitializer#initializeAdditionalPrimaryKey():63) - ...Initializing additional primary keys.
2023-09-03 18:54:01,167 [main] INFO  (DfAdditionalPrimaryKeyInitializer#initializeAdditionalPrimaryKey():88) - ==========/
2023-09-03 18:54:01,169 [main] INFO  (DfAdditionalUniqueKeyInitializer#initializeAdditionalUniqueKey():62) - /=======================================
2023-09-03 18:54:01,169 [main] INFO  (DfAdditionalUniqueKeyInitializer#initializeAdditionalUniqueKey():63) - ...Initializing additional unique keys.
2023-09-03 18:54:01,171 [main] INFO  (DfAdditionalUniqueKeyInitializer#initializeAdditionalUniqueKey():83) - ==========/
2023-09-03 18:54:01,173 [main] INFO  (DfAdditionalForeignKeyInitializer#initializeAdditionalForeignKey():68) - /=======================================
2023-09-03 18:54:01,176 [main] INFO  (DfAdditionalForeignKeyInitializer#initializeAdditionalForeignKey():69) - ...Initializing additional foreign keys.
2023-09-03 18:54:01,190 [main] INFO  (DfAdditionalForeignKeyInitializer#initializeAdditionalForeignKey():79) - FK_PARENT_GENRE_ID
2023-09-03 18:54:01,192 [main] INFO  (DfAdditionalForeignKeyInitializer#showResult():349) -   Add foreign key GENRE.[PARENT_GENRE_ID] to GENRE.[ID]
2023-09-03 18:54:01,193 [main] INFO  (DfAdditionalForeignKeyInitializer#initializeAdditionalForeignKey():88) - ==========/
2023-09-03 18:54:01,249 [main] INFO  (DfClsDeploymentInitializer#initializeClassificationDeployment():67) - ...Initializing ClassificationDeployment: project=jlibrary
2023-09-03 18:54:01,410 [main] INFO  (DfAbstractTexenTask#fireVelocityProcess():253) - generator.parse("doc/ControlDocument.vm", ctx);
2023-09-03 18:54:01,435 [main] INFO  (DfFlutistLog4JLogSystem#init():45) - ...Suppressing velocity.log, which is unneeded for also debug
2023-09-03 18:54:01,727 [main] INFO  (Database#doEnableDocumentOutputDirectory():1241) - ...Setting up documentOutputDirectory: ./output/doc
2023-09-03 18:54:01,737 [main] INFO  (DfDocumentSelector#doLoadSchemaHistory():242) - ...Loading schema history
2023-09-03 18:54:01,779 [main] INFO  (DfDocumentSelector#doLoadSchemaHistory():246) -  -> found history: count=3
2023-09-03 18:54:01,852 [main] INFO  (DfSchemaHtmlDataArrangeQuery#getArrangeQueryTableMap():50) -  
2023-09-03 18:54:01,852 [main] INFO  (DfSchemaHtmlDataArrangeQuery#getArrangeQueryTableMap():51) - ...Setting up arrange queries for documents (ArrangeQueryDoc)
2023-09-03 18:54:01,874 [main] INFO  (DfArrangeQueryDocSetupper#doExtractArrangeQuery():106) -  -> no arrange query
2023-09-03 18:54:02,181 [main] INFO  (DfRefreshResourceProcess#show():295) - /===========================================================================
2023-09-03 18:54:02,181 [main] INFO  (DfRefreshResourceProcess#show():295) - ...Refreshing [jlibrary] by http://localhost:8386/
2023-09-03 18:54:02,191 [main] INFO  (DfRefreshResourceProcess#show():295) - ...Retrying refreshing by default secondary URL http://localhost:8387/
2023-09-03 18:54:02,192 [main] INFO  (DfRefreshResourceProcess#show():295) - Failed to refresh the resources (continued): url=http://localhost:8386/, cause=ConnectException(Connection refused)
2023-09-03 18:54:02,192 [main] INFO  (DfRefreshResourceProcess#show():295) - ==========/
2023-09-03 18:54:02,196 [main] INFO  (DfDBFluteTaskUtil#logFinalMessage():139) - 
_/_/_/_/_/_/_/_/_/_/_/_/_/_/_/_/_/_/_/_/_/_/
[Final Message]: 00m01s322ms

  DBFLUTE_CLIENT: {jlibrary}
    database  = mysql
    language  = java
    container = spring
    package   = jp.co.jwebgate.jlibrary.dbflute

  DBFLUTE_ENVIRONMENT_TYPE: {}
    driver = com.mysql.jdbc.Driver
    url    = jdbc:mysql://localhost:3306/jlibrary
    schema = {jlibrary.$$NoNameSchema$$ as main}
    user   = root
    props  = {}
    additionalSchema = 
    repsEnvType      = ut
    refreshProject   = $$AutoDetect$$
_/_/_/_/_/_/_/_/_/_/ {Doc}
2023-09-03 18:54:04,671 [main] INFO  (TorqueDataModelTask#begin():110) - +------------------------------------------+
2023-09-03 18:54:04,672 [main] INFO  (TorqueDataModelTask#begin():111) - |                                          |
2023-09-03 18:54:04,672 [main] INFO  (TorqueDataModelTask#begin():112) - |                 Generate                 |
2023-09-03 18:54:04,672 [main] INFO  (TorqueDataModelTask#begin():113) - |                                          |
2023-09-03 18:54:04,673 [main] INFO  (TorqueDataModelTask#begin():114) - +------------------------------------------+
2023-09-03 18:54:04,700 [main] INFO  (DfDataSourceHandler#prepare():78) - ...Preparing data source:
2023-09-03 18:54:04,701 [main] INFO  (DfDataSourceHandler#prepare():79) -   driver = com.mysql.jdbc.Driver
2023-09-03 18:54:04,701 [main] INFO  (DfDataSourceHandler#prepare():80) -   url    = jdbc:mysql://localhost:3306/jlibrary
2023-09-03 18:54:04,701 [main] INFO  (DfDataSourceHandler#prepare():81) -   user   = root
2023-09-03 18:54:04,719 [main] INFO  (TorqueDataModelTask#setupControlTemplate():166) - 
2023-09-03 18:54:04,719 [main] INFO  (TorqueDataModelTask#setupControlTemplate():167) - ...Using Java control: om/ControlGenerateJava.vm
2023-09-03 18:54:04,751 [main] INFO  (DTDResolver#resolveEntity():195) - ...Resolving XML by database.dtd in same package
2023-09-03 18:54:04,807 [main] INFO  (DfAbstractTexenTask#fireVelocityProcess():253) - generator.parse("om/ControlGenerateJava.vm", ctx);
2023-09-03 18:54:04,817 [main] INFO  (DfFlutistLog4JLogSystem#init():45) - ...Suppressing velocity.log, which is unneeded for also debug
2023-09-03 18:54:04,994 [main] INFO  (Database#doEnableGenerateOutputDirectory():1209) - ...Setting up generateOutputDirectory: ../src/main/java
2023-09-03 18:54:04,998 [main] INFO  (DfAdditionalPrimaryKeyInitializer#initializeAdditionalPrimaryKey():62) - /=======================================
2023-09-03 18:54:04,998 [main] INFO  (DfAdditionalPrimaryKeyInitializer#initializeAdditionalPrimaryKey():63) - ...Initializing additional primary keys.
2023-09-03 18:54:04,999 [main] INFO  (DfAdditionalPrimaryKeyInitializer#initializeAdditionalPrimaryKey():88) - ==========/
2023-09-03 18:54:05,000 [main] INFO  (DfAdditionalUniqueKeyInitializer#initializeAdditionalUniqueKey():62) - /=======================================
2023-09-03 18:54:05,001 [main] INFO  (DfAdditionalUniqueKeyInitializer#initializeAdditionalUniqueKey():63) - ...Initializing additional unique keys.
2023-09-03 18:54:05,002 [main] INFO  (DfAdditionalUniqueKeyInitializer#initializeAdditionalUniqueKey():83) - ==========/
2023-09-03 18:54:05,003 [main] INFO  (DfAdditionalForeignKeyInitializer#initializeAdditionalForeignKey():68) - /=======================================
2023-09-03 18:54:05,004 [main] INFO  (DfAdditionalForeignKeyInitializer#initializeAdditionalForeignKey():69) - ...Initializing additional foreign keys.
2023-09-03 18:54:05,005 [main] INFO  (DfAdditionalForeignKeyInitializer#initializeAdditionalForeignKey():79) - FK_PARENT_GENRE_ID
2023-09-03 18:54:05,007 [main] INFO  (DfAdditionalForeignKeyInitializer#showResult():349) -   Add foreign key GENRE.[PARENT_GENRE_ID] to GENRE.[ID]
2023-09-03 18:54:05,007 [main] INFO  (DfAdditionalForeignKeyInitializer#initializeAdditionalForeignKey():88) - ==========/
2023-09-03 18:54:05,017 [main] INFO  (DfClsDeploymentInitializer#initializeClassificationDeployment():67) - ...Initializing ClassificationDeployment: project=jlibrary
2023-09-03 18:54:05,023 [main] INFO  (DfIncludeQueryInitializer#initializeIncludeQuery():58) - /=============================
2023-09-03 18:54:05,023 [main] INFO  (DfIncludeQueryInitializer#initializeIncludeQuery():59) - ...Initializing include query.
2023-09-03 18:54:05,024 [main] INFO  (DfIncludeQueryInitializer#checkQueryMap():81) - String
2023-09-03 18:54:05,024 [main] INFO  (DfIncludeQueryInitializer#checkQueryMap():81) - Number
2023-09-03 18:54:05,024 [main] INFO  (DfIncludeQueryInitializer#checkQueryMap():81) - Date
2023-09-03 18:54:05,024 [main] INFO  (DfIncludeQueryInitializer#checkQueryMap():86) -   NotEqual -> []
2023-09-03 18:54:05,025 [main] INFO  (DfIncludeQueryInitializer#checkQueryMap():86) -   InScope -> []
2023-09-03 18:54:05,025 [main] INFO  (DfIncludeQueryInitializer#checkQueryMap():86) -   NotInScope -> []
2023-09-03 18:54:05,025 [main] INFO  (DfIncludeQueryInitializer#checkQueryMap():81) - OrderBy
2023-09-03 18:54:05,026 [main] INFO  (DfIncludeQueryInitializer#initializeIncludeQuery():61) - ========/
2023-09-03 18:54:05,043 [main] INFO  (Database#info():2852) - public void parseAllCommon() {
2023-09-03 18:54:05,045 [main] INFO  (Database#info():2852) -     parse('DBCurrent');
2023-09-03 18:54:05,053 [main] INFO  (Database#info():2852) -     parse('DBFluteConfig');
2023-09-03 18:54:05,077 [main] INFO  (Database#info():2852) -     parse('DBFluteInitializer');
2023-09-03 18:54:05,086 [main] INFO  (Database#info():2852) -     parse('DBMetaInstanceHandler');
2023-09-03 18:54:05,104 [main] INFO  (Database#info():2852) -     parse('EntityDefinedCommonColumn');
2023-09-03 18:54:05,122 [main] INFO  (Database#info():2852) -     parse('ImplementedBehaviorSelector');
2023-09-03 18:54:05,137 [main] INFO  (Database#info():2852) -     parse('ImplementedCommonColumnAutoSetupper');
2023-09-03 18:54:05,150 [main] INFO  (Database#info():2852) -     parse('ImplementedInvokerAssistant');
2023-09-03 18:54:05,158 [main] INFO  (Database#info():2852) -     parse('ImplementedSqlClauseCreator');
2023-09-03 18:54:05,162 [main] INFO  (Database#info():2852) - }
2023-09-03 18:54:05,163 [main] INFO  (Database#info():2852) - public void parseContainerConfig() {
2023-09-03 18:54:05,164 [main] INFO  (Database#info():2852) -     parse('jp/co/jwebgate/jlibrary/dbflute/allcommon/DBFluteBeansJavaConfig.java')
2023-09-03 18:54:05,178 [main] INFO  (Database#info():2852) - }
2023-09-03 18:54:05,183 [main] INFO  (DfOldClassHandler#info():1045) - public void deleteOldTableClass() {
2023-09-03 18:54:05,212 [main] INFO  (DfOldClassHandler#info():1045) - }
2023-09-03 18:54:05,212 [main] INFO  (Database#info():2852) - public void parseTableClass() {
2023-09-03 18:54:05,213 [main] INFO  (Database#info():2852) -     parse('BOOK');
2023-09-03 18:54:05,650 [main] INFO  (Database#info():2852) -     parse('GENERAL_USER');
2023-09-03 18:54:05,872 [main] INFO  (Database#info():2852) -     parse('GENRE');
2023-09-03 18:54:06,258 [main] INFO  (Database#info():2852) -     parse('ROLE');
2023-09-03 18:54:06,608 [main] INFO  (Database#info():2852) -     parse('STAFF_USER');
2023-09-03 18:54:06,768 [main] INFO  (Database#info():2852) -     parse('USER_ROLE_MAP');
2023-09-03 18:54:06,943 [main] INFO  (Database#info():2852) - }
2023-09-03 18:54:06,944 [main] INFO  (Database#info():2852) -  
2023-09-03 18:54:06,994 [main] INFO  (DfRefreshResourceProcess#show():295) - /===========================================================================
2023-09-03 18:54:06,994 [main] INFO  (DfRefreshResourceProcess#show():295) - ...Refreshing [jlibrary] by http://localhost:8386/
2023-09-03 18:54:06,996 [main] INFO  (DfRefreshResourceProcess#show():295) - ...Retrying refreshing by default secondary URL http://localhost:8387/
2023-09-03 18:54:06,997 [main] INFO  (DfRefreshResourceProcess#show():295) - Failed to refresh the resources (continued): url=http://localhost:8386/, cause=ConnectException(Connection refused)
2023-09-03 18:54:06,997 [main] INFO  (DfRefreshResourceProcess#show():295) - ==========/
2023-09-03 18:54:07,001 [main] INFO  (DfDBFluteTaskUtil#logFinalMessage():139) - 
_/_/_/_/_/_/_/_/_/_/_/_/_/_/_/_/_/_/_/_/_/_/
[Final Message]: 00m02s341ms

  DBFLUTE_CLIENT: {jlibrary}
    database  = mysql
    language  = java
    container = spring
    package   = jp.co.jwebgate.jlibrary.dbflute

  DBFLUTE_ENVIRONMENT_TYPE: {}
    driver = com.mysql.jdbc.Driver
    url    = jdbc:mysql://localhost:3306/jlibrary
    schema = {jlibrary.$$NoNameSchema$$ as main}
    user   = root
    props  = {}
    additionalSchema = 
    repsEnvType      = ut
    refreshProject   = $$AutoDetect$$
_/_/_/_/_/_/_/_/_/_/ {Generate}
2023-09-03 18:54:07,770 [main] INFO  (DfOutsideSqlTestTask#begin():77) - +------------------------------------------+
2023-09-03 18:54:07,771 [main] INFO  (DfOutsideSqlTestTask#begin():78) - |                                          |
2023-09-03 18:54:07,772 [main] INFO  (DfOutsideSqlTestTask#begin():79) - |              OutsideSqlTest              |
2023-09-03 18:54:07,772 [main] INFO  (DfOutsideSqlTestTask#begin():80) - |                                          |
2023-09-03 18:54:07,772 [main] INFO  (DfOutsideSqlTestTask#begin():81) - +------------------------------------------+
2023-09-03 18:54:07,796 [main] INFO  (DfDataSourceHandler#prepare():78) - ...Preparing data source:
2023-09-03 18:54:07,797 [main] INFO  (DfDataSourceHandler#prepare():79) -   driver = com.mysql.jdbc.Driver
2023-09-03 18:54:07,797 [main] INFO  (DfDataSourceHandler#prepare():80) -   url    = jdbc:mysql://localhost:3306/jlibrary
2023-09-03 18:54:07,797 [main] INFO  (DfDataSourceHandler#prepare():81) -   user   = root
2023-09-03 18:54:07,830 [main] INFO  (DfSqlFileFireMan#fire():68) - ...Firing: GeneralUserBhv_selectNewGeneralUserId.sql
2023-09-03 18:54:07,839 [main] INFO  (DfDataSourceHandler#createConnection():166) - ...Connecting to database by data source:
2023-09-03 18:54:08,073 [main] INFO  (DfDataSourceHandler#setupConnectionMetaInfo():233) -   product = MySQL 5.5.5-10.4.28-MariaDB
2023-09-03 18:54:08,073 [main] INFO  (DfDataSourceHandler#setupConnectionMetaInfo():234) -   driver  = MySQL Connector Java mysql-connector-java-5.1.49 ( Revision: ad86f36e100e104cd926c6b81c8cab9565750116 ) for JDBC 4.0
2023-09-03 18:54:08,095 [main] INFO  (DfOutsideSqlTestTask$1#traceSql():194) - SQL:
/*
[df:title]
追加できる最小の一般利用者IDを取得する

[df:description]
追加できる最小の一般利用者IDを取得する
*/
-- #df:entity#
-- !df:pmb!
-- !!AutoDetect!!

select 
IFNULL(CONCAT('G',LPAD(MAX(SUBSTR(GENERAL_USER_ID,2)) + 1, 5,'0')), 'G00001') AS NEW_GENERAL_USER_ID 
from GENERAL_USER
2023-09-03 18:54:08,101 [main] INFO  (DfOutsideSqlTestTask$1#traceResult():199) -  -> success=1 failure=0

2023-09-03 18:54:08,102 [main] INFO  (DfSqlFileFireMan#fire():68) - ...Firing: StaffUserBhv_selectNewStaffUserId.sql
2023-09-03 18:54:08,103 [main] INFO  (DfOutsideSqlTestTask$1#traceSql():194) - SQL:
/*
[df:title]
追加できる最小の職員IDを取得する

[df:description]
追加できる最小の職員IDを取得する
*/
-- #df:entity#
-- !df:pmb!
-- !!AutoDetect!!

select 
IFNULL(CONCAT('S',LPAD(MAX(SUBSTR(STAFF_USER_ID,2)) + 1, 5,'0')), 'S00001') AS NEW_STAFF_USER_ID 
from STAFF_USER
2023-09-03 18:54:08,106 [main] INFO  (DfOutsideSqlTestTask$1#traceResult():199) -  -> success=1 failure=0

2023-09-03 18:54:08,107 [main] INFO  (DfSqlFileFireMan#fire():93) - Fired SQL: success=2, failure=0 (in 2 files)
2023-09-03 18:54:08,108 [main] INFO  (DfDataSourceHandler#destroy():120) - ...closeReally()
2023-09-03 18:54:08,119 [main] INFO  (DfDBFluteTaskUtil#logFinalMessage():139) - 
_/_/_/_/_/_/_/_/_/_/_/_/_/_/_/_/_/_/_/_/_/_/
[Final Message]: 00m00s359ms

  DBFLUTE_CLIENT: {jlibrary}
    database  = mysql (MySQL 5.5.5-10.4.28-MariaDB)
    language  = java
    container = spring
    package   = jp.co.jwebgate.jlibrary.dbflute

  DBFLUTE_ENVIRONMENT_TYPE: {}
    driver = com.mysql.jdbc.Driver
    url    = jdbc:mysql://localhost:3306/jlibrary
    schema = {jlibrary.$$NoNameSchema$$ as main}
    user   = root
    props  = {}
    additionalSchema = 
    repsEnvType      = ut
    refreshProject   = $$AutoDetect$$

 {Checked SQL}
  o GeneralUserBhv_selectNewGeneralUserId.sql
  o StaffUserBhv_selectNewStaffUserId.sql

   o: OK (2)
_/_/_/_/_/_/_/_/_/_/ {OutsideSqlTest}
2023-09-03 18:54:08,870 [main] INFO  (DfSql2EntityTask#begin():106) - +------------------------------------------+
2023-09-03 18:54:08,872 [main] INFO  (DfSql2EntityTask#begin():107) - |                                          |
2023-09-03 18:54:08,873 [main] INFO  (DfSql2EntityTask#begin():108) - |                Sql2Entity                |
2023-09-03 18:54:08,873 [main] INFO  (DfSql2EntityTask#begin():109) - |                                          |
2023-09-03 18:54:08,873 [main] INFO  (DfSql2EntityTask#begin():110) - +------------------------------------------+
2023-09-03 18:54:08,896 [main] INFO  (DfDataSourceHandler#prepare():78) - ...Preparing data source:
2023-09-03 18:54:08,897 [main] INFO  (DfDataSourceHandler#prepare():79) -   driver = com.mysql.jdbc.Driver
2023-09-03 18:54:08,897 [main] INFO  (DfDataSourceHandler#prepare():80) -   url    = jdbc:mysql://localhost:3306/jlibrary
2023-09-03 18:54:08,897 [main] INFO  (DfDataSourceHandler#prepare():81) -   user   = root
2023-09-03 18:54:08,913 [main] INFO  (DfSql2EntityTask#setupControlTemplate():177) - 
2023-09-03 18:54:08,913 [main] INFO  (DfSql2EntityTask#setupControlTemplate():178) - ...Using Java control: om/ControlSql2EntityJava.vm
2023-09-03 18:54:08,925 [main] INFO  (DTDResolver#resolveEntity():195) - ...Resolving XML by database.dtd in same package
2023-09-03 18:54:09,001 [main] INFO  (DfSqlFileFireMan#fire():68) - ...Firing: GeneralUserBhv_selectNewGeneralUserId.sql
2023-09-03 18:54:09,006 [main] INFO  (DfDataSourceHandler#createConnection():166) - ...Connecting to database by data source:
2023-09-03 18:54:09,199 [main] INFO  (DfDataSourceHandler#setupConnectionMetaInfo():233) -   product = MySQL 5.5.5-10.4.28-MariaDB
2023-09-03 18:54:09,200 [main] INFO  (DfDataSourceHandler#setupConnectionMetaInfo():234) -   driver  = MySQL Connector Java mysql-connector-java-5.1.49 ( Revision: ad86f36e100e104cd926c6b81c8cab9565750116 ) for JDBC 4.0
2023-09-03 18:54:09,202 [main] INFO  (DfOutsideSqlAnalyzer#traceSql():330) - SQL:
/*
[df:title]
追加できる最小の一般利用者IDを取得する

[df:description]
追加できる最小の一般利用者IDを取得する
*/
-- #df:entity#
-- !df:pmb!
-- !!AutoDetect!!

select 
IFNULL(CONCAT('G',LPAD(MAX(SUBSTR(GENERAL_USER_ID,2)) + 1, 5,'0')), 'G00001') AS NEW_GENERAL_USER_ID 
from GENERAL_USER
2023-09-03 18:54:09,237 [main] INFO  (DfOutsideSqlAnalyzer#traceResult():336) -  -> success=1 failure=0
2023-09-03 18:54:09,237 [main] INFO  (DfSqlFileFireMan#fire():68) - ...Firing: StaffUserBhv_selectNewStaffUserId.sql
2023-09-03 18:54:09,238 [main] INFO  (DfOutsideSqlAnalyzer#traceSql():330) - SQL:
/*
[df:title]
追加できる最小の職員IDを取得する

[df:description]
追加できる最小の職員IDを取得する
*/
-- #df:entity#
-- !df:pmb!
-- !!AutoDetect!!

select 
IFNULL(CONCAT('S',LPAD(MAX(SUBSTR(STAFF_USER_ID,2)) + 1, 5,'0')), 'S00001') AS NEW_STAFF_USER_ID 
from STAFF_USER
2023-09-03 18:54:09,244 [main] INFO  (DfOutsideSqlAnalyzer#traceResult():336) -  -> success=1 failure=0
2023-09-03 18:54:09,245 [main] INFO  (DfSqlFileFireMan#fire():93) - Fired SQL: success=2, failure=0 (in 2 files)
2023-09-03 18:54:09,292 [main] INFO  (DfSql2EntityTask#initControlContext():311) - 
2023-09-03 18:54:09,292 [main] INFO  (DfSql2EntityTask#initControlContext():312) - ...Preparing generation of customize-entities and parameter-beans
2023-09-03 18:54:09,292 [main] INFO  (DfSql2EntityTask#initControlContext():313) - * * * * * * * * * *
2023-09-03 18:54:09,293 [main] INFO  (DfSql2EntityTask#initControlContext():314) - * CustomizeEntity *
2023-09-03 18:54:09,293 [main] INFO  (DfSql2EntityTask#initControlContext():315) - * * * * * * * * * *
2023-09-03 18:54:09,311 [main] INFO  (DfSql2EntityTask#showCustomizeEntity():927) - 
NewGeneralUserId
  NEW_GENERAL_USER_ID VARCHAR(6)

NewStaffUserId
  NEW_STAFF_USER_ID VARCHAR(6)
2023-09-03 18:54:09,312 [main] INFO  (DfSql2EntityTask#showParameterBean():932) - * * * * * * * * *
2023-09-03 18:54:09,312 [main] INFO  (DfSql2EntityTask#showParameterBean():933) - * ParameterBean *
2023-09-03 18:54:09,312 [main] INFO  (DfSql2EntityTask#showParameterBean():934) - * * * * * * * * *
2023-09-03 18:54:09,313 [main] INFO  (DfSql2EntityTask#showParameterBean():976) - 
NewGeneralUserIdPmb (typed to list, entity)

NewStaffUserIdPmb (typed to list, entity)
2023-09-03 18:54:09,315 [main] INFO  (DfAbstractTexenTask#fireVelocityProcess():253) - generator.parse("om/ControlSql2EntityJava.vm", ctx);
2023-09-03 18:54:09,322 [main] INFO  (DfFlutistLog4JLogSystem#init():45) - ...Suppressing velocity.log, which is unneeded for also debug
2023-09-03 18:54:09,486 [main] INFO  (DfClsDeploymentInitializer#initializeClassificationDeployment():67) - ...Initializing ClassificationDeployment: project=jlibrary
2023-09-03 18:54:09,486 [main] INFO  (DfClsDeploymentInitializer#initializeClassificationDeployment():67) - ...Initializing ClassificationDeployment: project=jlibrary
2023-09-03 18:54:09,492 [main] INFO  (Database#doEnableSql2EntityOutputDirectory():1225) - ...Setting up sql2EntityOutputDirectory: ../src/main/java
2023-09-03 18:54:09,494 [main] INFO  (DfOldClassHandler#info():1045) - public void deleteOldCustomizeClass() {
2023-09-03 18:54:09,505 [main] INFO  (DfOldClassHandler#info():1045) - }
2023-09-03 18:54:09,506 [main] INFO  (Database#info():2852) - public void parseCustomizeEntity() {
2023-09-03 18:54:09,596 [main] INFO  (Database#info():2852) -     parse('NewGeneralUserId')
2023-09-03 18:54:09,634 [main] INFO  (Database#info():2852) -     parse('NewStaffUserId')
2023-09-03 18:54:09,635 [main] INFO  (Database#info():2852) - }
2023-09-03 18:54:09,637 [main] INFO  (Database#info():2852) - public void parseParameterBean() {
2023-09-03 18:54:09,647 [main] INFO  (Database#info():2852) -     parse('NewGeneralUserIdPmb');
2023-09-03 18:54:09,679 [main] INFO  (Database#info():2852) -     parse('NewStaffUserIdPmb');
2023-09-03 18:54:09,713 [main] INFO  (Database#info():2852) - }
2023-09-03 18:54:09,752 [main] INFO  (DfSql2EntityTask#showTargetSqlFileInformation():303) - 
/- - - - - - - - - - - - - - - - - - - - - - - -
Target SQL files: 2

  GeneralUserBhv_selectNewGeneralUserId.sql
  StaffUserBhv_selectNewStaffUserId.sql
- - - - - - - - - -/
2023-09-03 18:54:09,760 [main] INFO  (DfRefreshResourceProcess#show():295) - /===========================================================================
2023-09-03 18:54:09,761 [main] INFO  (DfRefreshResourceProcess#show():295) - ...Refreshing [jlibrary] by http://localhost:8386/
2023-09-03 18:54:09,763 [main] INFO  (DfRefreshResourceProcess#show():295) - ...Retrying refreshing by default secondary URL http://localhost:8387/
2023-09-03 18:54:09,764 [main] INFO  (DfRefreshResourceProcess#show():295) - Failed to refresh the resources (continued): url=http://localhost:8386/, cause=ConnectException(Connection refused)
2023-09-03 18:54:09,764 [main] INFO  (DfRefreshResourceProcess#show():295) - ==========/
2023-09-03 18:54:09,765 [main] INFO  (DfDataSourceHandler#destroy():120) - ...closeReally()
2023-09-03 18:54:09,773 [main] INFO  (DfDBFluteTaskUtil#logFinalMessage():139) - 
_/_/_/_/_/_/_/_/_/_/_/_/_/_/_/_/_/_/_/_/_/_/
[Final Message]: 00m00s916ms

  DBFLUTE_CLIENT: {jlibrary}
    database  = mysql (MySQL 5.5.5-10.4.28-MariaDB)
    language  = java
    container = spring
    package   = jp.co.jwebgate.jlibrary.dbflute

  DBFLUTE_ENVIRONMENT_TYPE: {}
    driver = com.mysql.jdbc.Driver
    url    = jdbc:mysql://localhost:3306/jlibrary
    schema = {jlibrary.$$NoNameSchema$$ as main}
    user   = root
    props  = {}
    additionalSchema = 
    repsEnvType      = ut
    refreshProject   = $$AutoDetect$$
_/_/_/_/_/_/_/_/_/_/ {Sql2Entity}
2023-09-07 16:25:48,721 [main] INFO  (DfReplaceSchemaTask#begin():94) - +------------------------------------------+
2023-09-07 16:25:48,725 [main] INFO  (DfReplaceSchemaTask#begin():95) - |                                          |
2023-09-07 16:25:48,725 [main] INFO  (DfReplaceSchemaTask#begin():96) - |              ReplaceSchema               |
2023-09-07 16:25:48,737 [main] INFO  (DfReplaceSchemaTask#begin():104) - |                                          |
2023-09-07 16:25:48,737 [main] INFO  (DfReplaceSchemaTask#begin():105) - +------------------------------------------+
2023-09-07 16:25:48,739 [main] INFO  (DfReplaceSchemaTask#waitBeforeReps():423) - ...Waiting for your GO SIGN from stdin before ReplaceSchema:
2023-09-07 16:25:50,595 [main] INFO  (DfDataSourceHandler#prepare():78) - ...Preparing data source:
2023-09-07 16:25:50,596 [main] INFO  (DfDataSourceHandler#prepare():79) -   driver = com.mysql.jdbc.Driver
2023-09-07 16:25:50,596 [main] INFO  (DfDataSourceHandler#prepare():80) -   url    = jdbc:mysql://localhost:3306/jlibrary
2023-09-07 16:25:50,597 [main] INFO  (DfDataSourceHandler#prepare():81) -   user   = root
2023-09-07 16:25:50,616 [main] INFO  (DfDataSourceHandler#createConnection():166) - ...Connecting to database by data source:
2023-09-07 16:25:51,075 [main] INFO  (DfDataSourceHandler#setupConnectionMetaInfo():233) -   product = MySQL 5.5.5-10.4.28-MariaDB
2023-09-07 16:25:51,076 [main] INFO  (DfDataSourceHandler#setupConnectionMetaInfo():234) -   driver  = MySQL Connector Java mysql-connector-java-5.1.49 ( Revision: ad86f36e100e104cd926c6b81c8cab9565750116 ) for JDBC 4.0
2023-09-07 16:25:51,097 [main] INFO  (DfCreateSchemaProcess#initializeSchemaMainDrop():253) - 
2023-09-07 16:25:51,098 [main] INFO  (DfCreateSchemaProcess#initializeSchemaMainDrop():254) - * * * * * * * * * * *
2023-09-07 16:25:51,098 [main] INFO  (DfCreateSchemaProcess#initializeSchemaMainDrop():255) - *                   *
2023-09-07 16:25:51,099 [main] INFO  (DfCreateSchemaProcess#initializeSchemaMainDrop():256) - * Initialize Schema *
2023-09-07 16:25:51,099 [main] INFO  (DfCreateSchemaProcess#initializeSchemaMainDrop():257) - *                   *
2023-09-07 16:25:51,099 [main] INFO  (DfCreateSchemaProcess#initializeSchemaMainDrop():258) - * * * * * * * * * * *
2023-09-07 16:25:51,134 [main] INFO  (DfTableExtractor#doGetTableList():66) - ...Getting tables:
2023-09-07 16:25:51,135 [main] INFO  (DfTableExtractor#doGetTableList():67) -   schema = {jlibrary.$$NoNameSchema$$ as main}
2023-09-07 16:25:51,136 [main] INFO  (DfTableExtractor#doGetTableList():68) -   types  = [TABLE, VIEW]
2023-09-07 16:25:51,177 [main] INFO  (DfSchemaInitializerJdbc#logReplaceSql():614) - truncate table BOOK
2023-09-07 16:25:51,213 [main] INFO  (DfSchemaInitializerJdbc#logReplaceSql():614) - truncate table USER_ROLE_MAP
2023-09-07 16:25:51,233 [main] INFO  (DfSchemaInitializerJdbc#logReplaceSql():614) - alter table BOOK drop foreign key book_ibfk_1
2023-09-07 16:25:51,257 [main] INFO  (DfSchemaInitializerJdbc#logReplaceSql():614) - alter table USER_ROLE_MAP drop foreign key user_role_map_ibfk_2
2023-09-07 16:25:51,268 [main] INFO  (DfSchemaInitializerJdbc#logReplaceSql():614) - alter table USER_ROLE_MAP drop foreign key user_role_map_ibfk_3
2023-09-07 16:25:51,277 [main] INFO  (DfSchemaInitializerJdbc#logReplaceSql():614) - alter table USER_ROLE_MAP drop foreign key user_role_map_ibfk_1
2023-09-07 16:25:51,287 [main] INFO  (DfSchemaInitializerJdbc#logReplaceSql():614) - drop table BOOK
2023-09-07 16:25:51,295 [main] INFO  (DfSchemaInitializerJdbc#logReplaceSql():614) - drop table GENERAL_USER
2023-09-07 16:25:51,301 [main] INFO  (DfSchemaInitializerJdbc#logReplaceSql():614) - drop table GENRE
2023-09-07 16:25:51,305 [main] INFO  (DfSchemaInitializerJdbc#logReplaceSql():614) - drop table ROLE
2023-09-07 16:25:51,308 [main] INFO  (DfSchemaInitializerJdbc#logReplaceSql():614) - drop table STAFF_USER
2023-09-07 16:25:51,312 [main] INFO  (DfSchemaInitializerJdbc#logReplaceSql():614) - drop table USER_ROLE_MAP
2023-09-07 16:25:51,355 [main] INFO  (DfCreateSchemaProcess#createSchema():293) - 
2023-09-07 16:25:51,356 [main] INFO  (DfCreateSchemaProcess#createSchema():294) - * * * * * * * * *
2023-09-07 16:25:51,356 [main] INFO  (DfCreateSchemaProcess#createSchema():295) - *               *
2023-09-07 16:25:51,356 [main] INFO  (DfCreateSchemaProcess#createSchema():296) - * Create Schema *
2023-09-07 16:25:51,357 [main] INFO  (DfCreateSchemaProcess#createSchema():297) - *               *
2023-09-07 16:25:51,357 [main] INFO  (DfCreateSchemaProcess#createSchema():298) - * * * * * * * * *
2023-09-07 16:25:51,362 [main] INFO  (DfSqlFileFireMan#fire():68) - ...Firing: replace-schema.sql
2023-09-07 16:25:51,370 [main] INFO  (DfSqlFileRunnerBase#traceSql():168) - 
CREATE TABLE `ROLE` (
  `ID` INT (50) NOT NULL COMMENT 'ID' AUTO_INCREMENT,
  `CD` VARCHAR (255) NOT NULL COMMENT 'コード',
  `NAME` VARCHAR (255) NOT NULL COMMENT '名称',
  `REMARKS` VARCHAR (255) DEFAULT NULL COMMENT '備考',
  `DELETE_FLG` CHAR (1) NOT NULL DEFAULT '0' COMMENT '削除フラグ',
  `VERSION` INT (50) DEFAULT '0' COMMENT 'バージョン',
  `CREATED` DATETIME DEFAULT CURRENT_TIMESTAMP ON UPDATE CURRENT_TIMESTAMP COMMENT '登録日時',
  `MODIFIED` DATETIME DEFAULT CURRENT_TIMESTAMP ON UPDATE CURRENT_TIMESTAMP COMMENT '更新日時',
  `MODIFIED_BY` VARCHAR (255) COMMENT '更新者',
  PRIMARY KEY(ID)
)
COMMENT='権限'
2023-09-07 16:25:51,387 [main] INFO  (DfSqlFileRunnerBase#traceSql():168) - 
CREATE TABLE `STAFF_USER` (
  `ID` INT (50) NOT NULL COMMENT 'ID' AUTO_INCREMENT,
  `STAFF_USER_ID` VARCHAR (10) NOT NULL COMMENT '職員ID',
  `PASSWORD` VARCHAR (255) NOT NULL COMMENT 'パスワード',
  `NAME_KANA` VARCHAR (50) NOT NULL COMMENT '氏名カナ',
  `NAME` VARCHAR (25) NOT NULL COMMENT '氏名',
  `EMAIL` VARCHAR (255) NOT NULL COMMENT 'メールアドレス',
  `REMARKS` VARCHAR (255) DEFAULT NULL COMMENT '備考',
  `DELETE_FLG` CHAR (1) NOT NULL DEFAULT '0' COMMENT '削除フラグ',
  `VERSION` INT (50) DEFAULT '0' COMMENT 'バージョン',
  `CREATED` DATETIME DEFAULT CURRENT_TIMESTAMP ON UPDATE CURRENT_TIMESTAMP COMMENT '登録日時',
  `MODIFIED` DATETIME DEFAULT CURRENT_TIMESTAMP ON UPDATE CURRENT_TIMESTAMP COMMENT '更新日時',
  `MODIFIED_BY` VARCHAR (255) COMMENT '更新者',
  PRIMARY KEY(ID,STAFF_USER_ID),
  UNIQUE KEY(STAFF_USER_ID)
)
COMMENT='職員'
2023-09-07 16:25:51,401 [main] INFO  (DfSqlFileRunnerBase#traceSql():168) - 
CREATE TABLE `GENERAL_USER` (
  `ID` INT (50) NOT NULL COMMENT 'ID' AUTO_INCREMENT,
  `GENERAL_USER_ID` VARCHAR (10) NOT NULL COMMENT '利用者ID',
  `PASSWORD` VARCHAR (255) NOT NULL COMMENT 'パスワード',
  `NAME_KANA` VARCHAR (50) NOT NULL COMMENT 'フリガナ',
  `NAME` VARCHAR (25) NOT NULL COMMENT '氏名',
  `BIRTHDAY` DATE NOT NULL COMMENT '生年月日',
  `PHONE_NUMBER` VARCHAR (11) NOT NULL COMMENT '電話番号',
  `ADDRESS` VARCHAR (255) NOT NULL COMMENT '住所',
  `REMARKS` VARCHAR (255) DEFAULT NULL COMMENT '備考',
  `DELETE_FLG` CHAR (1) NOT NULL DEFAULT '0' COMMENT '削除フラグ',
  `VERSION` INT (50) DEFAULT '0' COMMENT 'バージョン',
  `CREATED` DATETIME DEFAULT CURRENT_TIMESTAMP ON UPDATE CURRENT_TIMESTAMP COMMENT '登録日時',
  `MODIFIED` DATETIME DEFAULT CURRENT_TIMESTAMP ON UPDATE CURRENT_TIMESTAMP COMMENT '更新日時',
  `MODIFIED_BY` VARCHAR (255) COMMENT '更新者',
  PRIMARY KEY(ID,GENERAL_USER_ID),
  UNIQUE KEY(GENERAL_USER_ID)
)
COMMENT='一般利用者'
2023-09-07 16:25:51,425 [main] INFO  (DfSqlFileRunnerBase#traceSql():168) - 
CREATE TABLE `GENRE` (
  `ID` INT (50) NOT NULL COMMENT 'ID' AUTO_INCREMENT,
  `GENRE_NAME` VARCHAR (25) COMMENT 'ジャンル名',
  `GENRE_CODE` VARCHAR (3) NOT NULL COMMENT 'ジャンルコード',
  `REMARKS` VARCHAR (255) DEFAULT NULL COMMENT '備考',
  `DELETE_FLG` CHAR (1) NOT NULL DEFAULT '0' COMMENT '削除フラグ',
  `VERSION` INT (50) DEFAULT '0' COMMENT 'バージョン',
  `CREATED` DATETIME DEFAULT CURRENT_TIMESTAMP ON UPDATE CURRENT_TIMESTAMP COMMENT '登録日時',
  `MODIFIED` DATETIME DEFAULT CURRENT_TIMESTAMP ON UPDATE CURRENT_TIMESTAMP COMMENT '更新日時',
  `MODIFIED_BY` VARCHAR (255) COMMENT '更新者',
  PRIMARY KEY(ID,GENRE_CODE)
)
COMMENT='ジャンル'
2023-09-07 16:25:51,440 [main] INFO  (DfSqlFileRunnerBase#traceSql():168) - 
CREATE TABLE `USER_ROLE_MAP` (
  `ID` INT (50) NOT NULL COMMENT 'ID' AUTO_INCREMENT,
  `STAFF_USER_ID` VARCHAR (10) COMMENT '職員ID',
  `GENERAL_USER_ID` VARCHAR (10) COMMENT '利用者ID',
  `ROLE_ID` INT (50) NOT NULL COMMENT '権限ID',
  `REMARKS` VARCHAR (255) DEFAULT NULL COMMENT '備考',
  `DELETE_FLG` CHAR (1) NOT NULL DEFAULT '0' COMMENT '削除フラグ',
  `VERSION` INT (50) DEFAULT '0' COMMENT 'バージョン',
  `CREATED` DATETIME DEFAULT CURRENT_TIMESTAMP ON UPDATE CURRENT_TIMESTAMP COMMENT '登録日時',
  `MODIFIED` DATETIME DEFAULT CURRENT_TIMESTAMP ON UPDATE CURRENT_TIMESTAMP COMMENT '更新日時',
  `MODIFIED_BY` VARCHAR (255) COMMENT '更新者',
  PRIMARY KEY(ID),
  UNIQUE KEY(STAFF_USER_ID,GENERAL_USER_ID,ROLE_ID),
  FOREIGN KEY (STAFF_USER_ID) REFERENCES STAFF_USER(STAFF_USER_ID),
  FOREIGN KEY (GENERAL_USER_ID) REFERENCES GENERAL_USER(GENERAL_USER_ID),
  FOREIGN KEY (ROLE_ID) REFERENCES ROLE(ID)
)
COMMENT='ユーザー権限マップ'
2023-09-07 16:25:51,461 [main] INFO  (DfSqlFileRunnerBase#traceSql():168) - 
CREATE TABLE `BOOK` (
  `ID` INT (50) NOT NULL COMMENT 'ID' AUTO_INCREMENT,
  `TITLE` VARCHAR (255) NOT NULL COMMENT 'タイトル',
  `AUTHOR` VARCHAR (50) NOT NULL COMMENT '著者',
  `ISBN_10` VARCHAR (10) COMMENT 'ISBN-10',
  `ISBN_13` VARCHAR (13) COMMENT 'ISBN-13',
  `PUBLISHER` VARCHAR (25) NOT NULL COMMENT '出版社',
  `GENRE_ID` INT (50) COMMENT 'ジャンルID',
  `SHELF_NUMBER` VARCHAR (3) COMMENT '棚番号',
  `CONTROL_NUMBER` VARCHAR (10) NOT NULL COMMENT '管理番号',
  `REMARKS` VARCHAR (255) DEFAULT NULL COMMENT '備考',
  `DELETE_FLG` CHAR (1) NOT NULL DEFAULT '0' COMMENT '削除フラグ',
  `VERSION` INT (50) DEFAULT '0' COMMENT 'バージョン',
  `CREATED` DATETIME DEFAULT CURRENT_TIMESTAMP ON UPDATE CURRENT_TIMESTAMP COMMENT '登録日時',
  `MODIFIED` DATETIME DEFAULT CURRENT_TIMESTAMP ON UPDATE CURRENT_TIMESTAMP COMMENT '更新日時',
  `MODIFIED_BY` VARCHAR (255) COMMENT '更新者',
  PRIMARY KEY(ID,CONTROL_NUMBER),
  FOREIGN KEY (GENRE_ID) REFERENCES GENRE(ID)
)
COMMENT='図書'
2023-09-07 16:25:51,483 [main] INFO  (DfSqlFileRunnerBase#traceResult():172) -  -> success=6 failure=0
2023-09-07 16:25:51,483 [main] INFO  (DfSqlFileFireMan#fire():93) - Create Schema: success=6, failure=0 (in 1 files)
2023-09-07 16:25:51,550 [main] INFO  (DfLoadDataProcess#execute():133) - 
2023-09-07 16:25:51,550 [main] INFO  (DfLoadDataProcess#execute():134) - * * * * * * * * * * *
2023-09-07 16:25:51,551 [main] INFO  (DfLoadDataProcess#execute():135) - *                   *
2023-09-07 16:25:51,551 [main] INFO  (DfLoadDataProcess#execute():136) - * Load Data         *
2023-09-07 16:25:51,551 [main] INFO  (DfLoadDataProcess#execute():137) - *                   *
2023-09-07 16:25:51,552 [main] INFO  (DfLoadDataProcess#execute():138) - * * * * * * * * * * *
2023-09-07 16:25:51,603 [main] INFO  (DfDelimiterDataWriterImpl#writeData():97) - /= = = = = = = = = = = = = = = = = = = = = = = = = = = = = = = = = 
2023-09-07 16:25:51,604 [main] INFO  (DfDelimiterDataWriterImpl#writeData():98) - writeData(playsql/data/common/csv/UTF-8/ROLE.csv)
2023-09-07 16:25:51,604 [main] INFO  (DfDelimiterDataWriterImpl#writeData():99) - = = = = = = =/
2023-09-07 16:25:51,607 [main] INFO  (DfTableExtractor#doGetTableList():66) - ...Getting tables:
2023-09-07 16:25:51,607 [main] INFO  (DfTableExtractor#doGetTableList():67) -   schema = {jlibrary.$$NoNameSchema$$ as main}
2023-09-07 16:25:51,607 [main] INFO  (DfTableExtractor#doGetTableList():68) -   types  = [TABLE, VIEW]
2023-09-07 16:25:51,643 [main] INFO  (DfAbsractDataWriter#handleLoggingInsert():1090) - ROLE:{1, ROLE_ADMIN, 管理者, null, 0, 0, 2023-08-01 00:00:00, 2023-08-01 00:00:00, PATCH}
2023-09-07 16:25:51,727 [main] INFO  (DfAbsractDataWriter#handleLoggingInsert():1090) - ROLE:{2, ROLE_STAFF, 職員, null, 0, 0, 2023-08-01 00:00:00, 2023-08-01 00:00:00, PATCH}
2023-09-07 16:25:51,730 [main] INFO  (DfAbsractDataWriter#handleLoggingInsert():1090) - ROLE:{3, ROLE_GENERAL, 一般利用者, null, 0, 0, 2023-08-01 00:00:00, 2023-08-01 00:00:00, PATCH}
2023-09-07 16:25:51,738 [main] INFO  (DfAbsractDataWriter#noticeLoadedRowSize():1106) -  -> 3 rows are loaded to ROLE
2023-09-07 16:25:51,744 [main] INFO  (DfLoadDataProcess#lazyCheckLoadedClassifiaction():387) - ...Checking implicit set of classification
2023-09-07 16:25:51,762 [main] INFO  (DfTakeFinallyProcess#takeFinally():244) - 
2023-09-07 16:25:51,762 [main] INFO  (DfTakeFinallyProcess#takeFinally():245) - * * * * * * * **
2023-09-07 16:25:51,763 [main] INFO  (DfTakeFinallyProcess#takeFinally():246) - *              *
2023-09-07 16:25:51,768 [main] INFO  (DfTakeFinallyProcess#takeFinally():247) - * Take Finally *
2023-09-07 16:25:51,769 [main] INFO  (DfTakeFinallyProcess#takeFinally():248) - *              *
2023-09-07 16:25:51,769 [main] INFO  (DfTakeFinallyProcess#takeFinally():249) - * * * * * * * **
2023-09-07 16:25:51,779 [main] INFO  (DfSqlFileFireMan#fire():68) - ...Firing: take-finally.sql
2023-09-07 16:25:51,782 [main] INFO  (DfSqlFileRunnerBase#traceResult():172) -  -> success=0 failure=0
2023-09-07 16:25:51,783 [main] INFO  (DfSqlFileFireMan#fire():93) - Take Finally: success=0, failure=0 (in 1 files)
2023-09-07 16:25:51,785 [main] INFO  (DfDataSourceHandler#destroy():120) - ...closeReally()
2023-09-07 16:25:51,802 [main] INFO  (DfDBFluteTaskUtil#logFinalMessage():139) - 
_/_/_/_/_/_/_/_/_/_/_/_/_/_/_/_/_/_/_/_/_/_/
[Final Message]: 00m03s105ms

  DBFLUTE_CLIENT: {jlibrary}
    database  = mysql (MySQL 5.5.5-10.4.28-MariaDB)
    language  = java
    container = spring
    package   = jp.co.jwebgate.jlibrary.dbflute

  DBFLUTE_ENVIRONMENT_TYPE: {}
    driver = com.mysql.jdbc.Driver
    url    = jdbc:mysql://localhost:3306/jlibrary
    schema = {jlibrary.$$NoNameSchema$$ as main}
    user   = root
    props  = {}
    additionalSchema = 
    repsEnvType      = ut
    refreshProject   = $$AutoDetect$$

 Create Schema: success=6, failure=0 (in 1 files) - 00m00s393ms
  (Initialize Schema) - 00m00s257ms
  (Create Schema) - 00m00s127ms
  o replace-schema.sql

 Load Data: common:{csv=1} - 00m00s206ms
  <common>
  o ROLE.csv

 Take Finally: success=0, failure=0 (in 1 files) - 00m00s023ms
  o take-finally.sql
_/_/_/_/_/_/_/_/_/_/ {ReplaceSchema}
2023-09-07 16:25:53,106 [main] INFO  (TorqueJDBCTransformTask#begin():104) - +------------------------------------------+
2023-09-07 16:25:53,107 [main] INFO  (TorqueJDBCTransformTask#begin():105) - |                                          |
2023-09-07 16:25:53,107 [main] INFO  (TorqueJDBCTransformTask#begin():106) - |                   JDBC                   |
2023-09-07 16:25:53,108 [main] INFO  (TorqueJDBCTransformTask#begin():107) - |                                          |
2023-09-07 16:25:53,108 [main] INFO  (TorqueJDBCTransformTask#begin():108) - +------------------------------------------+
2023-09-07 16:25:53,135 [main] INFO  (DfDataSourceHandler#prepare():78) - ...Preparing data source:
2023-09-07 16:25:53,135 [main] INFO  (DfDataSourceHandler#prepare():79) -   driver = com.mysql.jdbc.Driver
2023-09-07 16:25:53,136 [main] INFO  (DfDataSourceHandler#prepare():80) -   url    = jdbc:mysql://localhost:3306/jlibrary
2023-09-07 16:25:53,136 [main] INFO  (DfDataSourceHandler#prepare():81) -   user   = root
2023-09-07 16:25:53,180 [main] INFO  (DfSchemaXmlSerializer#serialize():305) - 
2023-09-07 16:25:53,181 [main] INFO  (DfSchemaXmlSerializer#serialize():306) - ...Starting to process JDBC to SchemaXML
2023-09-07 16:25:53,181 [main] INFO  (DfSchemaXmlSerializer#doLoadPreviousSchema():1559) - ...Loading previous schema (schema diff process)
2023-09-07 16:25:53,197 [main] INFO  (DTDResolver#resolveEntity():195) - ...Resolving XML by database.dtd in same package
2023-09-07 16:25:53,282 [main] INFO  (DfSchemaXmlSerializer#generateXML():379) - ...Getting DB connection
2023-09-07 16:25:53,287 [main] INFO  (DfDataSourceHandler#createConnection():166) - ...Connecting to database by data source:
2023-09-07 16:25:53,485 [main] INFO  (DfDataSourceHandler#setupConnectionMetaInfo():233) -   product = MySQL 5.5.5-10.4.28-MariaDB
2023-09-07 16:25:53,485 [main] INFO  (DfDataSourceHandler#setupConnectionMetaInfo():234) -   driver  = MySQL Connector Java mysql-connector-java-5.1.49 ( Revision: ad86f36e100e104cd926c6b81c8cab9565750116 ) for JDBC 4.0
2023-09-07 16:25:53,486 [main] INFO  (DfSchemaXmlSerializer#generateXML():382) - ...Getting DB meta data
2023-09-07 16:25:53,488 [main] INFO  (DfTableExtractor#doGetTableList():66) - ...Getting tables:
2023-09-07 16:25:53,488 [main] INFO  (DfTableExtractor#doGetTableList():67) -   schema = {jlibrary.$$NoNameSchema$$ as main}
2023-09-07 16:25:53,488 [main] INFO  (DfTableExtractor#doGetTableList():68) -   types  = [TABLE, VIEW]
2023-09-07 16:25:53,498 [main] INFO  (DfDbCommentExtractorBase#doSelectUserTabComments():121) - select table_type as OBJECT_TYPE, table_name as TABLE_NAME, table_comment as COMMENTS from information_schema.tables where table_schema = 'jlibrary' order by table_name asc
2023-09-07 16:25:53,503 [main] INFO  (DfDbCommentExtractorBase#doSelectUserColComments():168) - select table_name as TABLE_NAME, column_name as COLUMN_NAME, column_comment as COMMENTS from information_schema.columns where table_schema = 'jlibrary' order by table_name asc, column_name asc
2023-09-07 16:25:53,513 [main] INFO  (DfDatetimePrecisionExtractorMySQL#extractDatetimePrecisionMap():59) - select TABLE_NAME, COLUMN_NAME, DATETIME_PRECISION from INFORMATION_SCHEMA.COLUMNS where TABLE_SCHEMA = 'jlibrary' and DATA_TYPE = 'datetime'
2023-09-07 16:25:53,528 [main] INFO  (DfSchemaXmlSerializer#processTable():438) - 
2023-09-07 16:25:53,529 [main] INFO  (DfSchemaXmlSerializer#processTable():439) - $ /= = = = = = = = = = = = = = = = = = = = = = = = = =
2023-09-07 16:25:53,529 [main] INFO  (DfSchemaXmlSerializer#processTable():440) - $ [Table List]
2023-09-07 16:25:53,529 [main] INFO  (DfSchemaXmlSerializer#doProcessTable():520) - $ jlibrary.BOOK(TABLE) // 図書
2023-09-07 16:25:53,590 [main] INFO  (DfSchemaXmlSerializer#doProcessTable():520) - $ jlibrary.GENERAL_USER(TABLE) // 一般利用者
2023-09-07 16:25:53,615 [main] INFO  (DfSchemaXmlSerializer#doProcessTable():520) - $ jlibrary.GENRE(TABLE) // ジャンル
2023-09-07 16:25:53,632 [main] INFO  (DfSchemaXmlSerializer#doProcessTable():520) - $ jlibrary.ROLE(TABLE) // 権限
2023-09-07 16:25:53,646 [main] INFO  (DfSchemaXmlSerializer#doProcessTable():520) - $ jlibrary.STAFF_USER(TABLE) // 職員
2023-09-07 16:25:53,666 [main] INFO  (DfSchemaXmlSerializer#doProcessTable():520) - $ jlibrary.USER_ROLE_MAP(TABLE) // ユーザー権限マップ
2023-09-07 16:25:53,690 [main] INFO  (DfSchemaXmlSerializer#processTable():452) - $ 
2023-09-07 16:25:53,691 [main] INFO  (DfSchemaXmlSerializer#processTable():453) - $ [Table Count]
2023-09-07 16:25:53,691 [main] INFO  (DfSchemaXmlSerializer#processTable():454) - $ 6
2023-09-07 16:25:53,691 [main] INFO  (DfSchemaXmlSerializer#processTable():455) - $ = = = = = = = = = =/
2023-09-07 16:25:53,692 [main] INFO  (DfSchemaXmlSerializer#processTable():456) - 
2023-09-07 16:25:53,693 [main] INFO  (DfSchemaXmlSerializer#processSequence():823) - ...Getting sequences
2023-09-07 16:25:53,697 [main] INFO  (DfSchemaXmlSerializer#serialize():320) - ...Serializing XML:
2023-09-07 16:25:53,698 [main] INFO  (DfSchemaXmlSerializer#serialize():321) -   filePath = ./schema/project-schema-jlibrary.xml
2023-09-07 16:25:53,698 [main] INFO  (DfSchemaXmlSerializer#serialize():322) -   encoding = UTF-8
2023-09-07 16:25:53,726 [main] INFO  (DfSchemaXmlSerializer#doLoadNextSchema():1570) - ...Loading next schema (schema diff process)
2023-09-07 16:25:53,727 [main] INFO  (DTDResolver#resolveEntity():195) - ...Resolving XML by database.dtd in same package
2023-09-07 16:25:54,105 [main] INFO  (DfSchemaXmlSerializer#doLoadNextSchema():1575) -  -> different from previous (schema diff)
2023-09-07 16:25:54,106 [main] INFO  (DfSchemaXmlSerializer#doLoadNextSchema():1577) - ...Serializing schema-diff:
2023-09-07 16:25:54,107 [main] INFO  (DfSchemaXmlSerializer#doLoadNextSchema():1578) -   filePath = ./schema/project-history-jlibrary.diffmap
2023-09-07 16:25:54,116 [main] INFO  (DfDataSourceHandler#destroy():120) - ...closeReally()
2023-09-07 16:25:54,126 [main] INFO  (DfDBFluteTaskUtil#logFinalMessage():139) - 
_/_/_/_/_/_/_/_/_/_/_/_/_/_/_/_/_/_/_/_/_/_/
[Final Message]: 00m01s028ms

  DBFLUTE_CLIENT: {jlibrary}
    database  = mysql (MySQL 5.5.5-10.4.28-MariaDB)
    language  = java
    container = spring
    package   = jp.co.jwebgate.jlibrary.dbflute

  DBFLUTE_ENVIRONMENT_TYPE: {}
    driver = com.mysql.jdbc.Driver
    url    = jdbc:mysql://localhost:3306/jlibrary
    schema = {jlibrary.$$NoNameSchema$$ as main}
    user   = root
    props  = {}
    additionalSchema = 
    repsEnvType      = ut
    refreshProject   = $$AutoDetect$$
_/_/_/_/_/_/_/_/_/_/ {JDBC}
2023-09-07 16:25:55,175 [main] INFO  (TorqueDocumentationTask#begin():193) - +------------------------------------------+
2023-09-07 16:25:55,177 [main] INFO  (TorqueDocumentationTask#begin():194) - |                                          |
2023-09-07 16:25:55,178 [main] INFO  (TorqueDocumentationTask#begin():195) - |                   Doc                    |
2023-09-07 16:25:55,178 [main] INFO  (TorqueDocumentationTask#begin():203) - |                                          |
2023-09-07 16:25:55,178 [main] INFO  (TorqueDocumentationTask#begin():204) - +------------------------------------------+
2023-09-07 16:25:55,217 [main] INFO  (DfDataSourceHandler#prepare():78) - ...Preparing data source:
2023-09-07 16:25:55,217 [main] INFO  (DfDataSourceHandler#prepare():79) -   driver = com.mysql.jdbc.Driver
2023-09-07 16:25:55,218 [main] INFO  (DfDataSourceHandler#prepare():80) -   url    = jdbc:mysql://localhost:3306/jlibrary
2023-09-07 16:25:55,218 [main] INFO  (DfDataSourceHandler#prepare():81) -   user   = root
2023-09-07 16:25:55,219 [main] INFO  (TorqueDocumentationTask#processSchemaHtml():265) - 
2023-09-07 16:25:55,220 [main] INFO  (TorqueDocumentationTask#processSchemaHtml():266) - * * * * * * * * * * *
2023-09-07 16:25:55,220 [main] INFO  (TorqueDocumentationTask#processSchemaHtml():267) - *                   *
2023-09-07 16:25:55,220 [main] INFO  (TorqueDocumentationTask#processSchemaHtml():268) - *    Schema HTML    *
2023-09-07 16:25:55,220 [main] INFO  (TorqueDocumentationTask#processSchemaHtml():269) - *                   *
2023-09-07 16:25:55,221 [main] INFO  (TorqueDocumentationTask#processSchemaHtml():270) - * * * * * * * * * * *
2023-09-07 16:25:55,292 [main] INFO  (DTDResolver#resolveEntity():195) - ...Resolving XML by database.dtd in same package
2023-09-07 16:25:55,383 [main] INFO  (DfAdditionalPrimaryKeyInitializer#initializeAdditionalPrimaryKey():62) - /=======================================
2023-09-07 16:25:55,383 [main] INFO  (DfAdditionalPrimaryKeyInitializer#initializeAdditionalPrimaryKey():63) - ...Initializing additional primary keys.
2023-09-07 16:25:55,384 [main] INFO  (DfAdditionalPrimaryKeyInitializer#initializeAdditionalPrimaryKey():88) - ==========/
2023-09-07 16:25:55,386 [main] INFO  (DfAdditionalUniqueKeyInitializer#initializeAdditionalUniqueKey():62) - /=======================================
2023-09-07 16:25:55,386 [main] INFO  (DfAdditionalUniqueKeyInitializer#initializeAdditionalUniqueKey():63) - ...Initializing additional unique keys.
2023-09-07 16:25:55,388 [main] INFO  (DfAdditionalUniqueKeyInitializer#initializeAdditionalUniqueKey():83) - ==========/
2023-09-07 16:25:55,390 [main] INFO  (DfAdditionalForeignKeyInitializer#initializeAdditionalForeignKey():68) - /=======================================
2023-09-07 16:25:55,391 [main] INFO  (DfAdditionalForeignKeyInitializer#initializeAdditionalForeignKey():69) - ...Initializing additional foreign keys.
2023-09-07 16:25:55,394 [main] INFO  (DfAdditionalForeignKeyInitializer#initializeAdditionalForeignKey():79) - FK_PARENT_GENRE_ID
2023-09-07 16:25:55,398 [main] ERROR (DfDBFluteTaskUtil#logException():150) - Look! Read the message below.
/* * * * * * * * * * * * * * * * * * * * * * * * * * * * * * * * * *
Failed to execute DBFlute Task 'Doc'.

[Advice]
Check the exception messages and the stack traces.
* * * * * * * * * */
org.dbflute.exception.DfPropertySettingColumnNotFoundException: Look! Read the message below.
/* * * * * * * * * * * * * * * * * * * * * * * * * * * * * * * * * *
Not found column by the localColumnName of additionalForeignKey.

[*No Title]
Make sure your additionalForeignKeyMap.dfprop
For example:
  (x):
     ; FK_MEMBER_MEMBER_ADDRESS_VALID = map:{
         ; localTableName = ... ; foreignTableName = ...
         ; localColumnName = NOEXISTING_ID ; foreignColumnName = MEMBER_ID // *NG
         ...
     }
  (o):
     ; FK_MEMBER_MEMBER_ADDRESS_VALID = map:{
         ; localTableName = ... ; foreignTableName = MEMBER_ADDRESS
         ; localColumnName = MEMBER_ID ; foreignColumnName = MEMBER_ID     // OK
         ...
     }

[Additional FK]
FK_PARENT_GENRE_ID

[Local Table]
GENRE

[NotFound Column]
[PARENT_GENRE_ID]
* * * * * * * * * */
	at org.dbflute.properties.initializer.DfAdditionalForeignKeyInitializer.assertLocalTableColumn(DfAdditionalForeignKeyInitializer.java:563)
	at org.dbflute.properties.initializer.DfAdditionalForeignKeyInitializer.processOneTableFK(DfAdditionalForeignKeyInitializer.java:176)
	at org.dbflute.properties.initializer.DfAdditionalForeignKeyInitializer.initializeAdditionalForeignKey(DfAdditionalForeignKeyInitializer.java:85)
	at org.apache.torque.engine.database.model.Database.initializeAdditionalForeignKey(Database.java:1054)
	at org.apache.torque.engine.database.model.Database.initializeSupplementaryMetaData(Database.java:1022)
	at org.apache.torque.task.TorqueDocumentationTask.purelyInitializeSchemaHtmlSchemaData(TorqueDocumentationTask.java:442)
	at org.apache.torque.task.TorqueDocumentationTask.processSchemaHtml(TorqueDocumentationTask.java:277)
	at org.apache.torque.task.TorqueDocumentationTask.doExecute(TorqueDocumentationTask.java:235)
	at org.dbflute.task.bs.DfAbstractTexenTask$1.callActualExecute(DfAbstractTexenTask.java:129)
	at org.dbflute.task.bs.assistant.DfTaskBasicController.doExecute(DfTaskBasicController.java:192)
	at org.dbflute.task.bs.assistant.DfTaskBasicController.execute(DfTaskBasicController.java:78)
	at org.dbflute.task.bs.DfAbstractTexenTask.execute(DfAbstractTexenTask.java:151)
	at org.apache.tools.ant.UnknownElement.execute(UnknownElement.java:288)
	at java.base/jdk.internal.reflect.DirectMethodHandleAccessor.invoke(DirectMethodHandleAccessor.java:104)
	at java.base/java.lang.reflect.Method.invoke(Method.java:578)
	at org.apache.tools.ant.dispatch.DispatchUtils.execute(DispatchUtils.java:105)
	at org.apache.tools.ant.Task.perform(Task.java:348)
	at org.apache.tools.ant.Target.execute(Target.java:357)
	at org.apache.tools.ant.Target.performTasks(Target.java:385)
	at org.apache.tools.ant.Project.executeSortedTargets(Project.java:1329)
	at org.apache.tools.ant.helper.SingleCheckExecutor.executeTargets(SingleCheckExecutor.java:38)
	at org.apache.tools.ant.Project.executeTargets(Project.java:1181)
	at org.apache.tools.ant.taskdefs.Ant.execute(Ant.java:416)
	at org.apache.tools.ant.taskdefs.CallTarget.execute(CallTarget.java:105)
	at org.apache.tools.ant.UnknownElement.execute(UnknownElement.java:288)
	at java.base/jdk.internal.reflect.DirectMethodHandleAccessor.invoke(DirectMethodHandleAccessor.java:104)
	at java.base/java.lang.reflect.Method.invoke(Method.java:578)
	at org.apache.tools.ant.dispatch.DispatchUtils.execute(DispatchUtils.java:105)
	at org.apache.tools.ant.Task.perform(Task.java:348)
	at org.apache.tools.ant.Target.execute(Target.java:357)
	at org.apache.tools.ant.Target.performTasks(Target.java:385)
	at org.apache.tools.ant.Project.executeSortedTargets(Project.java:1329)
	at org.apache.tools.ant.Project.executeTarget(Project.java:1298)
	at org.apache.tools.ant.helper.DefaultExecutor.executeTargets(DefaultExecutor.java:41)
	at org.apache.tools.ant.Project.executeTargets(Project.java:1181)
	at org.apache.tools.ant.Main.runBuild(Main.java:698)
	at org.apache.tools.ant.Main.startAnt(Main.java:199)
	at org.apache.tools.ant.launch.Launcher.run(Launcher.java:257)
	at org.apache.tools.ant.launch.Launcher.main(Launcher.java:104)
2023-09-07 16:25:55,446 [main] INFO  (DfDBFluteTaskUtil#logFinalMessage():139) - 
_/_/_/_/_/_/_/_/_/_/_/_/_/_/_/_/_/_/_/_/_/_/
[Final Message]: 00m00s290ms *Abort

  DBFLUTE_CLIENT: {jlibrary}
    database  = mysql
    language  = java
    container = spring
    package   = jp.co.jwebgate.jlibrary.dbflute

  DBFLUTE_ENVIRONMENT_TYPE: {}
    driver = com.mysql.jdbc.Driver
    url    = jdbc:mysql://localhost:3306/jlibrary
    schema = {jlibrary.$$NoNameSchema$$ as main}
    user   = root
    props  = {}
    additionalSchema = 
    repsEnvType      = ut
    refreshProject   = $$AutoDetect$$
_/_/_/_/_/_/_/_/_/_/ {Doc}
2023-09-07 16:27:05,532 [main] INFO  (DfReplaceSchemaTask#begin():94) - +------------------------------------------+
2023-09-07 16:27:05,535 [main] INFO  (DfReplaceSchemaTask#begin():95) - |                                          |
2023-09-07 16:27:05,536 [main] INFO  (DfReplaceSchemaTask#begin():96) - |              ReplaceSchema               |
2023-09-07 16:27:05,544 [main] INFO  (DfReplaceSchemaTask#begin():104) - |                                          |
2023-09-07 16:27:05,545 [main] INFO  (DfReplaceSchemaTask#begin():105) - +------------------------------------------+
2023-09-07 16:27:05,547 [main] INFO  (DfReplaceSchemaTask#waitBeforeReps():423) - ...Waiting for your GO SIGN from stdin before ReplaceSchema:
2023-09-07 16:27:06,396 [main] INFO  (DfDataSourceHandler#prepare():78) - ...Preparing data source:
2023-09-07 16:27:06,396 [main] INFO  (DfDataSourceHandler#prepare():79) -   driver = com.mysql.jdbc.Driver
2023-09-07 16:27:06,397 [main] INFO  (DfDataSourceHandler#prepare():80) -   url    = jdbc:mysql://localhost:3306/jlibrary
2023-09-07 16:27:06,397 [main] INFO  (DfDataSourceHandler#prepare():81) -   user   = root
2023-09-07 16:27:06,407 [main] INFO  (DfDataSourceHandler#createConnection():166) - ...Connecting to database by data source:
2023-09-07 16:27:06,751 [main] INFO  (DfDataSourceHandler#setupConnectionMetaInfo():233) -   product = MySQL 5.5.5-10.4.28-MariaDB
2023-09-07 16:27:06,752 [main] INFO  (DfDataSourceHandler#setupConnectionMetaInfo():234) -   driver  = MySQL Connector Java mysql-connector-java-5.1.49 ( Revision: ad86f36e100e104cd926c6b81c8cab9565750116 ) for JDBC 4.0
2023-09-07 16:27:06,768 [main] INFO  (DfCreateSchemaProcess#initializeSchemaMainDrop():253) - 
2023-09-07 16:27:06,769 [main] INFO  (DfCreateSchemaProcess#initializeSchemaMainDrop():254) - * * * * * * * * * * *
2023-09-07 16:27:06,769 [main] INFO  (DfCreateSchemaProcess#initializeSchemaMainDrop():255) - *                   *
2023-09-07 16:27:06,769 [main] INFO  (DfCreateSchemaProcess#initializeSchemaMainDrop():256) - * Initialize Schema *
2023-09-07 16:27:06,770 [main] INFO  (DfCreateSchemaProcess#initializeSchemaMainDrop():257) - *                   *
2023-09-07 16:27:06,770 [main] INFO  (DfCreateSchemaProcess#initializeSchemaMainDrop():258) - * * * * * * * * * * *
2023-09-07 16:27:06,782 [main] INFO  (DfTableExtractor#doGetTableList():66) - ...Getting tables:
2023-09-07 16:27:06,783 [main] INFO  (DfTableExtractor#doGetTableList():67) -   schema = {jlibrary.$$NoNameSchema$$ as main}
2023-09-07 16:27:06,783 [main] INFO  (DfTableExtractor#doGetTableList():68) -   types  = [TABLE, VIEW]
2023-09-07 16:27:06,815 [main] INFO  (DfSchemaInitializerJdbc#logReplaceSql():614) - truncate table BOOK
2023-09-07 16:27:06,855 [main] INFO  (DfSchemaInitializerJdbc#logReplaceSql():614) - truncate table USER_ROLE_MAP
2023-09-07 16:27:06,872 [main] INFO  (DfSchemaInitializerJdbc#logReplaceSql():614) - alter table BOOK drop foreign key book_ibfk_1
2023-09-07 16:27:06,902 [main] INFO  (DfSchemaInitializerJdbc#logReplaceSql():614) - alter table USER_ROLE_MAP drop foreign key user_role_map_ibfk_2
2023-09-07 16:27:06,913 [main] INFO  (DfSchemaInitializerJdbc#logReplaceSql():614) - alter table USER_ROLE_MAP drop foreign key user_role_map_ibfk_3
2023-09-07 16:27:06,922 [main] INFO  (DfSchemaInitializerJdbc#logReplaceSql():614) - alter table USER_ROLE_MAP drop foreign key user_role_map_ibfk_1
2023-09-07 16:27:06,933 [main] INFO  (DfSchemaInitializerJdbc#logReplaceSql():614) - drop table BOOK
2023-09-07 16:27:06,939 [main] INFO  (DfSchemaInitializerJdbc#logReplaceSql():614) - drop table GENERAL_USER
2023-09-07 16:27:06,946 [main] INFO  (DfSchemaInitializerJdbc#logReplaceSql():614) - drop table GENRE
2023-09-07 16:27:06,951 [main] INFO  (DfSchemaInitializerJdbc#logReplaceSql():614) - drop table ROLE
2023-09-07 16:27:06,958 [main] INFO  (DfSchemaInitializerJdbc#logReplaceSql():614) - drop table STAFF_USER
2023-09-07 16:27:06,964 [main] INFO  (DfSchemaInitializerJdbc#logReplaceSql():614) - drop table USER_ROLE_MAP
2023-09-07 16:27:07,000 [main] INFO  (DfCreateSchemaProcess#createSchema():293) - 
2023-09-07 16:27:07,000 [main] INFO  (DfCreateSchemaProcess#createSchema():294) - * * * * * * * * *
2023-09-07 16:27:07,001 [main] INFO  (DfCreateSchemaProcess#createSchema():295) - *               *
2023-09-07 16:27:07,001 [main] INFO  (DfCreateSchemaProcess#createSchema():296) - * Create Schema *
2023-09-07 16:27:07,001 [main] INFO  (DfCreateSchemaProcess#createSchema():297) - *               *
2023-09-07 16:27:07,002 [main] INFO  (DfCreateSchemaProcess#createSchema():298) - * * * * * * * * *
2023-09-07 16:27:07,007 [main] INFO  (DfSqlFileFireMan#fire():68) - ...Firing: replace-schema.sql
2023-09-07 16:27:07,015 [main] INFO  (DfSqlFileRunnerBase#traceSql():168) - 
CREATE TABLE `ROLE` (
  `ID` INT (50) NOT NULL COMMENT 'ID' AUTO_INCREMENT,
  `CD` VARCHAR (255) NOT NULL COMMENT 'コード',
  `NAME` VARCHAR (255) NOT NULL COMMENT '名称',
  `REMARKS` VARCHAR (255) DEFAULT NULL COMMENT '備考',
  `DELETE_FLG` CHAR (1) NOT NULL DEFAULT '0' COMMENT '削除フラグ',
  `VERSION` INT (50) DEFAULT '0' COMMENT 'バージョン',
  `CREATED` DATETIME DEFAULT CURRENT_TIMESTAMP ON UPDATE CURRENT_TIMESTAMP COMMENT '登録日時',
  `MODIFIED` DATETIME DEFAULT CURRENT_TIMESTAMP ON UPDATE CURRENT_TIMESTAMP COMMENT '更新日時',
  `MODIFIED_BY` VARCHAR (255) COMMENT '更新者',
  PRIMARY KEY(ID)
)
COMMENT='権限'
2023-09-07 16:27:07,035 [main] INFO  (DfSqlFileRunnerBase#traceSql():168) - 
CREATE TABLE `STAFF_USER` (
  `ID` INT (50) NOT NULL COMMENT 'ID' AUTO_INCREMENT,
  `STAFF_USER_ID` VARCHAR (10) NOT NULL COMMENT '職員ID',
  `PASSWORD` VARCHAR (255) NOT NULL COMMENT 'パスワード',
  `NAME_KANA` VARCHAR (50) NOT NULL COMMENT '氏名カナ',
  `NAME` VARCHAR (25) NOT NULL COMMENT '氏名',
  `EMAIL` VARCHAR (255) NOT NULL COMMENT 'メールアドレス',
  `REMARKS` VARCHAR (255) DEFAULT NULL COMMENT '備考',
  `DELETE_FLG` CHAR (1) NOT NULL DEFAULT '0' COMMENT '削除フラグ',
  `VERSION` INT (50) DEFAULT '0' COMMENT 'バージョン',
  `CREATED` DATETIME DEFAULT CURRENT_TIMESTAMP ON UPDATE CURRENT_TIMESTAMP COMMENT '登録日時',
  `MODIFIED` DATETIME DEFAULT CURRENT_TIMESTAMP ON UPDATE CURRENT_TIMESTAMP COMMENT '更新日時',
  `MODIFIED_BY` VARCHAR (255) COMMENT '更新者',
  PRIMARY KEY(ID,STAFF_USER_ID),
  UNIQUE KEY(STAFF_USER_ID)
)
COMMENT='職員'
2023-09-07 16:27:07,051 [main] INFO  (DfSqlFileRunnerBase#traceSql():168) - 
CREATE TABLE `GENERAL_USER` (
  `ID` INT (50) NOT NULL COMMENT 'ID' AUTO_INCREMENT,
  `GENERAL_USER_ID` VARCHAR (10) NOT NULL COMMENT '利用者ID',
  `PASSWORD` VARCHAR (255) NOT NULL COMMENT 'パスワード',
  `NAME_KANA` VARCHAR (50) NOT NULL COMMENT 'フリガナ',
  `NAME` VARCHAR (25) NOT NULL COMMENT '氏名',
  `BIRTHDAY` DATE NOT NULL COMMENT '生年月日',
  `PHONE_NUMBER` VARCHAR (11) NOT NULL COMMENT '電話番号',
  `ADDRESS` VARCHAR (255) NOT NULL COMMENT '住所',
  `REMARKS` VARCHAR (255) DEFAULT NULL COMMENT '備考',
  `DELETE_FLG` CHAR (1) NOT NULL DEFAULT '0' COMMENT '削除フラグ',
  `VERSION` INT (50) DEFAULT '0' COMMENT 'バージョン',
  `CREATED` DATETIME DEFAULT CURRENT_TIMESTAMP ON UPDATE CURRENT_TIMESTAMP COMMENT '登録日時',
  `MODIFIED` DATETIME DEFAULT CURRENT_TIMESTAMP ON UPDATE CURRENT_TIMESTAMP COMMENT '更新日時',
  `MODIFIED_BY` VARCHAR (255) COMMENT '更新者',
  PRIMARY KEY(ID,GENERAL_USER_ID),
  UNIQUE KEY(GENERAL_USER_ID)
)
COMMENT='一般利用者'
2023-09-07 16:27:07,073 [main] INFO  (DfSqlFileRunnerBase#traceSql():168) - 
CREATE TABLE `GENRE` (
  `ID` INT (50) NOT NULL COMMENT 'ID' AUTO_INCREMENT,
  `GENRE_NAME` VARCHAR (25) COMMENT 'ジャンル名',
  `GENRE_CODE` VARCHAR (3) NOT NULL COMMENT 'ジャンルコード',
  `REMARKS` VARCHAR (255) DEFAULT NULL COMMENT '備考',
  `DELETE_FLG` CHAR (1) NOT NULL DEFAULT '0' COMMENT '削除フラグ',
  `VERSION` INT (50) DEFAULT '0' COMMENT 'バージョン',
  `CREATED` DATETIME DEFAULT CURRENT_TIMESTAMP ON UPDATE CURRENT_TIMESTAMP COMMENT '登録日時',
  `MODIFIED` DATETIME DEFAULT CURRENT_TIMESTAMP ON UPDATE CURRENT_TIMESTAMP COMMENT '更新日時',
  `MODIFIED_BY` VARCHAR (255) COMMENT '更新者',
  PRIMARY KEY(ID,GENRE_CODE)
)
COMMENT='ジャンル'
2023-09-07 16:27:07,087 [main] INFO  (DfSqlFileRunnerBase#traceSql():168) - 
CREATE TABLE `USER_ROLE_MAP` (
  `ID` INT (50) NOT NULL COMMENT 'ID' AUTO_INCREMENT,
  `STAFF_USER_ID` VARCHAR (10) COMMENT '職員ID',
  `GENERAL_USER_ID` VARCHAR (10) COMMENT '利用者ID',
  `ROLE_ID` INT (50) NOT NULL COMMENT '権限ID',
  `REMARKS` VARCHAR (255) DEFAULT NULL COMMENT '備考',
  `DELETE_FLG` CHAR (1) NOT NULL DEFAULT '0' COMMENT '削除フラグ',
  `VERSION` INT (50) DEFAULT '0' COMMENT 'バージョン',
  `CREATED` DATETIME DEFAULT CURRENT_TIMESTAMP ON UPDATE CURRENT_TIMESTAMP COMMENT '登録日時',
  `MODIFIED` DATETIME DEFAULT CURRENT_TIMESTAMP ON UPDATE CURRENT_TIMESTAMP COMMENT '更新日時',
  `MODIFIED_BY` VARCHAR (255) COMMENT '更新者',
  PRIMARY KEY(ID),
  UNIQUE KEY(STAFF_USER_ID,GENERAL_USER_ID,ROLE_ID),
  FOREIGN KEY (STAFF_USER_ID) REFERENCES STAFF_USER(STAFF_USER_ID),
  FOREIGN KEY (GENERAL_USER_ID) REFERENCES GENERAL_USER(GENERAL_USER_ID),
  FOREIGN KEY (ROLE_ID) REFERENCES ROLE(ID)
)
COMMENT='ユーザー権限マップ'
2023-09-07 16:27:07,110 [main] INFO  (DfSqlFileRunnerBase#traceSql():168) - 
CREATE TABLE `BOOK` (
  `ID` INT (50) NOT NULL COMMENT 'ID' AUTO_INCREMENT,
  `TITLE` VARCHAR (255) NOT NULL COMMENT 'タイトル',
  `AUTHOR` VARCHAR (50) NOT NULL COMMENT '著者',
  `ISBN_10` VARCHAR (10) COMMENT 'ISBN-10',
  `ISBN_13` VARCHAR (13) COMMENT 'ISBN-13',
  `PUBLISHER` VARCHAR (25) NOT NULL COMMENT '出版社',
  `GENRE_ID` INT (50) COMMENT 'ジャンルID',
  `SHELF_NUMBER` VARCHAR (3) COMMENT '棚番号',
  `CONTROL_NUMBER` VARCHAR (10) NOT NULL COMMENT '管理番号',
  `REMARKS` VARCHAR (255) DEFAULT NULL COMMENT '備考',
  `DELETE_FLG` CHAR (1) NOT NULL DEFAULT '0' COMMENT '削除フラグ',
  `VERSION` INT (50) DEFAULT '0' COMMENT 'バージョン',
  `CREATED` DATETIME DEFAULT CURRENT_TIMESTAMP ON UPDATE CURRENT_TIMESTAMP COMMENT '登録日時',
  `MODIFIED` DATETIME DEFAULT CURRENT_TIMESTAMP ON UPDATE CURRENT_TIMESTAMP COMMENT '更新日時',
  `MODIFIED_BY` VARCHAR (255) COMMENT '更新者',
  PRIMARY KEY(ID,CONTROL_NUMBER),
  FOREIGN KEY (GENRE_ID) REFERENCES GENRE(ID)
)
COMMENT='図書'
2023-09-07 16:27:07,128 [main] INFO  (DfSqlFileRunnerBase#traceResult():172) -  -> success=6 failure=0
2023-09-07 16:27:07,128 [main] INFO  (DfSqlFileFireMan#fire():93) - Create Schema: success=6, failure=0 (in 1 files)
2023-09-07 16:27:07,178 [main] INFO  (DfLoadDataProcess#execute():133) - 
2023-09-07 16:27:07,179 [main] INFO  (DfLoadDataProcess#execute():134) - * * * * * * * * * * *
2023-09-07 16:27:07,179 [main] INFO  (DfLoadDataProcess#execute():135) - *                   *
2023-09-07 16:27:07,180 [main] INFO  (DfLoadDataProcess#execute():136) - * Load Data         *
2023-09-07 16:27:07,180 [main] INFO  (DfLoadDataProcess#execute():137) - *                   *
2023-09-07 16:27:07,180 [main] INFO  (DfLoadDataProcess#execute():138) - * * * * * * * * * * *
2023-09-07 16:27:07,217 [main] INFO  (DfDelimiterDataWriterImpl#writeData():97) - /= = = = = = = = = = = = = = = = = = = = = = = = = = = = = = = = = 
2023-09-07 16:27:07,218 [main] INFO  (DfDelimiterDataWriterImpl#writeData():98) - writeData(playsql/data/common/csv/UTF-8/ROLE.csv)
2023-09-07 16:27:07,218 [main] INFO  (DfDelimiterDataWriterImpl#writeData():99) - = = = = = = =/
2023-09-07 16:27:07,221 [main] INFO  (DfTableExtractor#doGetTableList():66) - ...Getting tables:
2023-09-07 16:27:07,222 [main] INFO  (DfTableExtractor#doGetTableList():67) -   schema = {jlibrary.$$NoNameSchema$$ as main}
2023-09-07 16:27:07,222 [main] INFO  (DfTableExtractor#doGetTableList():68) -   types  = [TABLE, VIEW]
2023-09-07 16:27:07,265 [main] INFO  (DfAbsractDataWriter#handleLoggingInsert():1090) - ROLE:{1, ROLE_ADMIN, 管理者, null, 0, 0, 2023-08-01 00:00:00, 2023-08-01 00:00:00, PATCH}
2023-09-07 16:27:07,356 [main] INFO  (DfAbsractDataWriter#handleLoggingInsert():1090) - ROLE:{2, ROLE_STAFF, 職員, null, 0, 0, 2023-08-01 00:00:00, 2023-08-01 00:00:00, PATCH}
2023-09-07 16:27:07,359 [main] INFO  (DfAbsractDataWriter#handleLoggingInsert():1090) - ROLE:{3, ROLE_GENERAL, 一般利用者, null, 0, 0, 2023-08-01 00:00:00, 2023-08-01 00:00:00, PATCH}
2023-09-07 16:27:07,367 [main] INFO  (DfAbsractDataWriter#noticeLoadedRowSize():1106) -  -> 3 rows are loaded to ROLE
2023-09-07 16:27:07,373 [main] INFO  (DfLoadDataProcess#lazyCheckLoadedClassifiaction():387) - ...Checking implicit set of classification
2023-09-07 16:27:07,391 [main] INFO  (DfTakeFinallyProcess#takeFinally():244) - 
2023-09-07 16:27:07,391 [main] INFO  (DfTakeFinallyProcess#takeFinally():245) - * * * * * * * **
2023-09-07 16:27:07,392 [main] INFO  (DfTakeFinallyProcess#takeFinally():246) - *              *
2023-09-07 16:27:07,398 [main] INFO  (DfTakeFinallyProcess#takeFinally():247) - * Take Finally *
2023-09-07 16:27:07,398 [main] INFO  (DfTakeFinallyProcess#takeFinally():248) - *              *
2023-09-07 16:27:07,399 [main] INFO  (DfTakeFinallyProcess#takeFinally():249) - * * * * * * * **
2023-09-07 16:27:07,410 [main] INFO  (DfSqlFileFireMan#fire():68) - ...Firing: take-finally.sql
2023-09-07 16:27:07,412 [main] INFO  (DfSqlFileRunnerBase#traceResult():172) -  -> success=0 failure=0
2023-09-07 16:27:07,412 [main] INFO  (DfSqlFileFireMan#fire():93) - Take Finally: success=0, failure=0 (in 1 files)
2023-09-07 16:27:07,414 [main] INFO  (DfDataSourceHandler#destroy():120) - ...closeReally()
2023-09-07 16:27:07,427 [main] INFO  (DfDBFluteTaskUtil#logFinalMessage():139) - 
_/_/_/_/_/_/_/_/_/_/_/_/_/_/_/_/_/_/_/_/_/_/
[Final Message]: 00m01s924ms

  DBFLUTE_CLIENT: {jlibrary}
    database  = mysql (MySQL 5.5.5-10.4.28-MariaDB)
    language  = java
    container = spring
    package   = jp.co.jwebgate.jlibrary.dbflute

  DBFLUTE_ENVIRONMENT_TYPE: {}
    driver = com.mysql.jdbc.Driver
    url    = jdbc:mysql://localhost:3306/jlibrary
    schema = {jlibrary.$$NoNameSchema$$ as main}
    user   = root
    props  = {}
    additionalSchema = 
    repsEnvType      = ut
    refreshProject   = $$AutoDetect$$

 Create Schema: success=6, failure=0 (in 1 files) - 00m00s365ms
  (Initialize Schema) - 00m00s231ms
  (Create Schema) - 00m00s127ms
  o replace-schema.sql

 Load Data: common:{csv=1} - 00m00s206ms
  <common>
  o ROLE.csv

 Take Finally: success=0, failure=0 (in 1 files) - 00m00s022ms
  o take-finally.sql
_/_/_/_/_/_/_/_/_/_/ {ReplaceSchema}
2023-09-07 16:27:08,775 [main] INFO  (TorqueJDBCTransformTask#begin():104) - +------------------------------------------+
2023-09-07 16:27:08,777 [main] INFO  (TorqueJDBCTransformTask#begin():105) - |                                          |
2023-09-07 16:27:08,778 [main] INFO  (TorqueJDBCTransformTask#begin():106) - |                   JDBC                   |
2023-09-07 16:27:08,778 [main] INFO  (TorqueJDBCTransformTask#begin():107) - |                                          |
2023-09-07 16:27:08,779 [main] INFO  (TorqueJDBCTransformTask#begin():108) - +------------------------------------------+
2023-09-07 16:27:08,808 [main] INFO  (DfDataSourceHandler#prepare():78) - ...Preparing data source:
2023-09-07 16:27:08,809 [main] INFO  (DfDataSourceHandler#prepare():79) -   driver = com.mysql.jdbc.Driver
2023-09-07 16:27:08,809 [main] INFO  (DfDataSourceHandler#prepare():80) -   url    = jdbc:mysql://localhost:3306/jlibrary
2023-09-07 16:27:08,809 [main] INFO  (DfDataSourceHandler#prepare():81) -   user   = root
2023-09-07 16:27:08,847 [main] INFO  (DfSchemaXmlSerializer#serialize():305) - 
2023-09-07 16:27:08,848 [main] INFO  (DfSchemaXmlSerializer#serialize():306) - ...Starting to process JDBC to SchemaXML
2023-09-07 16:27:08,848 [main] INFO  (DfSchemaXmlSerializer#doLoadPreviousSchema():1559) - ...Loading previous schema (schema diff process)
2023-09-07 16:27:08,859 [main] INFO  (DTDResolver#resolveEntity():195) - ...Resolving XML by database.dtd in same package
2023-09-07 16:27:08,953 [main] INFO  (DfSchemaXmlSerializer#generateXML():379) - ...Getting DB connection
2023-09-07 16:27:08,958 [main] INFO  (DfDataSourceHandler#createConnection():166) - ...Connecting to database by data source:
2023-09-07 16:27:09,180 [main] INFO  (DfDataSourceHandler#setupConnectionMetaInfo():233) -   product = MySQL 5.5.5-10.4.28-MariaDB
2023-09-07 16:27:09,181 [main] INFO  (DfDataSourceHandler#setupConnectionMetaInfo():234) -   driver  = MySQL Connector Java mysql-connector-java-5.1.49 ( Revision: ad86f36e100e104cd926c6b81c8cab9565750116 ) for JDBC 4.0
2023-09-07 16:27:09,182 [main] INFO  (DfSchemaXmlSerializer#generateXML():382) - ...Getting DB meta data
2023-09-07 16:27:09,183 [main] INFO  (DfTableExtractor#doGetTableList():66) - ...Getting tables:
2023-09-07 16:27:09,184 [main] INFO  (DfTableExtractor#doGetTableList():67) -   schema = {jlibrary.$$NoNameSchema$$ as main}
2023-09-07 16:27:09,184 [main] INFO  (DfTableExtractor#doGetTableList():68) -   types  = [TABLE, VIEW]
2023-09-07 16:27:09,193 [main] INFO  (DfDbCommentExtractorBase#doSelectUserTabComments():121) - select table_type as OBJECT_TYPE, table_name as TABLE_NAME, table_comment as COMMENTS from information_schema.tables where table_schema = 'jlibrary' order by table_name asc
2023-09-07 16:27:09,197 [main] INFO  (DfDbCommentExtractorBase#doSelectUserColComments():168) - select table_name as TABLE_NAME, column_name as COLUMN_NAME, column_comment as COMMENTS from information_schema.columns where table_schema = 'jlibrary' order by table_name asc, column_name asc
2023-09-07 16:27:09,207 [main] INFO  (DfDatetimePrecisionExtractorMySQL#extractDatetimePrecisionMap():59) - select TABLE_NAME, COLUMN_NAME, DATETIME_PRECISION from INFORMATION_SCHEMA.COLUMNS where TABLE_SCHEMA = 'jlibrary' and DATA_TYPE = 'datetime'
2023-09-07 16:27:09,224 [main] INFO  (DfSchemaXmlSerializer#processTable():438) - 
2023-09-07 16:27:09,246 [main] INFO  (DfSchemaXmlSerializer#processTable():439) - $ /= = = = = = = = = = = = = = = = = = = = = = = = = =
2023-09-07 16:27:09,247 [main] INFO  (DfSchemaXmlSerializer#processTable():440) - $ [Table List]
2023-09-07 16:27:09,296 [main] INFO  (DfSchemaXmlSerializer#doProcessTable():520) - $ jlibrary.BOOK(TABLE) // 図書
2023-09-07 16:27:09,550 [main] INFO  (DfSchemaXmlSerializer#doProcessTable():520) - $ jlibrary.GENERAL_USER(TABLE) // 一般利用者
2023-09-07 16:27:09,579 [main] INFO  (DfSchemaXmlSerializer#doProcessTable():520) - $ jlibrary.GENRE(TABLE) // ジャンル
2023-09-07 16:27:09,603 [main] INFO  (DfSchemaXmlSerializer#doProcessTable():520) - $ jlibrary.ROLE(TABLE) // 権限
2023-09-07 16:27:09,623 [main] INFO  (DfSchemaXmlSerializer#doProcessTable():520) - $ jlibrary.STAFF_USER(TABLE) // 職員
2023-09-07 16:27:09,644 [main] INFO  (DfSchemaXmlSerializer#doProcessTable():520) - $ jlibrary.USER_ROLE_MAP(TABLE) // ユーザー権限マップ
2023-09-07 16:27:09,667 [main] INFO  (DfSchemaXmlSerializer#processTable():452) - $ 
2023-09-07 16:27:09,668 [main] INFO  (DfSchemaXmlSerializer#processTable():453) - $ [Table Count]
2023-09-07 16:27:09,669 [main] INFO  (DfSchemaXmlSerializer#processTable():454) - $ 6
2023-09-07 16:27:09,669 [main] INFO  (DfSchemaXmlSerializer#processTable():455) - $ = = = = = = = = = =/
2023-09-07 16:27:09,670 [main] INFO  (DfSchemaXmlSerializer#processTable():456) - 
2023-09-07 16:27:09,671 [main] INFO  (DfSchemaXmlSerializer#processSequence():823) - ...Getting sequences
2023-09-07 16:27:09,676 [main] INFO  (DfSchemaXmlSerializer#serialize():320) - ...Serializing XML:
2023-09-07 16:27:09,677 [main] INFO  (DfSchemaXmlSerializer#serialize():321) -   filePath = ./schema/project-schema-jlibrary.xml
2023-09-07 16:27:09,677 [main] INFO  (DfSchemaXmlSerializer#serialize():322) -   encoding = UTF-8
2023-09-07 16:27:09,698 [main] INFO  (DfSchemaXmlSerializer#doLoadNextSchema():1570) - ...Loading next schema (schema diff process)
2023-09-07 16:27:09,699 [main] INFO  (DTDResolver#resolveEntity():195) - ...Resolving XML by database.dtd in same package
2023-09-07 16:27:09,769 [main] INFO  (DfSchemaXmlSerializer#doLoadNextSchema():1585) -  -> same as previous (schema diff)
2023-09-07 16:27:09,770 [main] INFO  (DfDataSourceHandler#destroy():120) - ...closeReally()
2023-09-07 16:27:09,779 [main] INFO  (DfDBFluteTaskUtil#logFinalMessage():139) - 
_/_/_/_/_/_/_/_/_/_/_/_/_/_/_/_/_/_/_/_/_/_/
[Final Message]: 00m01s023ms

  DBFLUTE_CLIENT: {jlibrary}
    database  = mysql (MySQL 5.5.5-10.4.28-MariaDB)
    language  = java
    container = spring
    package   = jp.co.jwebgate.jlibrary.dbflute

  DBFLUTE_ENVIRONMENT_TYPE: {}
    driver = com.mysql.jdbc.Driver
    url    = jdbc:mysql://localhost:3306/jlibrary
    schema = {jlibrary.$$NoNameSchema$$ as main}
    user   = root
    props  = {}
    additionalSchema = 
    repsEnvType      = ut
    refreshProject   = $$AutoDetect$$
_/_/_/_/_/_/_/_/_/_/ {JDBC}
2023-09-07 16:27:10,636 [main] INFO  (TorqueDocumentationTask#begin():193) - +------------------------------------------+
2023-09-07 16:27:10,639 [main] INFO  (TorqueDocumentationTask#begin():194) - |                                          |
2023-09-07 16:27:10,639 [main] INFO  (TorqueDocumentationTask#begin():195) - |                   Doc                    |
2023-09-07 16:27:10,640 [main] INFO  (TorqueDocumentationTask#begin():203) - |                                          |
2023-09-07 16:27:10,640 [main] INFO  (TorqueDocumentationTask#begin():204) - +------------------------------------------+
2023-09-07 16:27:10,671 [main] INFO  (DfDataSourceHandler#prepare():78) - ...Preparing data source:
2023-09-07 16:27:10,673 [main] INFO  (DfDataSourceHandler#prepare():79) -   driver = com.mysql.jdbc.Driver
2023-09-07 16:27:10,673 [main] INFO  (DfDataSourceHandler#prepare():80) -   url    = jdbc:mysql://localhost:3306/jlibrary
2023-09-07 16:27:10,673 [main] INFO  (DfDataSourceHandler#prepare():81) -   user   = root
2023-09-07 16:27:10,676 [main] INFO  (TorqueDocumentationTask#processSchemaHtml():265) - 
2023-09-07 16:27:10,676 [main] INFO  (TorqueDocumentationTask#processSchemaHtml():266) - * * * * * * * * * * *
2023-09-07 16:27:10,677 [main] INFO  (TorqueDocumentationTask#processSchemaHtml():267) - *                   *
2023-09-07 16:27:10,677 [main] INFO  (TorqueDocumentationTask#processSchemaHtml():268) - *    Schema HTML    *
2023-09-07 16:27:10,677 [main] INFO  (TorqueDocumentationTask#processSchemaHtml():269) - *                   *
2023-09-07 16:27:10,678 [main] INFO  (TorqueDocumentationTask#processSchemaHtml():270) - * * * * * * * * * * *
2023-09-07 16:27:10,732 [main] INFO  (DTDResolver#resolveEntity():195) - ...Resolving XML by database.dtd in same package
2023-09-07 16:27:10,803 [main] INFO  (DfAdditionalPrimaryKeyInitializer#initializeAdditionalPrimaryKey():62) - /=======================================
2023-09-07 16:27:10,803 [main] INFO  (DfAdditionalPrimaryKeyInitializer#initializeAdditionalPrimaryKey():63) - ...Initializing additional primary keys.
2023-09-07 16:27:10,805 [main] INFO  (DfAdditionalPrimaryKeyInitializer#initializeAdditionalPrimaryKey():88) - ==========/
2023-09-07 16:27:10,806 [main] INFO  (DfAdditionalUniqueKeyInitializer#initializeAdditionalUniqueKey():62) - /=======================================
2023-09-07 16:27:10,807 [main] INFO  (DfAdditionalUniqueKeyInitializer#initializeAdditionalUniqueKey():63) - ...Initializing additional unique keys.
2023-09-07 16:27:10,808 [main] INFO  (DfAdditionalUniqueKeyInitializer#initializeAdditionalUniqueKey():83) - ==========/
2023-09-07 16:27:10,810 [main] INFO  (DfAdditionalForeignKeyInitializer#initializeAdditionalForeignKey():68) - /=======================================
2023-09-07 16:27:10,810 [main] INFO  (DfAdditionalForeignKeyInitializer#initializeAdditionalForeignKey():69) - ...Initializing additional foreign keys.
2023-09-07 16:27:10,812 [main] INFO  (DfAdditionalForeignKeyInitializer#initializeAdditionalForeignKey():88) - ==========/
2023-09-07 16:27:10,832 [main] INFO  (DfClsDeploymentInitializer#initializeClassificationDeployment():67) - ...Initializing ClassificationDeployment: project=jlibrary
2023-09-07 16:27:10,934 [main] INFO  (DfAbstractTexenTask#fireVelocityProcess():253) - generator.parse("doc/ControlDocument.vm", ctx);
2023-09-07 16:27:10,954 [main] INFO  (DfFlutistLog4JLogSystem#init():45) - ...Suppressing velocity.log, which is unneeded for also debug
2023-09-07 16:27:11,125 [main] INFO  (Database#doEnableDocumentOutputDirectory():1241) - ...Setting up documentOutputDirectory: ./output/doc
2023-09-07 16:27:11,137 [main] INFO  (DfDocumentSelector#doLoadSchemaHistory():242) - ...Loading schema history
2023-09-07 16:27:11,205 [main] INFO  (DfDocumentSelector#doLoadSchemaHistory():246) -  -> found history: count=4
2023-09-07 16:27:11,285 [main] INFO  (DfSchemaHtmlDataArrangeQuery#getArrangeQueryTableMap():50) -  
2023-09-07 16:27:11,285 [main] INFO  (DfSchemaHtmlDataArrangeQuery#getArrangeQueryTableMap():51) - ...Setting up arrange queries for documents (ArrangeQueryDoc)
2023-09-07 16:27:11,309 [main] INFO  (DfArrangeQueryDocSetupper#doExtractArrangeQuery():106) -  -> no arrange query
2023-09-07 16:27:11,678 [main] INFO  (DfRefreshResourceProcess#show():295) - /===========================================================================
2023-09-07 16:27:11,679 [main] INFO  (DfRefreshResourceProcess#show():295) - ...Refreshing [jlibrary] by http://localhost:8386/
2023-09-07 16:27:11,701 [main] INFO  (DfRefreshResourceProcess#show():295) - ...Retrying refreshing by default secondary URL http://localhost:8387/
2023-09-07 16:27:11,702 [main] INFO  (DfRefreshResourceProcess#show():295) - Failed to refresh the resources (continued): url=http://localhost:8386/, cause=ConnectException(Connection refused)
2023-09-07 16:27:11,702 [main] INFO  (DfRefreshResourceProcess#show():295) - ==========/
2023-09-07 16:27:11,707 [main] INFO  (DfDBFluteTaskUtil#logFinalMessage():139) - 
_/_/_/_/_/_/_/_/_/_/_/_/_/_/_/_/_/_/_/_/_/_/
[Final Message]: 00m01s088ms

  DBFLUTE_CLIENT: {jlibrary}
    database  = mysql
    language  = java
    container = spring
    package   = jp.co.jwebgate.jlibrary.dbflute

  DBFLUTE_ENVIRONMENT_TYPE: {}
    driver = com.mysql.jdbc.Driver
    url    = jdbc:mysql://localhost:3306/jlibrary
    schema = {jlibrary.$$NoNameSchema$$ as main}
    user   = root
    props  = {}
    additionalSchema = 
    repsEnvType      = ut
    refreshProject   = $$AutoDetect$$
_/_/_/_/_/_/_/_/_/_/ {Doc}
2023-09-07 16:27:14,460 [main] INFO  (TorqueDataModelTask#begin():110) - +------------------------------------------+
2023-09-07 16:27:14,462 [main] INFO  (TorqueDataModelTask#begin():111) - |                                          |
2023-09-07 16:27:14,462 [main] INFO  (TorqueDataModelTask#begin():112) - |                 Generate                 |
2023-09-07 16:27:14,463 [main] INFO  (TorqueDataModelTask#begin():113) - |                                          |
2023-09-07 16:27:14,463 [main] INFO  (TorqueDataModelTask#begin():114) - +------------------------------------------+
2023-09-07 16:27:14,489 [main] INFO  (DfDataSourceHandler#prepare():78) - ...Preparing data source:
2023-09-07 16:27:14,489 [main] INFO  (DfDataSourceHandler#prepare():79) -   driver = com.mysql.jdbc.Driver
2023-09-07 16:27:14,489 [main] INFO  (DfDataSourceHandler#prepare():80) -   url    = jdbc:mysql://localhost:3306/jlibrary
2023-09-07 16:27:14,490 [main] INFO  (DfDataSourceHandler#prepare():81) -   user   = root
2023-09-07 16:27:14,516 [main] INFO  (TorqueDataModelTask#setupControlTemplate():166) - 
2023-09-07 16:27:14,516 [main] INFO  (TorqueDataModelTask#setupControlTemplate():167) - ...Using Java control: om/ControlGenerateJava.vm
2023-09-07 16:27:14,542 [main] INFO  (DTDResolver#resolveEntity():195) - ...Resolving XML by database.dtd in same package
2023-09-07 16:27:14,591 [main] INFO  (DfAbstractTexenTask#fireVelocityProcess():253) - generator.parse("om/ControlGenerateJava.vm", ctx);
2023-09-07 16:27:14,600 [main] INFO  (DfFlutistLog4JLogSystem#init():45) - ...Suppressing velocity.log, which is unneeded for also debug
2023-09-07 16:27:14,788 [main] INFO  (Database#doEnableGenerateOutputDirectory():1209) - ...Setting up generateOutputDirectory: ../src/main/java
2023-09-07 16:27:14,792 [main] INFO  (DfAdditionalPrimaryKeyInitializer#initializeAdditionalPrimaryKey():62) - /=======================================
2023-09-07 16:27:14,792 [main] INFO  (DfAdditionalPrimaryKeyInitializer#initializeAdditionalPrimaryKey():63) - ...Initializing additional primary keys.
2023-09-07 16:27:14,793 [main] INFO  (DfAdditionalPrimaryKeyInitializer#initializeAdditionalPrimaryKey():88) - ==========/
2023-09-07 16:27:14,794 [main] INFO  (DfAdditionalUniqueKeyInitializer#initializeAdditionalUniqueKey():62) - /=======================================
2023-09-07 16:27:14,794 [main] INFO  (DfAdditionalUniqueKeyInitializer#initializeAdditionalUniqueKey():63) - ...Initializing additional unique keys.
2023-09-07 16:27:14,795 [main] INFO  (DfAdditionalUniqueKeyInitializer#initializeAdditionalUniqueKey():83) - ==========/
2023-09-07 16:27:14,797 [main] INFO  (DfAdditionalForeignKeyInitializer#initializeAdditionalForeignKey():68) - /=======================================
2023-09-07 16:27:14,797 [main] INFO  (DfAdditionalForeignKeyInitializer#initializeAdditionalForeignKey():69) - ...Initializing additional foreign keys.
2023-09-07 16:27:14,799 [main] INFO  (DfAdditionalForeignKeyInitializer#initializeAdditionalForeignKey():88) - ==========/
2023-09-07 16:27:14,807 [main] INFO  (DfClsDeploymentInitializer#initializeClassificationDeployment():67) - ...Initializing ClassificationDeployment: project=jlibrary
2023-09-07 16:27:14,812 [main] INFO  (DfIncludeQueryInitializer#initializeIncludeQuery():58) - /=============================
2023-09-07 16:27:14,812 [main] INFO  (DfIncludeQueryInitializer#initializeIncludeQuery():59) - ...Initializing include query.
2023-09-07 16:27:14,812 [main] INFO  (DfIncludeQueryInitializer#checkQueryMap():81) - String
2023-09-07 16:27:14,813 [main] INFO  (DfIncludeQueryInitializer#checkQueryMap():81) - Number
2023-09-07 16:27:14,813 [main] INFO  (DfIncludeQueryInitializer#checkQueryMap():81) - Date
2023-09-07 16:27:14,813 [main] INFO  (DfIncludeQueryInitializer#checkQueryMap():86) -   NotEqual -> []
2023-09-07 16:27:14,814 [main] INFO  (DfIncludeQueryInitializer#checkQueryMap():86) -   InScope -> []
2023-09-07 16:27:14,814 [main] INFO  (DfIncludeQueryInitializer#checkQueryMap():86) -   NotInScope -> []
2023-09-07 16:27:14,814 [main] INFO  (DfIncludeQueryInitializer#checkQueryMap():81) - OrderBy
2023-09-07 16:27:14,814 [main] INFO  (DfIncludeQueryInitializer#initializeIncludeQuery():61) - ========/
2023-09-07 16:27:14,831 [main] INFO  (Database#info():2852) - public void parseAllCommon() {
2023-09-07 16:27:14,833 [main] INFO  (Database#info():2852) -     parse('DBCurrent');
2023-09-07 16:27:14,843 [main] INFO  (Database#info():2852) -     parse('DBFluteConfig');
2023-09-07 16:27:14,864 [main] INFO  (Database#info():2852) -     parse('DBFluteInitializer');
2023-09-07 16:27:14,877 [main] INFO  (Database#info():2852) -     parse('DBMetaInstanceHandler');
2023-09-07 16:27:14,908 [main] INFO  (Database#info():2852) -     parse('EntityDefinedCommonColumn');
2023-09-07 16:27:14,923 [main] INFO  (Database#info():2852) -     parse('ImplementedBehaviorSelector');
2023-09-07 16:27:14,937 [main] INFO  (Database#info():2852) -     parse('ImplementedCommonColumnAutoSetupper');
2023-09-07 16:27:14,947 [main] INFO  (Database#info():2852) -     parse('ImplementedInvokerAssistant');
2023-09-07 16:27:14,965 [main] INFO  (Database#info():2852) -     parse('ImplementedSqlClauseCreator');
2023-09-07 16:27:14,976 [main] INFO  (Database#info():2852) - }
2023-09-07 16:27:14,976 [main] INFO  (Database#info():2852) - public void parseContainerConfig() {
2023-09-07 16:27:14,977 [main] INFO  (Database#info():2852) -     parse('jp/co/jwebgate/jlibrary/dbflute/allcommon/DBFluteBeansJavaConfig.java')
2023-09-07 16:27:15,000 [main] INFO  (Database#info():2852) - }
2023-09-07 16:27:15,005 [main] INFO  (DfOldClassHandler#info():1045) - public void deleteOldTableClass() {
2023-09-07 16:27:15,037 [main] INFO  (DfOldClassHandler#info():1045) -     delete('GenreNss');
2023-09-07 16:27:15,044 [main] INFO  (DfOldClassHandler#info():1045) - }
2023-09-07 16:27:15,044 [main] INFO  (Database#info():2852) - public void parseTableClass() {
2023-09-07 16:27:15,045 [main] INFO  (Database#info():2852) -     parse('BOOK');
2023-09-07 16:27:15,529 [main] INFO  (Database#info():2852) -     parse('GENERAL_USER');
2023-09-07 16:27:15,832 [main] INFO  (Database#info():2852) -     parse('GENRE');
2023-09-07 16:27:16,031 [main] INFO  (Database#info():2852) -     parse('ROLE');
2023-09-07 16:27:16,225 [main] INFO  (Database#info():2852) -     parse('STAFF_USER');
2023-09-07 16:27:16,512 [main] INFO  (Database#info():2852) -     parse('USER_ROLE_MAP');
2023-09-07 16:27:16,869 [main] INFO  (Database#info():2852) - }
2023-09-07 16:27:16,870 [main] INFO  (Database#info():2852) -  
2023-09-07 16:27:16,952 [main] INFO  (DfRefreshResourceProcess#show():295) - /===========================================================================
2023-09-07 16:27:16,953 [main] INFO  (DfRefreshResourceProcess#show():295) - ...Refreshing [jlibrary] by http://localhost:8386/
2023-09-07 16:27:16,956 [main] INFO  (DfRefreshResourceProcess#show():295) - ...Retrying refreshing by default secondary URL http://localhost:8387/
2023-09-07 16:27:16,958 [main] INFO  (DfRefreshResourceProcess#show():295) - Failed to refresh the resources (continued): url=http://localhost:8386/, cause=ConnectException(Connection refused)
2023-09-07 16:27:16,958 [main] INFO  (DfRefreshResourceProcess#show():295) - ==========/
2023-09-07 16:27:16,967 [main] INFO  (DfDBFluteTaskUtil#logFinalMessage():139) - 
_/_/_/_/_/_/_/_/_/_/_/_/_/_/_/_/_/_/_/_/_/_/
[Final Message]: 00m02s516ms

  DBFLUTE_CLIENT: {jlibrary}
    database  = mysql
    language  = java
    container = spring
    package   = jp.co.jwebgate.jlibrary.dbflute

  DBFLUTE_ENVIRONMENT_TYPE: {}
    driver = com.mysql.jdbc.Driver
    url    = jdbc:mysql://localhost:3306/jlibrary
    schema = {jlibrary.$$NoNameSchema$$ as main}
    user   = root
    props  = {}
    additionalSchema = 
    repsEnvType      = ut
    refreshProject   = $$AutoDetect$$
_/_/_/_/_/_/_/_/_/_/ {Generate}
2023-09-07 16:27:18,469 [main] INFO  (DfOutsideSqlTestTask#begin():77) - +------------------------------------------+
2023-09-07 16:27:18,471 [main] INFO  (DfOutsideSqlTestTask#begin():78) - |                                          |
2023-09-07 16:27:18,471 [main] INFO  (DfOutsideSqlTestTask#begin():79) - |              OutsideSqlTest              |
2023-09-07 16:27:18,471 [main] INFO  (DfOutsideSqlTestTask#begin():80) - |                                          |
2023-09-07 16:27:18,471 [main] INFO  (DfOutsideSqlTestTask#begin():81) - +------------------------------------------+
2023-09-07 16:27:18,496 [main] INFO  (DfDataSourceHandler#prepare():78) - ...Preparing data source:
2023-09-07 16:27:18,497 [main] INFO  (DfDataSourceHandler#prepare():79) -   driver = com.mysql.jdbc.Driver
2023-09-07 16:27:18,497 [main] INFO  (DfDataSourceHandler#prepare():80) -   url    = jdbc:mysql://localhost:3306/jlibrary
2023-09-07 16:27:18,497 [main] INFO  (DfDataSourceHandler#prepare():81) -   user   = root
2023-09-07 16:27:18,522 [main] INFO  (DfSqlFileFireMan#fire():68) - ...Firing: GeneralUserBhv_selectNewGeneralUserId.sql
2023-09-07 16:27:18,527 [main] INFO  (DfDataSourceHandler#createConnection():166) - ...Connecting to database by data source:
2023-09-07 16:27:18,711 [main] INFO  (DfDataSourceHandler#setupConnectionMetaInfo():233) -   product = MySQL 5.5.5-10.4.28-MariaDB
2023-09-07 16:27:18,712 [main] INFO  (DfDataSourceHandler#setupConnectionMetaInfo():234) -   driver  = MySQL Connector Java mysql-connector-java-5.1.49 ( Revision: ad86f36e100e104cd926c6b81c8cab9565750116 ) for JDBC 4.0
2023-09-07 16:27:18,736 [main] INFO  (DfOutsideSqlTestTask$1#traceSql():194) - SQL:
/*
[df:title]
追加できる最小の一般利用者IDを取得する

[df:description]
追加できる最小の一般利用者IDを取得する
*/
-- #df:entity#
-- !df:pmb!
-- !!AutoDetect!!

select 
IFNULL(CONCAT('G',LPAD(MAX(SUBSTR(GENERAL_USER_ID,2)) + 1, 5,'0')), 'G00001') AS NEW_GENERAL_USER_ID 
from GENERAL_USER
2023-09-07 16:27:18,742 [main] INFO  (DfOutsideSqlTestTask$1#traceResult():199) -  -> success=1 failure=0

2023-09-07 16:27:18,743 [main] INFO  (DfSqlFileFireMan#fire():68) - ...Firing: StaffUserBhv_selectNewStaffUserId.sql
2023-09-07 16:27:18,744 [main] INFO  (DfOutsideSqlTestTask$1#traceSql():194) - SQL:
/*
[df:title]
追加できる最小の職員IDを取得する

[df:description]
追加できる最小の職員IDを取得する
*/
-- #df:entity#
-- !df:pmb!
-- !!AutoDetect!!

select 
IFNULL(CONCAT('S',LPAD(MAX(SUBSTR(STAFF_USER_ID,2)) + 1, 5,'0')), 'S00001') AS NEW_STAFF_USER_ID 
from STAFF_USER
2023-09-07 16:27:18,748 [main] INFO  (DfOutsideSqlTestTask$1#traceResult():199) -  -> success=1 failure=0

2023-09-07 16:27:18,749 [main] INFO  (DfSqlFileFireMan#fire():93) - Fired SQL: success=2, failure=0 (in 2 files)
2023-09-07 16:27:18,749 [main] INFO  (DfDataSourceHandler#destroy():120) - ...closeReally()
2023-09-07 16:27:18,759 [main] INFO  (DfDBFluteTaskUtil#logFinalMessage():139) - 
_/_/_/_/_/_/_/_/_/_/_/_/_/_/_/_/_/_/_/_/_/_/
[Final Message]: 00m00s299ms

  DBFLUTE_CLIENT: {jlibrary}
    database  = mysql (MySQL 5.5.5-10.4.28-MariaDB)
    language  = java
    container = spring
    package   = jp.co.jwebgate.jlibrary.dbflute

  DBFLUTE_ENVIRONMENT_TYPE: {}
    driver = com.mysql.jdbc.Driver
    url    = jdbc:mysql://localhost:3306/jlibrary
    schema = {jlibrary.$$NoNameSchema$$ as main}
    user   = root
    props  = {}
    additionalSchema = 
    repsEnvType      = ut
    refreshProject   = $$AutoDetect$$

 {Checked SQL}
  o GeneralUserBhv_selectNewGeneralUserId.sql
  o StaffUserBhv_selectNewStaffUserId.sql

   o: OK (2)
_/_/_/_/_/_/_/_/_/_/ {OutsideSqlTest}
2023-09-07 16:27:19,446 [main] INFO  (DfSql2EntityTask#begin():106) - +------------------------------------------+
2023-09-07 16:27:19,448 [main] INFO  (DfSql2EntityTask#begin():107) - |                                          |
2023-09-07 16:27:19,450 [main] INFO  (DfSql2EntityTask#begin():108) - |                Sql2Entity                |
2023-09-07 16:27:19,450 [main] INFO  (DfSql2EntityTask#begin():109) - |                                          |
2023-09-07 16:27:19,450 [main] INFO  (DfSql2EntityTask#begin():110) - +------------------------------------------+
2023-09-07 16:27:19,468 [main] INFO  (DfDataSourceHandler#prepare():78) - ...Preparing data source:
2023-09-07 16:27:19,468 [main] INFO  (DfDataSourceHandler#prepare():79) -   driver = com.mysql.jdbc.Driver
2023-09-07 16:27:19,469 [main] INFO  (DfDataSourceHandler#prepare():80) -   url    = jdbc:mysql://localhost:3306/jlibrary
2023-09-07 16:27:19,469 [main] INFO  (DfDataSourceHandler#prepare():81) -   user   = root
2023-09-07 16:27:19,480 [main] INFO  (DfSql2EntityTask#setupControlTemplate():177) - 
2023-09-07 16:27:19,480 [main] INFO  (DfSql2EntityTask#setupControlTemplate():178) - ...Using Java control: om/ControlSql2EntityJava.vm
2023-09-07 16:27:19,485 [main] INFO  (DTDResolver#resolveEntity():195) - ...Resolving XML by database.dtd in same package
2023-09-07 16:27:19,546 [main] INFO  (DfSqlFileFireMan#fire():68) - ...Firing: GeneralUserBhv_selectNewGeneralUserId.sql
2023-09-07 16:27:19,552 [main] INFO  (DfDataSourceHandler#createConnection():166) - ...Connecting to database by data source:
2023-09-07 16:27:19,761 [main] INFO  (DfDataSourceHandler#setupConnectionMetaInfo():233) -   product = MySQL 5.5.5-10.4.28-MariaDB
2023-09-07 16:27:19,761 [main] INFO  (DfDataSourceHandler#setupConnectionMetaInfo():234) -   driver  = MySQL Connector Java mysql-connector-java-5.1.49 ( Revision: ad86f36e100e104cd926c6b81c8cab9565750116 ) for JDBC 4.0
2023-09-07 16:27:19,765 [main] INFO  (DfOutsideSqlAnalyzer#traceSql():330) - SQL:
/*
[df:title]
追加できる最小の一般利用者IDを取得する

[df:description]
追加できる最小の一般利用者IDを取得する
*/
-- #df:entity#
-- !df:pmb!
-- !!AutoDetect!!

select 
IFNULL(CONCAT('G',LPAD(MAX(SUBSTR(GENERAL_USER_ID,2)) + 1, 5,'0')), 'G00001') AS NEW_GENERAL_USER_ID 
from GENERAL_USER
2023-09-07 16:27:19,803 [main] INFO  (DfOutsideSqlAnalyzer#traceResult():336) -  -> success=1 failure=0
2023-09-07 16:27:19,813 [main] INFO  (DfSqlFileFireMan#fire():68) - ...Firing: StaffUserBhv_selectNewStaffUserId.sql
2023-09-07 16:27:19,815 [main] INFO  (DfOutsideSqlAnalyzer#traceSql():330) - SQL:
/*
[df:title]
追加できる最小の職員IDを取得する

[df:description]
追加できる最小の職員IDを取得する
*/
-- #df:entity#
-- !df:pmb!
-- !!AutoDetect!!

select 
IFNULL(CONCAT('S',LPAD(MAX(SUBSTR(STAFF_USER_ID,2)) + 1, 5,'0')), 'S00001') AS NEW_STAFF_USER_ID 
from STAFF_USER
2023-09-07 16:27:19,821 [main] INFO  (DfOutsideSqlAnalyzer#traceResult():336) -  -> success=1 failure=0
2023-09-07 16:27:19,821 [main] INFO  (DfSqlFileFireMan#fire():93) - Fired SQL: success=2, failure=0 (in 2 files)
2023-09-07 16:27:19,860 [main] INFO  (DfSql2EntityTask#initControlContext():311) - 
2023-09-07 16:27:19,860 [main] INFO  (DfSql2EntityTask#initControlContext():312) - ...Preparing generation of customize-entities and parameter-beans
2023-09-07 16:27:19,861 [main] INFO  (DfSql2EntityTask#initControlContext():313) - * * * * * * * * * *
2023-09-07 16:27:19,861 [main] INFO  (DfSql2EntityTask#initControlContext():314) - * CustomizeEntity *
2023-09-07 16:27:19,861 [main] INFO  (DfSql2EntityTask#initControlContext():315) - * * * * * * * * * *
2023-09-07 16:27:19,876 [main] INFO  (DfSql2EntityTask#showCustomizeEntity():927) - 
NewGeneralUserId
  NEW_GENERAL_USER_ID VARCHAR(6)

NewStaffUserId
  NEW_STAFF_USER_ID VARCHAR(6)
2023-09-07 16:27:19,876 [main] INFO  (DfSql2EntityTask#showParameterBean():932) - * * * * * * * * *
2023-09-07 16:27:19,877 [main] INFO  (DfSql2EntityTask#showParameterBean():933) - * ParameterBean *
2023-09-07 16:27:19,877 [main] INFO  (DfSql2EntityTask#showParameterBean():934) - * * * * * * * * *
2023-09-07 16:27:19,878 [main] INFO  (DfSql2EntityTask#showParameterBean():976) - 
NewGeneralUserIdPmb (typed to list, entity)

NewStaffUserIdPmb (typed to list, entity)
2023-09-07 16:27:19,880 [main] INFO  (DfAbstractTexenTask#fireVelocityProcess():253) - generator.parse("om/ControlSql2EntityJava.vm", ctx);
2023-09-07 16:27:19,901 [main] INFO  (DfFlutistLog4JLogSystem#init():45) - ...Suppressing velocity.log, which is unneeded for also debug
2023-09-07 16:27:20,054 [main] INFO  (DfClsDeploymentInitializer#initializeClassificationDeployment():67) - ...Initializing ClassificationDeployment: project=jlibrary
2023-09-07 16:27:20,055 [main] INFO  (DfClsDeploymentInitializer#initializeClassificationDeployment():67) - ...Initializing ClassificationDeployment: project=jlibrary
2023-09-07 16:27:20,060 [main] INFO  (Database#doEnableSql2EntityOutputDirectory():1225) - ...Setting up sql2EntityOutputDirectory: ../src/main/java
2023-09-07 16:27:20,062 [main] INFO  (DfOldClassHandler#info():1045) - public void deleteOldCustomizeClass() {
2023-09-07 16:27:20,072 [main] INFO  (DfOldClassHandler#info():1045) - }
2023-09-07 16:27:20,072 [main] INFO  (Database#info():2852) - public void parseCustomizeEntity() {
2023-09-07 16:27:20,154 [main] INFO  (Database#info():2852) -     parse('NewGeneralUserId')
2023-09-07 16:27:20,192 [main] INFO  (Database#info():2852) -     parse('NewStaffUserId')
2023-09-07 16:27:20,193 [main] INFO  (Database#info():2852) - }
2023-09-07 16:27:20,195 [main] INFO  (Database#info():2852) - public void parseParameterBean() {
2023-09-07 16:27:20,202 [main] INFO  (Database#info():2852) -     parse('NewGeneralUserIdPmb');
2023-09-07 16:27:20,229 [main] INFO  (Database#info():2852) -     parse('NewStaffUserIdPmb');
2023-09-07 16:27:20,250 [main] INFO  (Database#info():2852) - }
2023-09-07 16:27:20,285 [main] INFO  (DfSql2EntityTask#showTargetSqlFileInformation():303) - 
/- - - - - - - - - - - - - - - - - - - - - - - -
Target SQL files: 2

  GeneralUserBhv_selectNewGeneralUserId.sql
  StaffUserBhv_selectNewStaffUserId.sql
- - - - - - - - - -/
2023-09-07 16:27:20,292 [main] INFO  (DfRefreshResourceProcess#show():295) - /===========================================================================
2023-09-07 16:27:20,292 [main] INFO  (DfRefreshResourceProcess#show():295) - ...Refreshing [jlibrary] by http://localhost:8386/
2023-09-07 16:27:20,294 [main] INFO  (DfRefreshResourceProcess#show():295) - ...Retrying refreshing by default secondary URL http://localhost:8387/
2023-09-07 16:27:20,295 [main] INFO  (DfRefreshResourceProcess#show():295) - Failed to refresh the resources (continued): url=http://localhost:8386/, cause=ConnectException(Connection refused)
2023-09-07 16:27:20,296 [main] INFO  (DfRefreshResourceProcess#show():295) - ==========/
2023-09-07 16:27:20,296 [main] INFO  (DfDataSourceHandler#destroy():120) - ...closeReally()
2023-09-07 16:27:20,304 [main] INFO  (DfDBFluteTaskUtil#logFinalMessage():139) - 
_/_/_/_/_/_/_/_/_/_/_/_/_/_/_/_/_/_/_/_/_/_/
[Final Message]: 00m00s865ms

  DBFLUTE_CLIENT: {jlibrary}
    database  = mysql (MySQL 5.5.5-10.4.28-MariaDB)
    language  = java
    container = spring
    package   = jp.co.jwebgate.jlibrary.dbflute

  DBFLUTE_ENVIRONMENT_TYPE: {}
    driver = com.mysql.jdbc.Driver
    url    = jdbc:mysql://localhost:3306/jlibrary
    schema = {jlibrary.$$NoNameSchema$$ as main}
    user   = root
    props  = {}
    additionalSchema = 
    repsEnvType      = ut
    refreshProject   = $$AutoDetect$$
_/_/_/_/_/_/_/_/_/_/ {Sql2Entity}
2023-09-09 10:58:25,892 [main] INFO  (DfReplaceSchemaTask#begin():94) - +------------------------------------------+
2023-09-09 10:58:25,899 [main] INFO  (DfReplaceSchemaTask#begin():95) - |                                          |
2023-09-09 10:58:25,899 [main] INFO  (DfReplaceSchemaTask#begin():96) - |              ReplaceSchema               |
2023-09-09 10:58:25,920 [main] INFO  (DfReplaceSchemaTask#begin():104) - |                                          |
2023-09-09 10:58:25,921 [main] INFO  (DfReplaceSchemaTask#begin():105) - +------------------------------------------+
2023-09-09 10:58:25,923 [main] INFO  (DfReplaceSchemaTask#waitBeforeReps():423) - ...Waiting for your GO SIGN from stdin before ReplaceSchema:
2023-09-09 10:58:27,343 [main] INFO  (DfDataSourceHandler#prepare():78) - ...Preparing data source:
2023-09-09 10:58:27,343 [main] INFO  (DfDataSourceHandler#prepare():79) -   driver = com.mysql.jdbc.Driver
2023-09-09 10:58:27,344 [main] INFO  (DfDataSourceHandler#prepare():80) -   url    = jdbc:mysql://localhost:3306/jlibrary
2023-09-09 10:58:27,345 [main] INFO  (DfDataSourceHandler#prepare():81) -   user   = root
2023-09-09 10:58:27,361 [main] INFO  (DfDataSourceHandler#createConnection():166) - ...Connecting to database by data source:
2023-09-09 10:58:27,952 [main] INFO  (DfDataSourceHandler#setupConnectionMetaInfo():233) -   product = MySQL 5.5.5-10.4.28-MariaDB
2023-09-09 10:58:27,953 [main] INFO  (DfDataSourceHandler#setupConnectionMetaInfo():234) -   driver  = MySQL Connector Java mysql-connector-java-5.1.49 ( Revision: ad86f36e100e104cd926c6b81c8cab9565750116 ) for JDBC 4.0
2023-09-09 10:58:27,974 [main] INFO  (DfCreateSchemaProcess#initializeSchemaMainDrop():253) - 
2023-09-09 10:58:27,974 [main] INFO  (DfCreateSchemaProcess#initializeSchemaMainDrop():254) - * * * * * * * * * * *
2023-09-09 10:58:27,975 [main] INFO  (DfCreateSchemaProcess#initializeSchemaMainDrop():255) - *                   *
2023-09-09 10:58:27,975 [main] INFO  (DfCreateSchemaProcess#initializeSchemaMainDrop():256) - * Initialize Schema *
2023-09-09 10:58:27,976 [main] INFO  (DfCreateSchemaProcess#initializeSchemaMainDrop():257) - *                   *
2023-09-09 10:58:27,976 [main] INFO  (DfCreateSchemaProcess#initializeSchemaMainDrop():258) - * * * * * * * * * * *
2023-09-09 10:58:27,994 [main] INFO  (DfTableExtractor#doGetTableList():66) - ...Getting tables:
2023-09-09 10:58:27,995 [main] INFO  (DfTableExtractor#doGetTableList():67) -   schema = {jlibrary.$$NoNameSchema$$ as main}
2023-09-09 10:58:27,995 [main] INFO  (DfTableExtractor#doGetTableList():68) -   types  = [TABLE, VIEW]
2023-09-09 10:58:28,074 [main] INFO  (DfSchemaInitializerJdbc#logReplaceSql():614) - truncate table BOOK
2023-09-09 10:58:28,121 [main] INFO  (DfSchemaInitializerJdbc#logReplaceSql():614) - truncate table USER_ROLE_MAP
2023-09-09 10:58:28,142 [main] INFO  (DfSchemaInitializerJdbc#logReplaceSql():614) - alter table BOOK drop foreign key book_ibfk_1
2023-09-09 10:58:28,177 [main] INFO  (DfSchemaInitializerJdbc#logReplaceSql():614) - alter table USER_ROLE_MAP drop foreign key user_role_map_ibfk_2
2023-09-09 10:58:28,186 [main] INFO  (DfSchemaInitializerJdbc#logReplaceSql():614) - alter table USER_ROLE_MAP drop foreign key user_role_map_ibfk_3
2023-09-09 10:58:28,196 [main] INFO  (DfSchemaInitializerJdbc#logReplaceSql():614) - alter table USER_ROLE_MAP drop foreign key user_role_map_ibfk_1
2023-09-09 10:58:28,209 [main] INFO  (DfSchemaInitializerJdbc#logReplaceSql():614) - drop table BOOK
2023-09-09 10:58:28,216 [main] INFO  (DfSchemaInitializerJdbc#logReplaceSql():614) - drop table GENERAL_USER
2023-09-09 10:58:28,221 [main] INFO  (DfSchemaInitializerJdbc#logReplaceSql():614) - drop table GENRE
2023-09-09 10:58:28,226 [main] INFO  (DfSchemaInitializerJdbc#logReplaceSql():614) - drop table ROLE
2023-09-09 10:58:28,229 [main] INFO  (DfSchemaInitializerJdbc#logReplaceSql():614) - drop table STAFF_USER
2023-09-09 10:58:28,233 [main] INFO  (DfSchemaInitializerJdbc#logReplaceSql():614) - drop table USER_ROLE_MAP
2023-09-09 10:58:28,270 [main] INFO  (DfCreateSchemaProcess#createSchema():293) - 
2023-09-09 10:58:28,271 [main] INFO  (DfCreateSchemaProcess#createSchema():294) - * * * * * * * * *
2023-09-09 10:58:28,271 [main] INFO  (DfCreateSchemaProcess#createSchema():295) - *               *
2023-09-09 10:58:28,271 [main] INFO  (DfCreateSchemaProcess#createSchema():296) - * Create Schema *
2023-09-09 10:58:28,272 [main] INFO  (DfCreateSchemaProcess#createSchema():297) - *               *
2023-09-09 10:58:28,272 [main] INFO  (DfCreateSchemaProcess#createSchema():298) - * * * * * * * * *
2023-09-09 10:58:28,276 [main] INFO  (DfSqlFileFireMan#fire():68) - ...Firing: replace-schema.sql
2023-09-09 10:58:28,283 [main] INFO  (DfSqlFileRunnerBase#traceSql():168) - 
CREATE TABLE `ROLE` (
  `ID` INT (50) NOT NULL COMMENT 'ID' AUTO_INCREMENT,
  `CD` VARCHAR (255) NOT NULL COMMENT 'コード',
  `NAME` VARCHAR (255) NOT NULL COMMENT '名称',
  `REMARKS` VARCHAR (255) DEFAULT NULL COMMENT '備考',
  `DELETE_FLG` CHAR (1) NOT NULL DEFAULT '0' COMMENT '削除フラグ',
  `VERSION` INT (50) DEFAULT '0' COMMENT 'バージョン',
  `CREATED` DATETIME DEFAULT CURRENT_TIMESTAMP ON UPDATE CURRENT_TIMESTAMP COMMENT '登録日時',
  `MODIFIED` DATETIME DEFAULT CURRENT_TIMESTAMP ON UPDATE CURRENT_TIMESTAMP COMMENT '更新日時',
  `MODIFIED_BY` VARCHAR (255) COMMENT '更新者',
  PRIMARY KEY(ID)
)
COMMENT='権限'
2023-09-09 10:58:28,308 [main] INFO  (DfSqlFileRunnerBase#traceSql():168) - 
CREATE TABLE `STAFF_USER` (
  `ID` INT (50) NOT NULL COMMENT 'ID' AUTO_INCREMENT,
  `STAFF_USER_ID` VARCHAR (10) NOT NULL COMMENT '職員ID',
  `PASSWORD` VARCHAR (255) NOT NULL COMMENT 'パスワード',
  `NAME_KANA` VARCHAR (50) NOT NULL COMMENT '氏名カナ',
  `NAME` VARCHAR (25) NOT NULL COMMENT '氏名',
  `EMAIL` VARCHAR (255) NOT NULL COMMENT 'メールアドレス',
  `REMARKS` VARCHAR (255) DEFAULT NULL COMMENT '備考',
  `DELETE_FLG` CHAR (1) NOT NULL DEFAULT '0' COMMENT '削除フラグ',
  `VERSION` INT (50) DEFAULT '0' COMMENT 'バージョン',
  `CREATED` DATETIME DEFAULT CURRENT_TIMESTAMP ON UPDATE CURRENT_TIMESTAMP COMMENT '登録日時',
  `MODIFIED` DATETIME DEFAULT CURRENT_TIMESTAMP ON UPDATE CURRENT_TIMESTAMP COMMENT '更新日時',
  `MODIFIED_BY` VARCHAR (255) COMMENT '更新者',
  PRIMARY KEY(ID,STAFF_USER_ID),
  UNIQUE KEY(STAFF_USER_ID)
)
COMMENT='職員'
2023-09-09 10:58:28,323 [main] INFO  (DfSqlFileRunnerBase#traceSql():168) - 
CREATE TABLE `GENERAL_USER` (
  `ID` INT (50) NOT NULL COMMENT 'ID' AUTO_INCREMENT,
  `GENERAL_USER_ID` VARCHAR (10) NOT NULL COMMENT '利用者ID',
  `PASSWORD` VARCHAR (255) NOT NULL COMMENT 'パスワード',
  `NAME_KANA` VARCHAR (50) NOT NULL COMMENT 'フリガナ',
  `NAME` VARCHAR (25) NOT NULL COMMENT '氏名',
  `BIRTHDAY` DATE NOT NULL COMMENT '生年月日',
  `PHONE_NUMBER` VARCHAR (11) NOT NULL COMMENT '電話番号',
  `ADDRESS` VARCHAR (255) NOT NULL COMMENT '住所',
  `REMARKS` VARCHAR (255) DEFAULT NULL COMMENT '備考',
  `DELETE_FLG` CHAR (1) NOT NULL DEFAULT '0' COMMENT '削除フラグ',
  `VERSION` INT (50) DEFAULT '0' COMMENT 'バージョン',
  `CREATED` DATETIME DEFAULT CURRENT_TIMESTAMP ON UPDATE CURRENT_TIMESTAMP COMMENT '登録日時',
  `MODIFIED` DATETIME DEFAULT CURRENT_TIMESTAMP ON UPDATE CURRENT_TIMESTAMP COMMENT '更新日時',
  `MODIFIED_BY` VARCHAR (255) COMMENT '更新者',
  PRIMARY KEY(ID,GENERAL_USER_ID),
  UNIQUE KEY(GENERAL_USER_ID)
)
COMMENT='一般利用者'
2023-09-09 10:58:28,370 [main] INFO  (DfSqlFileRunnerBase#traceSql():168) - 
CREATE TABLE `GENRE` (
  `ID` INT (50) NOT NULL COMMENT 'ID' AUTO_INCREMENT,
  `GENRE_NAME` VARCHAR (25) COMMENT 'ジャンル名',
  `GENRE_CODE` VARCHAR (3) NOT NULL COMMENT 'ジャンルコード',
  `REMARKS` VARCHAR (255) DEFAULT NULL COMMENT '備考',
  `DELETE_FLG` CHAR (1) NOT NULL DEFAULT '0' COMMENT '削除フラグ',
  `VERSION` INT (50) DEFAULT '0' COMMENT 'バージョン',
  `CREATED` DATETIME DEFAULT CURRENT_TIMESTAMP ON UPDATE CURRENT_TIMESTAMP COMMENT '登録日時',
  `MODIFIED` DATETIME DEFAULT CURRENT_TIMESTAMP ON UPDATE CURRENT_TIMESTAMP COMMENT '更新日時',
  `MODIFIED_BY` VARCHAR (255) COMMENT '更新者',
  PRIMARY KEY(ID,GENRE_CODE)
)
COMMENT='ジャンル'
2023-09-09 10:58:28,390 [main] INFO  (DfSqlFileRunnerBase#traceSql():168) - 
CREATE TABLE `USER_ROLE_MAP` (
  `ID` INT (50) NOT NULL COMMENT 'ID' AUTO_INCREMENT,
  `STAFF_USER_ID` VARCHAR (10) COMMENT '職員ID',
  `GENERAL_USER_ID` VARCHAR (10) COMMENT '利用者ID',
  `ROLE_ID` INT (50) NOT NULL COMMENT '権限ID',
  `REMARKS` VARCHAR (255) DEFAULT NULL COMMENT '備考',
  `DELETE_FLG` CHAR (1) NOT NULL DEFAULT '0' COMMENT '削除フラグ',
  `VERSION` INT (50) DEFAULT '0' COMMENT 'バージョン',
  `CREATED` DATETIME DEFAULT CURRENT_TIMESTAMP ON UPDATE CURRENT_TIMESTAMP COMMENT '登録日時',
  `MODIFIED` DATETIME DEFAULT CURRENT_TIMESTAMP ON UPDATE CURRENT_TIMESTAMP COMMENT '更新日時',
  `MODIFIED_BY` VARCHAR (255) COMMENT '更新者',
  PRIMARY KEY(ID),
  UNIQUE KEY(STAFF_USER_ID,GENERAL_USER_ID,ROLE_ID),
  FOREIGN KEY (STAFF_USER_ID) REFERENCES STAFF_USER(STAFF_USER_ID),
  FOREIGN KEY (GENERAL_USER_ID) REFERENCES GENERAL_USER(GENERAL_USER_ID),
  FOREIGN KEY (ROLE_ID) REFERENCES ROLE(ID)
)
COMMENT='ユーザー権限マップ'
2023-09-09 10:58:28,420 [main] INFO  (DfSqlFileRunnerBase#traceSql():168) - 
CREATE TABLE `BOOK` (
  `ID` INT (50) NOT NULL COMMENT 'ID' AUTO_INCREMENT,
  `TITLE` VARCHAR (255) NOT NULL COMMENT 'タイトル',
  `AUTHOR` VARCHAR (50) NOT NULL COMMENT '著者',
  `ISBN_10` VARCHAR (10) COMMENT 'ISBN-10',
  `ISBN_13` VARCHAR (13) COMMENT 'ISBN-13',
  `PUBLISHER` VARCHAR (25) NOT NULL COMMENT '出版社',
  `GENRE_ID` INT (50) COMMENT 'ジャンルID',
  `SHELF_NUMBER` VARCHAR (3) COMMENT '棚番号',
  `CONTROL_NUMBER` VARCHAR (10) NOT NULL COMMENT '管理番号',
  `REMARKS` VARCHAR (255) DEFAULT NULL COMMENT '備考',
  `DELETE_FLG` CHAR (1) NOT NULL DEFAULT '0' COMMENT '削除フラグ',
  `VERSION` INT (50) DEFAULT '0' COMMENT 'バージョン',
  `CREATED` DATETIME DEFAULT CURRENT_TIMESTAMP ON UPDATE CURRENT_TIMESTAMP COMMENT '登録日時',
  `MODIFIED` DATETIME DEFAULT CURRENT_TIMESTAMP ON UPDATE CURRENT_TIMESTAMP COMMENT '更新日時',
  `MODIFIED_BY` VARCHAR (255) COMMENT '更新者',
  PRIMARY KEY(ID,CONTROL_NUMBER),
  FOREIGN KEY (GENRE_ID) REFERENCES GENRE(ID)
)
COMMENT='図書'
2023-09-09 10:58:28,440 [main] INFO  (DfSqlFileRunnerBase#traceResult():172) -  -> success=6 failure=0
2023-09-09 10:58:28,440 [main] INFO  (DfSqlFileFireMan#fire():93) - Create Schema: success=6, failure=0 (in 1 files)
2023-09-09 10:58:28,523 [main] INFO  (DfLoadDataProcess#execute():133) - 
2023-09-09 10:58:28,524 [main] INFO  (DfLoadDataProcess#execute():134) - * * * * * * * * * * *
2023-09-09 10:58:28,524 [main] INFO  (DfLoadDataProcess#execute():135) - *                   *
2023-09-09 10:58:28,525 [main] INFO  (DfLoadDataProcess#execute():136) - * Load Data         *
2023-09-09 10:58:28,525 [main] INFO  (DfLoadDataProcess#execute():137) - *                   *
2023-09-09 10:58:28,525 [main] INFO  (DfLoadDataProcess#execute():138) - * * * * * * * * * * *
2023-09-09 10:58:28,581 [main] INFO  (DfDelimiterDataWriterImpl#writeData():97) - /= = = = = = = = = = = = = = = = = = = = = = = = = = = = = = = = = 
2023-09-09 10:58:28,582 [main] INFO  (DfDelimiterDataWriterImpl#writeData():98) - writeData(playsql/data/common/csv/UTF-8/GENRE.csv)
2023-09-09 10:58:28,582 [main] INFO  (DfDelimiterDataWriterImpl#writeData():99) - = = = = = = =/
2023-09-09 10:58:28,584 [main] INFO  (DfTableExtractor#doGetTableList():66) - ...Getting tables:
2023-09-09 10:58:28,584 [main] INFO  (DfTableExtractor#doGetTableList():67) -   schema = {jlibrary.$$NoNameSchema$$ as main}
2023-09-09 10:58:28,585 [main] INFO  (DfTableExtractor#doGetTableList():68) -   types  = [TABLE, VIEW]
2023-09-09 10:58:28,627 [main] INFO  (DfAbsractDataWriter#handleLoggingInsert():1090) - GENRE:{1, 総記, 000, null, 0, 0, 2023-08-01 0:00:00, 2023-08-01 0:00:00, PATCH}
2023-09-09 10:58:28,726 [main] INFO  (DfAbsractDataWriter#handleLoggingInsert():1090) - GENRE:{2, null, 001, null, 0, 0, 2023-08-01 0:00:00, 2023-08-01 0:00:00, PATCH}
2023-09-09 10:58:28,729 [main] INFO  (DfAbsractDataWriter#handleLoggingInsert():1090) - GENRE:{3, 知識. 学問. 学術, 002, null, 0, 0, 2023-08-01 0:00:00, 2023-08-01 0:00:00, PATCH}
2023-09-09 10:58:28,734 [main] INFO  (DfAbsractDataWriter#handleLoggingInsert():1090) - GENRE:{4, null, 003, null, 0, 0, 2023-08-01 0:00:00, 2023-08-01 0:00:00, PATCH}
2023-09-09 10:58:28,737 [main] INFO  (DfAbsractDataWriter#handleLoggingInsert():1090) - GENRE:{5, null, 004, null, 0, 0, 2023-08-01 0:00:00, 2023-08-01 0:00:00, PATCH}
2023-09-09 10:58:28,739 [main] INFO  (DfAbsractDataWriter#handleLoggingInsert():1090) - GENRE:{6, null, 005, null, 0, 0, 2023-08-01 0:00:00, 2023-08-01 0:00:00, PATCH}
2023-09-09 10:58:28,742 [main] INFO  (DfAbsractDataWriter#handleLoggingInsert():1090) - GENRE:{7, null, 006, null, 0, 0, 2023-08-01 0:00:00, 2023-08-01 0:00:00, PATCH}
2023-09-09 10:58:28,743 [main] INFO  (DfAbsractDataWriter#handleLoggingInsert():1090) - GENRE:{8, 情報学. 情報科学, 007, null, 0, 0, 2023-08-01 0:00:00, 2023-08-01 0:00:00, PATCH}
2023-09-09 10:58:28,749 [main] INFO  (DfAbsractDataWriter#handleLoggingInsert():1090) - GENRE:{9, null, 008, null, 0, 0, 2023-08-01 0:00:00, 2023-08-01 0:00:00, PATCH}
2023-09-09 10:58:28,751 [main] INFO  (DfAbsractDataWriter#handleLoggingInsert():1090) - GENRE:{10, null, 009, null, 0, 0, 2023-08-01 0:00:00, 2023-08-01 0:00:00, PATCH}
2023-09-09 10:58:28,754 [main] INFO  (DfAbsractDataWriter#handleLoggingInsert():1090) - GENRE:{11, 図書館. 図書館学, 010, null, 0, 0, 2023-08-01 0:00:00, 2023-08-01 0:00:00, PATCH}
2023-09-09 10:58:28,757 [main] INFO  (DfAbsractDataWriter#handleLoggingInsert():1090) - GENRE:{12, 図書館政策. 図書館行財政, 011, null, 0, 0, 2023-08-01 0:00:00, 2023-08-01 0:00:00, PATCH}
2023-09-09 10:58:28,761 [main] INFO  (DfAbsractDataWriter#handleLoggingInsert():1090) - GENRE:{13, 図書館建築. 図書館設備, 012, null, 0, 0, 2023-08-01 0:00:00, 2023-08-01 0:00:00, PATCH}
2023-09-09 10:58:28,764 [main] INFO  (DfAbsractDataWriter#handleLoggingInsert():1090) - GENRE:{14, 図書館経営・管理, 013, null, 0, 0, 2023-08-01 0:00:00, 2023-08-01 0:00:00, PATCH}
2023-09-09 10:58:28,766 [main] INFO  (DfAbsractDataWriter#handleLoggingInsert():1090) - GENRE:{15, 情報資源の収集・組織化・保存, 014, null, 0, 0, 2023-08-01 0:00:00, 2023-08-01 0:00:00, PATCH}
2023-09-09 10:58:28,768 [main] INFO  (DfAbsractDataWriter#handleLoggingInsert():1090) - GENRE:{16, 図書館サービス. 図書館活動, 015, null, 0, 0, 2023-08-01 0:00:00, 2023-08-01 0:00:00, PATCH}
2023-09-09 10:58:28,776 [main] INFO  (DfAbsractDataWriter#handleLoggingInsert():1090) - GENRE:{17, 各種の図書館, 016, null, 0, 0, 2023-08-01 0:00:00, 2023-08-01 0:00:00, PATCH}
2023-09-09 10:58:28,778 [main] INFO  (DfAbsractDataWriter#handleLoggingInsert():1090) - GENRE:{18, 学校図書館, 017, null, 0, 0, 2023-08-01 0:00:00, 2023-08-01 0:00:00, PATCH}
2023-09-09 10:58:28,781 [main] INFO  (DfAbsractDataWriter#handleLoggingInsert():1090) - GENRE:{19, 専門図書館, 018, null, 0, 0, 2023-08-01 0:00:00, 2023-08-01 0:00:00, PATCH}
2023-09-09 10:58:28,784 [main] INFO  (DfAbsractDataWriter#handleLoggingInsert():1090) - GENRE:{20, 読書. 読書法, 019, null, 0, 0, 2023-08-01 0:00:00, 2023-08-01 0:00:00, PATCH}
2023-09-09 10:58:28,794 [main] INFO  (DfAbsractDataWriter#handleLoggingInsert():1090) - GENRE:{21, 図書. 書誌学, 020, null, 0, 0, 2023-08-01 0:00:00, 2023-08-01 0:00:00, PATCH}
2023-09-09 10:58:28,796 [main] INFO  (DfAbsractDataWriter#handleLoggingInsert():1090) - GENRE:{22, 著作. 編集, 021, null, 0, 0, 2023-08-01 0:00:00, 2023-08-01 0:00:00, PATCH}
2023-09-09 10:58:28,798 [main] INFO  (DfAbsractDataWriter#handleLoggingInsert():1090) - GENRE:{23, 写本. 刊本. 造本, 022, null, 0, 0, 2023-08-01 0:00:00, 2023-08-01 0:00:00, PATCH}
2023-09-09 10:58:28,801 [main] INFO  (DfAbsractDataWriter#handleLoggingInsert():1090) - GENRE:{24, 出版, 023, null, 0, 0, 2023-08-01 0:00:00, 2023-08-01 0:00:00, PATCH}
2023-09-09 10:58:28,808 [main] INFO  (DfAbsractDataWriter#handleLoggingInsert():1090) - GENRE:{25, 図書の販売, 024, null, 0, 0, 2023-08-01 0:00:00, 2023-08-01 0:00:00, PATCH}
2023-09-09 10:58:28,810 [main] INFO  (DfAbsractDataWriter#handleLoggingInsert():1090) - GENRE:{26, 一般書誌. 全国書誌, 025, null, 0, 0, 2023-08-01 0:00:00, 2023-08-01 0:00:00, PATCH}
2023-09-09 10:58:28,811 [main] INFO  (DfAbsractDataWriter#handleLoggingInsert():1090) - GENRE:{27, 稀書目録. 善本目録, 026, null, 0, 0, 2023-08-01 0:00:00, 2023-08-01 0:00:00, PATCH}
2023-09-09 10:58:28,813 [main] INFO  (DfAbsractDataWriter#handleLoggingInsert():1090) - GENRE:{28, 特種目録, 027, null, 0, 0, 2023-08-01 0:00:00, 2023-08-01 0:00:00, PATCH}
2023-09-09 10:58:28,815 [main] INFO  (DfAbsractDataWriter#handleLoggingInsert():1090) - GENRE:{29, 選定図書目録. 参考図書目録, 028, null, 0, 0, 2023-08-01 0:00:00, 2023-08-01 0:00:00, PATCH}
2023-09-09 10:58:28,817 [main] INFO  (DfAbsractDataWriter#handleLoggingInsert():1090) - GENRE:{30, 蔵書目録. 総合目録, 029, null, 0, 0, 2023-08-01 0:00:00, 2023-08-01 0:00:00, PATCH}
2023-09-09 10:58:28,823 [main] INFO  (DfAbsractDataWriter#handleLoggingInsert():1090) - GENRE:{31, 百科事典, 030, null, 0, 0, 2023-08-01 0:00:00, 2023-08-01 0:00:00, PATCH}
2023-09-09 10:58:28,824 [main] INFO  (DfAbsractDataWriter#handleLoggingInsert():1090) - GENRE:{32, 日本語, 031, null, 0, 0, 2023-08-01 0:00:00, 2023-08-01 0:00:00, PATCH}
2023-09-09 10:58:28,826 [main] INFO  (DfAbsractDataWriter#handleLoggingInsert():1090) - GENRE:{33, 中国語, 032, null, 0, 0, 2023-08-01 0:00:00, 2023-08-01 0:00:00, PATCH}
2023-09-09 10:58:28,827 [main] INFO  (DfAbsractDataWriter#handleLoggingInsert():1090) - GENRE:{34, 英語, 033, null, 0, 0, 2023-08-01 0:00:00, 2023-08-01 0:00:00, PATCH}
2023-09-09 10:58:28,829 [main] INFO  (DfAbsractDataWriter#handleLoggingInsert():1090) - GENRE:{35, ドイツ語, 034, null, 0, 0, 2023-08-01 0:00:00, 2023-08-01 0:00:00, PATCH}
2023-09-09 10:58:28,831 [main] INFO  (DfAbsractDataWriter#handleLoggingInsert():1090) - GENRE:{36, フランス語, 035, null, 0, 0, 2023-08-01 0:00:00, 2023-08-01 0:00:00, PATCH}
2023-09-09 10:58:28,840 [main] INFO  (DfAbsractDataWriter#handleLoggingInsert():1090) - GENRE:{37, スペイン語, 036, null, 0, 0, 2023-08-01 0:00:00, 2023-08-01 0:00:00, PATCH}
2023-09-09 10:58:28,842 [main] INFO  (DfAbsractDataWriter#handleLoggingInsert():1090) - GENRE:{38, イタリア語, 037, null, 0, 0, 2023-08-01 0:00:00, 2023-08-01 0:00:00, PATCH}
2023-09-09 10:58:28,844 [main] INFO  (DfAbsractDataWriter#handleLoggingInsert():1090) - GENRE:{39, ロシア語, 038, null, 0, 0, 2023-08-01 0:00:00, 2023-08-01 0:00:00, PATCH}
2023-09-09 10:58:28,863 [main] INFO  (DfAbsractDataWriter#handleLoggingInsert():1090) - GENRE:{40, 用語索引, 039, null, 0, 0, 2023-08-01 0:00:00, 2023-08-01 0:00:00, PATCH}
2023-09-09 10:58:28,904 [main] INFO  (DfAbsractDataWriter#handleLoggingInsert():1090) - GENRE:{41, 一般論文集. 一般講演集, 040, null, 0, 0, 2023-08-01 0:00:00, 2023-08-01 0:00:00, PATCH}
2023-09-09 10:58:28,909 [main] INFO  (DfAbsractDataWriter#handleLoggingInsert():1090) - GENRE:{42, 日本語, 041, null, 0, 0, 2023-08-01 0:00:00, 2023-08-01 0:00:00, PATCH}
2023-09-09 10:58:28,912 [main] INFO  (DfAbsractDataWriter#handleLoggingInsert():1090) - GENRE:{43, 中国語, 042, null, 0, 0, 2023-08-01 0:00:00, 2023-08-01 0:00:00, PATCH}
2023-09-09 10:58:28,915 [main] INFO  (DfAbsractDataWriter#handleLoggingInsert():1090) - GENRE:{44, 英語, 043, null, 0, 0, 2023-08-01 0:00:00, 2023-08-01 0:00:00, PATCH}
2023-09-09 10:58:28,919 [main] INFO  (DfAbsractDataWriter#handleLoggingInsert():1090) - GENRE:{45, ドイツ語, 044, null, 0, 0, 2023-08-01 0:00:00, 2023-08-01 0:00:00, PATCH}
2023-09-09 10:58:28,921 [main] INFO  (DfAbsractDataWriter#handleLoggingInsert():1090) - GENRE:{46, フランス語, 045, null, 0, 0, 2023-08-01 0:00:00, 2023-08-01 0:00:00, PATCH}
2023-09-09 10:58:28,923 [main] INFO  (DfAbsractDataWriter#handleLoggingInsert():1090) - GENRE:{47, スペイン語, 046, null, 0, 0, 2023-08-01 0:00:00, 2023-08-01 0:00:00, PATCH}
2023-09-09 10:58:28,928 [main] INFO  (DfAbsractDataWriter#handleLoggingInsert():1090) - GENRE:{48, イタリア語, 047, null, 0, 0, 2023-08-01 0:00:00, 2023-08-01 0:00:00, PATCH}
2023-09-09 10:58:28,930 [main] INFO  (DfAbsractDataWriter#handleLoggingInsert():1090) - GENRE:{49, ロシア語, 048, null, 0, 0, 2023-08-01 0:00:00, 2023-08-01 0:00:00, PATCH}
2023-09-09 10:58:28,932 [main] INFO  (DfAbsractDataWriter#handleLoggingInsert():1090) - GENRE:{50, 雑著, 049, null, 0, 0, 2023-08-01 0:00:00, 2023-08-01 0:00:00, PATCH}
2023-09-09 10:58:28,935 [main] INFO  (DfAbsractDataWriter#handleLoggingInsert():1090) - GENRE:{51, 逐次刊行物, 050, null, 0, 0, 2023-08-01 0:00:00, 2023-08-01 0:00:00, PATCH}
2023-09-09 10:58:28,970 [main] INFO  (DfAbsractDataWriter#handleLoggingInsert():1090) - GENRE:{52, 日本語, 051, null, 0, 0, 2023-08-01 0:00:00, 2023-08-01 0:00:00, PATCH}
2023-09-09 10:58:28,981 [main] INFO  (DfAbsractDataWriter#handleLoggingInsert():1090) - GENRE:{53, 中国語, 052, null, 0, 0, 2023-08-01 0:00:00, 2023-08-01 0:00:00, PATCH}
2023-09-09 10:58:28,984 [main] INFO  (DfAbsractDataWriter#handleLoggingInsert():1090) - GENRE:{54, 英語, 053, null, 0, 0, 2023-08-01 0:00:00, 2023-08-01 0:00:00, PATCH}
2023-09-09 10:58:28,986 [main] INFO  (DfAbsractDataWriter#handleLoggingInsert():1090) - GENRE:{55, ドイツ語, 054, null, 0, 0, 2023-08-01 0:00:00, 2023-08-01 0:00:00, PATCH}
2023-09-09 10:58:28,990 [main] INFO  (DfAbsractDataWriter#handleLoggingInsert():1090) - GENRE:{56, フランス語, 055, null, 0, 0, 2023-08-01 0:00:00, 2023-08-01 0:00:00, PATCH}
2023-09-09 10:58:28,993 [main] INFO  (DfAbsractDataWriter#handleLoggingInsert():1090) - GENRE:{57, スペイン語, 056, null, 0, 0, 2023-08-01 0:00:00, 2023-08-01 0:00:00, PATCH}
2023-09-09 10:58:28,995 [main] INFO  (DfAbsractDataWriter#handleLoggingInsert():1090) - GENRE:{58, イタリア語, 057, null, 0, 0, 2023-08-01 0:00:00, 2023-08-01 0:00:00, PATCH}
2023-09-09 10:58:28,997 [main] INFO  (DfAbsractDataWriter#handleLoggingInsert():1090) - GENRE:{59, ロシア語, 058, null, 0, 0, 2023-08-01 0:00:00, 2023-08-01 0:00:00, PATCH}
2023-09-09 10:58:28,999 [main] INFO  (DfAbsractDataWriter#handleLoggingInsert():1090) - GENRE:{60, 一般年鑑, 059, null, 0, 0, 2023-08-01 0:00:00, 2023-08-01 0:00:00, PATCH}
2023-09-09 10:58:29,001 [main] INFO  (DfAbsractDataWriter#handleLoggingInsert():1090) - GENRE:{61, 団体, 060, null, 0, 0, 2023-08-01 0:00:00, 2023-08-01 0:00:00, PATCH}
2023-09-09 10:58:29,003 [main] INFO  (DfAbsractDataWriter#handleLoggingInsert():1090) - GENRE:{62, 学術・研究機関, 061, null, 0, 0, 2023-08-01 0:00:00, 2023-08-01 0:00:00, PATCH}
2023-09-09 10:58:29,005 [main] INFO  (DfAbsractDataWriter#handleLoggingInsert():1090) - GENRE:{63, null, 062, null, 0, 0, 2023-08-01 0:00:00, 2023-08-01 0:00:00, PATCH}
2023-09-09 10:58:29,007 [main] INFO  (DfAbsractDataWriter#handleLoggingInsert():1090) - GENRE:{64, 文化交流機関, 063, null, 0, 0, 2023-08-01 0:00:00, 2023-08-01 0:00:00, PATCH}
2023-09-09 10:58:29,009 [main] INFO  (DfAbsractDataWriter#handleLoggingInsert():1090) - GENRE:{65, null, 064, null, 0, 0, 2023-08-01 0:00:00, 2023-08-01 0:00:00, PATCH}
2023-09-09 10:58:29,011 [main] INFO  (DfAbsractDataWriter#handleLoggingInsert():1090) - GENRE:{66, 親睦団体. その他の団体, 065, null, 0, 0, 2023-08-01 0:00:00, 2023-08-01 0:00:00, PATCH}
2023-09-09 10:58:29,014 [main] INFO  (DfAbsractDataWriter#handleLoggingInsert():1090) - GENRE:{67, null, 066, null, 0, 0, 2023-08-01 0:00:00, 2023-08-01 0:00:00, PATCH}
2023-09-09 10:58:29,017 [main] INFO  (DfAbsractDataWriter#handleLoggingInsert():1090) - GENRE:{68, null, 067, null, 0, 0, 2023-08-01 0:00:00, 2023-08-01 0:00:00, PATCH}
2023-09-09 10:58:29,018 [main] INFO  (DfAbsractDataWriter#handleLoggingInsert():1090) - GENRE:{69, null, 068, null, 0, 0, 2023-08-01 0:00:00, 2023-08-01 0:00:00, PATCH}
2023-09-09 10:58:29,020 [main] INFO  (DfAbsractDataWriter#handleLoggingInsert():1090) - GENRE:{70, 博物館, 069, null, 0, 0, 2023-08-01 0:00:00, 2023-08-01 0:00:00, PATCH}
2023-09-09 10:58:29,022 [main] INFO  (DfAbsractDataWriter#handleLoggingInsert():1090) - GENRE:{71, ジャーナリズム. 新聞, 070, null, 0, 0, 2023-08-01 0:00:00, 2023-08-01 0:00:00, PATCH}
2023-09-09 10:58:29,023 [main] INFO  (DfAbsractDataWriter#handleLoggingInsert():1090) - GENRE:{72, 日本, 071, null, 0, 0, 2023-08-01 0:00:00, 2023-08-01 0:00:00, PATCH}
2023-09-09 10:58:29,024 [main] INFO  (DfAbsractDataWriter#handleLoggingInsert():1090) - GENRE:{73, アジア, 072, null, 0, 0, 2023-08-01 0:00:00, 2023-08-01 0:00:00, PATCH}
2023-09-09 10:58:29,032 [main] INFO  (DfAbsractDataWriter#handleLoggingInsert():1090) - GENRE:{74, ヨーロッパ, 073, null, 0, 0, 2023-08-01 0:00:00, 2023-08-01 0:00:00, PATCH}
2023-09-09 10:58:29,033 [main] INFO  (DfAbsractDataWriter#handleLoggingInsert():1090) - GENRE:{75, アフリカ, 074, null, 0, 0, 2023-08-01 0:00:00, 2023-08-01 0:00:00, PATCH}
2023-09-09 10:58:29,035 [main] INFO  (DfAbsractDataWriter#handleLoggingInsert():1090) - GENRE:{76, 北アメリカ, 075, null, 0, 0, 2023-08-01 0:00:00, 2023-08-01 0:00:00, PATCH}
2023-09-09 10:58:29,037 [main] INFO  (DfAbsractDataWriter#handleLoggingInsert():1090) - GENRE:{77, 南アメリカ, 076, null, 0, 0, 2023-08-01 0:00:00, 2023-08-01 0:00:00, PATCH}
2023-09-09 10:58:29,038 [main] INFO  (DfAbsractDataWriter#handleLoggingInsert():1090) - GENRE:{78, オセアニア. 両極地方, 077, null, 0, 0, 2023-08-01 0:00:00, 2023-08-01 0:00:00, PATCH}
2023-09-09 10:58:29,040 [main] INFO  (DfAbsractDataWriter#handleLoggingInsert():1090) - GENRE:{79, null, 078, null, 0, 0, 2023-08-01 0:00:00, 2023-08-01 0:00:00, PATCH}
2023-09-09 10:58:29,064 [main] INFO  (DfAbsractDataWriter#handleLoggingInsert():1090) - GENRE:{80, null, 079, null, 0, 0, 2023-08-01 0:00:00, 2023-08-01 0:00:00, PATCH}
2023-09-09 10:58:29,065 [main] INFO  (DfAbsractDataWriter#handleLoggingInsert():1090) - GENRE:{81, 叢書. 全集. 選集, 080, null, 0, 0, 2023-08-01 0:00:00, 2023-08-01 0:00:00, PATCH}
2023-09-09 10:58:29,067 [main] INFO  (DfAbsractDataWriter#handleLoggingInsert():1090) - GENRE:{82, 日本語, 081, null, 0, 0, 2023-08-01 0:00:00, 2023-08-01 0:00:00, PATCH}
2023-09-09 10:58:29,071 [main] INFO  (DfAbsractDataWriter#handleLoggingInsert():1090) - GENRE:{83, 中国語, 082, null, 0, 0, 2023-08-01 0:00:00, 2023-08-01 0:00:00, PATCH}
2023-09-09 10:58:29,074 [main] INFO  (DfAbsractDataWriter#handleLoggingInsert():1090) - GENRE:{84, 英語, 083, null, 0, 0, 2023-08-01 0:00:00, 2023-08-01 0:00:00, PATCH}
2023-09-09 10:58:29,078 [main] INFO  (DfAbsractDataWriter#handleLoggingInsert():1090) - GENRE:{85, ドイツ語, 084, null, 0, 0, 2023-08-01 0:00:00, 2023-08-01 0:00:00, PATCH}
2023-09-09 10:58:29,080 [main] INFO  (DfAbsractDataWriter#handleLoggingInsert():1090) - GENRE:{86, フランス語, 085, null, 0, 0, 2023-08-01 0:00:00, 2023-08-01 0:00:00, PATCH}
2023-09-09 10:58:29,082 [main] INFO  (DfAbsractDataWriter#handleLoggingInsert():1090) - GENRE:{87, スペイン語, 086, null, 0, 0, 2023-08-01 0:00:00, 2023-08-01 0:00:00, PATCH}
2023-09-09 10:58:29,083 [main] INFO  (DfAbsractDataWriter#handleLoggingInsert():1090) - GENRE:{88, イタリア語, 087, null, 0, 0, 2023-08-01 0:00:00, 2023-08-01 0:00:00, PATCH}
2023-09-09 10:58:29,085 [main] INFO  (DfAbsractDataWriter#handleLoggingInsert():1090) - GENRE:{89, ロシア語, 088, null, 0, 0, 2023-08-01 0:00:00, 2023-08-01 0:00:00, PATCH}
2023-09-09 10:58:29,086 [main] INFO  (DfAbsractDataWriter#handleLoggingInsert():1090) - GENRE:{90, その他の諸言語, 089, null, 0, 0, 2023-08-01 0:00:00, 2023-08-01 0:00:00, PATCH}
2023-09-09 10:58:29,088 [main] INFO  (DfAbsractDataWriter#handleLoggingInsert():1090) - GENRE:{91, 貴重書. 郷土資料. その他の特別コレクション, 090, null, 0, 0, 2023-08-01 0:00:00, 2023-08-01 0:00:00, PATCH}
2023-09-09 10:58:29,090 [main] INFO  (DfAbsractDataWriter#handleLoggingInsert():1090) - GENRE:{92, null, 091, null, 0, 0, 2023-08-01 0:00:00, 2023-08-01 0:00:00, PATCH}
2023-09-09 10:58:29,091 [main] INFO  (DfAbsractDataWriter#handleLoggingInsert():1090) - GENRE:{93, null, 092, null, 0, 0, 2023-08-01 0:00:00, 2023-08-01 0:00:00, PATCH}
2023-09-09 10:58:29,092 [main] INFO  (DfAbsractDataWriter#handleLoggingInsert():1090) - GENRE:{94, null, 093, null, 0, 0, 2023-08-01 0:00:00, 2023-08-01 0:00:00, PATCH}
2023-09-09 10:58:29,095 [main] INFO  (DfAbsractDataWriter#handleLoggingInsert():1090) - GENRE:{95, null, 094, null, 0, 0, 2023-08-01 0:00:00, 2023-08-01 0:00:00, PATCH}
2023-09-09 10:58:29,097 [main] INFO  (DfAbsractDataWriter#handleLoggingInsert():1090) - GENRE:{96, null, 095, null, 0, 0, 2023-08-01 0:00:00, 2023-08-01 0:00:00, PATCH}
2023-09-09 10:58:29,109 [main] INFO  (DfAbsractDataWriter#handleLoggingInsert():1090) - GENRE:{97, null, 096, null, 0, 0, 2023-08-01 0:00:00, 2023-08-01 0:00:00, PATCH}
2023-09-09 10:58:29,120 [main] INFO  (DfAbsractDataWriter#handleLoggingInsert():1090) - GENRE:{98, null, 097, null, 0, 0, 2023-08-01 0:00:00, 2023-08-01 0:00:00, PATCH}
2023-09-09 10:58:29,128 [main] INFO  (DfAbsractDataWriter#handleLoggingInsert():1090) - GENRE:{99, null, 098, null, 0, 0, 2023-08-01 0:00:00, 2023-08-01 0:00:00, PATCH}
2023-09-09 10:58:29,136 [main] INFO  (DfAbsractDataWriter#handleLoggingInsert():1090) - GENRE:{100, null, 099, null, 0, 0, 2023-08-01 0:00:00, 2023-08-01 0:00:00, PATCH}
2023-09-09 10:58:29,138 [main] INFO  (DfAbsractDataWriter#handleLoggingInsert():1090) - GENRE:{101, 哲学, 100, null, 0, 0, 2023-08-01 0:00:00, 2023-08-01 0:00:00, PATCH}
2023-09-09 10:58:29,141 [main] INFO  (DfAbsractDataWriter#handleLoggingInsert():1090) - GENRE:{102, 哲学理論, 101, null, 0, 0, 2023-08-01 0:00:00, 2023-08-01 0:00:00, PATCH}
2023-09-09 10:58:29,143 [main] INFO  (DfAbsractDataWriter#handleLoggingInsert():1090) - GENRE:{103, 哲学史, 102, null, 0, 0, 2023-08-01 0:00:00, 2023-08-01 0:00:00, PATCH}
2023-09-09 10:58:29,145 [main] INFO  (DfAbsractDataWriter#handleLoggingInsert():1090) - GENRE:{104, 参考図書［レファレンスブック］, 103, null, 0, 0, 2023-08-01 0:00:00, 2023-08-01 0:00:00, PATCH}
2023-09-09 10:58:29,147 [main] INFO  (DfAbsractDataWriter#handleLoggingInsert():1090) - GENRE:{105, 論文集. 評論集. 講演集, 104, null, 0, 0, 2023-08-01 0:00:00, 2023-08-01 0:00:00, PATCH}
2023-09-09 10:58:29,148 [main] INFO  (DfAbsractDataWriter#handleLoggingInsert():1090) - GENRE:{106, 逐次刊行物, 105, null, 0, 0, 2023-08-01 0:00:00, 2023-08-01 0:00:00, PATCH}
2023-09-09 10:58:29,151 [main] INFO  (DfAbsractDataWriter#handleLoggingInsert():1090) - GENRE:{107, 団体：学会，協会，会議, 106, null, 0, 0, 2023-08-01 0:00:00, 2023-08-01 0:00:00, PATCH}
2023-09-09 10:58:29,155 [main] INFO  (DfAbsractDataWriter#handleLoggingInsert():1090) - GENRE:{108, 研究法. 指導法. 哲学教育, 107, null, 0, 0, 2023-08-01 0:00:00, 2023-08-01 0:00:00, PATCH}
2023-09-09 10:58:29,158 [main] INFO  (DfAbsractDataWriter#handleLoggingInsert():1090) - GENRE:{109, 叢書. 全集. 選集, 108, null, 0, 0, 2023-08-01 0:00:00, 2023-08-01 0:00:00, PATCH}
2023-09-09 10:58:29,159 [main] INFO  (DfAbsractDataWriter#handleLoggingInsert():1090) - GENRE:{110, null, 109, null, 0, 0, 2023-08-01 0:00:00, 2023-08-01 0:00:00, PATCH}
2023-09-09 10:58:29,161 [main] INFO  (DfAbsractDataWriter#handleLoggingInsert():1090) - GENRE:{111, 哲学各論, 110, null, 0, 0, 2023-08-01 0:00:00, 2023-08-01 0:00:00, PATCH}
2023-09-09 10:58:29,162 [main] INFO  (DfAbsractDataWriter#handleLoggingInsert():1090) - GENRE:{112, 形而上学. 存在論, 111, null, 0, 0, 2023-08-01 0:00:00, 2023-08-01 0:00:00, PATCH}
2023-09-09 10:58:29,164 [main] INFO  (DfAbsractDataWriter#handleLoggingInsert():1090) - GENRE:{113, 自然哲学. 宇宙論, 112, null, 0, 0, 2023-08-01 0:00:00, 2023-08-01 0:00:00, PATCH}
2023-09-09 10:58:29,165 [main] INFO  (DfAbsractDataWriter#handleLoggingInsert():1090) - GENRE:{114, 人生観. 世界観, 113, null, 0, 0, 2023-08-01 0:00:00, 2023-08-01 0:00:00, PATCH}
2023-09-09 10:58:29,167 [main] INFO  (DfAbsractDataWriter#handleLoggingInsert():1090) - GENRE:{115, 人間学, 114, null, 0, 0, 2023-08-01 0:00:00, 2023-08-01 0:00:00, PATCH}
2023-09-09 10:58:29,169 [main] INFO  (DfAbsractDataWriter#handleLoggingInsert():1090) - GENRE:{116, 認識論, 115, null, 0, 0, 2023-08-01 0:00:00, 2023-08-01 0:00:00, PATCH}
2023-09-09 10:58:29,171 [main] INFO  (DfAbsractDataWriter#handleLoggingInsert():1090) - GENRE:{117, 論理学. 弁証法. 方法論, 116, null, 0, 0, 2023-08-01 0:00:00, 2023-08-01 0:00:00, PATCH}
2023-09-09 10:58:29,176 [main] INFO  (DfAbsractDataWriter#handleLoggingInsert():1090) - GENRE:{118, 価値哲学, 117, null, 0, 0, 2023-08-01 0:00:00, 2023-08-01 0:00:00, PATCH}
2023-09-09 10:58:29,177 [main] INFO  (DfAbsractDataWriter#handleLoggingInsert():1090) - GENRE:{119, 文化哲学. 技術哲学, 118, null, 0, 0, 2023-08-01 0:00:00, 2023-08-01 0:00:00, PATCH}
2023-09-09 10:58:29,179 [main] INFO  (DfAbsractDataWriter#handleLoggingInsert():1090) - GENRE:{120, 芸術哲学. 美学, 119, null, 0, 0, 2023-08-01 0:00:00, 2023-08-01 0:00:00, PATCH}
2023-09-09 10:58:29,184 [main] INFO  (DfAbsractDataWriter#handleLoggingInsert():1090) - GENRE:{121, 東洋思想, 120, null, 0, 0, 2023-08-01 0:00:00, 2023-08-01 0:00:00, PATCH}
2023-09-09 10:58:29,186 [main] INFO  (DfAbsractDataWriter#handleLoggingInsert():1090) - GENRE:{122, 日本思想, 121, null, 0, 0, 2023-08-01 0:00:00, 2023-08-01 0:00:00, PATCH}
2023-09-09 10:58:29,193 [main] INFO  (DfAbsractDataWriter#handleLoggingInsert():1090) - GENRE:{123, 中国思想. 中国哲学, 122, null, 0, 0, 2023-08-01 0:00:00, 2023-08-01 0:00:00, PATCH}
2023-09-09 10:58:29,195 [main] INFO  (DfAbsractDataWriter#handleLoggingInsert():1090) - GENRE:{124, 経書, 123, null, 0, 0, 2023-08-01 0:00:00, 2023-08-01 0:00:00, PATCH}
2023-09-09 10:58:29,197 [main] INFO  (DfAbsractDataWriter#handleLoggingInsert():1090) - GENRE:{125, 先秦思想. 諸子百家, 124, null, 0, 0, 2023-08-01 0:00:00, 2023-08-01 0:00:00, PATCH}
2023-09-09 10:58:29,201 [main] INFO  (DfAbsractDataWriter#handleLoggingInsert():1090) - GENRE:{126, 中世思想. 近代思想, 125, null, 0, 0, 2023-08-01 0:00:00, 2023-08-01 0:00:00, PATCH}
2023-09-09 10:58:29,203 [main] INFO  (DfAbsractDataWriter#handleLoggingInsert():1090) - GENRE:{127, インド哲学. バラモン教, 126, null, 0, 0, 2023-08-01 0:00:00, 2023-08-01 0:00:00, PATCH}
2023-09-09 10:58:29,207 [main] INFO  (DfAbsractDataWriter#handleLoggingInsert():1090) - GENRE:{128, null, 127, null, 0, 0, 2023-08-01 0:00:00, 2023-08-01 0:00:00, PATCH}
2023-09-09 10:58:29,210 [main] INFO  (DfAbsractDataWriter#handleLoggingInsert():1090) - GENRE:{129, null, 128, null, 0, 0, 2023-08-01 0:00:00, 2023-08-01 0:00:00, PATCH}
2023-09-09 10:58:29,214 [main] INFO  (DfAbsractDataWriter#handleLoggingInsert():1090) - GENRE:{130, その他の東洋思想. アジア哲学, 129, null, 0, 0, 2023-08-01 0:00:00, 2023-08-01 0:00:00, PATCH}
2023-09-09 10:58:29,216 [main] INFO  (DfAbsractDataWriter#handleLoggingInsert():1090) - GENRE:{131, 西洋哲学, 130, null, 0, 0, 2023-08-01 0:00:00, 2023-08-01 0:00:00, PATCH}
2023-09-09 10:58:29,217 [main] INFO  (DfAbsractDataWriter#handleLoggingInsert():1090) - GENRE:{132, 古代哲学, 131, null, 0, 0, 2023-08-01 0:00:00, 2023-08-01 0:00:00, PATCH}
2023-09-09 10:58:29,219 [main] INFO  (DfAbsractDataWriter#handleLoggingInsert():1090) - GENRE:{133, 中世哲学, 132, null, 0, 0, 2023-08-01 0:00:00, 2023-08-01 0:00:00, PATCH}
2023-09-09 10:58:29,222 [main] INFO  (DfAbsractDataWriter#handleLoggingInsert():1090) - GENRE:{134, 近代哲学, 133, null, 0, 0, 2023-08-01 0:00:00, 2023-08-01 0:00:00, PATCH}
2023-09-09 10:58:29,224 [main] INFO  (DfAbsractDataWriter#handleLoggingInsert():1090) - GENRE:{135, ドイツ・オーストリア哲学, 134, null, 0, 0, 2023-08-01 0:00:00, 2023-08-01 0:00:00, PATCH}
2023-09-09 10:58:29,225 [main] INFO  (DfAbsractDataWriter#handleLoggingInsert():1090) - GENRE:{136, フランス・オランダ哲学, 135, null, 0, 0, 2023-08-01 0:00:00, 2023-08-01 0:00:00, PATCH}
2023-09-09 10:58:29,227 [main] INFO  (DfAbsractDataWriter#handleLoggingInsert():1090) - GENRE:{137, スペイン・ポルトガル哲学, 136, null, 0, 0, 2023-08-01 0:00:00, 2023-08-01 0:00:00, PATCH}
2023-09-09 10:58:29,229 [main] INFO  (DfAbsractDataWriter#handleLoggingInsert():1090) - GENRE:{138, イタリア哲学, 137, null, 0, 0, 2023-08-01 0:00:00, 2023-08-01 0:00:00, PATCH}
2023-09-09 10:58:29,230 [main] INFO  (DfAbsractDataWriter#handleLoggingInsert():1090) - GENRE:{139, ロシア哲学, 138, null, 0, 0, 2023-08-01 0:00:00, 2023-08-01 0:00:00, PATCH}
2023-09-09 10:58:29,231 [main] INFO  (DfAbsractDataWriter#handleLoggingInsert():1090) - GENRE:{140, その他の哲学, 139, null, 0, 0, 2023-08-01 0:00:00, 2023-08-01 0:00:00, PATCH}
2023-09-09 10:58:29,232 [main] INFO  (DfAbsractDataWriter#handleLoggingInsert():1090) - GENRE:{141, 心理学, 140, null, 0, 0, 2023-08-01 0:00:00, 2023-08-01 0:00:00, PATCH}
2023-09-09 10:58:29,234 [main] INFO  (DfAbsractDataWriter#handleLoggingInsert():1090) - GENRE:{142, 普通心理学. 心理各論, 141, null, 0, 0, 2023-08-01 0:00:00, 2023-08-01 0:00:00, PATCH}
2023-09-09 10:58:29,235 [main] INFO  (DfAbsractDataWriter#handleLoggingInsert():1090) - GENRE:{143, null, 142, null, 0, 0, 2023-08-01 0:00:00, 2023-08-01 0:00:00, PATCH}
2023-09-09 10:58:29,236 [main] INFO  (DfAbsractDataWriter#handleLoggingInsert():1090) - GENRE:{144, 発達心理学, 143, null, 0, 0, 2023-08-01 0:00:00, 2023-08-01 0:00:00, PATCH}
2023-09-09 10:58:29,237 [main] INFO  (DfAbsractDataWriter#handleLoggingInsert():1090) - GENRE:{145, null, 144, null, 0, 0, 2023-08-01 0:00:00, 2023-08-01 0:00:00, PATCH}
2023-09-09 10:58:29,239 [main] INFO  (DfAbsractDataWriter#handleLoggingInsert():1090) - GENRE:{146, 異常心理学, 145, null, 0, 0, 2023-08-01 0:00:00, 2023-08-01 0:00:00, PATCH}
2023-09-09 10:58:29,240 [main] INFO  (DfAbsractDataWriter#handleLoggingInsert():1090) - GENRE:{147, 臨床心理学. 精神分析学, 146, null, 0, 0, 2023-08-01 0:00:00, 2023-08-01 0:00:00, PATCH}
2023-09-09 10:58:29,241 [main] INFO  (DfAbsractDataWriter#handleLoggingInsert():1090) - GENRE:{148, 超心理学. 心霊研究, 147, null, 0, 0, 2023-08-01 0:00:00, 2023-08-01 0:00:00, PATCH}
2023-09-09 10:58:29,242 [main] INFO  (DfAbsractDataWriter#handleLoggingInsert():1090) - GENRE:{149, 相法. 易占, 148, null, 0, 0, 2023-08-01 0:00:00, 2023-08-01 0:00:00, PATCH}
2023-09-09 10:58:29,244 [main] INFO  (DfAbsractDataWriter#handleLoggingInsert():1090) - GENRE:{150, 応用心理学, 149, null, 0, 0, 2023-08-01 0:00:00, 2023-08-01 0:00:00, PATCH}
2023-09-09 10:58:29,246 [main] INFO  (DfAbsractDataWriter#handleLoggingInsert():1090) - GENRE:{151, 倫理学. 道徳, 150, null, 0, 0, 2023-08-01 0:00:00, 2023-08-01 0:00:00, PATCH}
2023-09-09 10:58:29,248 [main] INFO  (DfAbsractDataWriter#handleLoggingInsert():1090) - GENRE:{152, 倫理各論, 151, null, 0, 0, 2023-08-01 0:00:00, 2023-08-01 0:00:00, PATCH}
2023-09-09 10:58:29,249 [main] INFO  (DfAbsractDataWriter#handleLoggingInsert():1090) - GENRE:{153, 家庭倫理. 性倫理, 152, null, 0, 0, 2023-08-01 0:00:00, 2023-08-01 0:00:00, PATCH}
2023-09-09 10:58:29,251 [main] INFO  (DfAbsractDataWriter#handleLoggingInsert():1090) - GENRE:{154, 職業倫理, 153, null, 0, 0, 2023-08-01 0:00:00, 2023-08-01 0:00:00, PATCH}
2023-09-09 10:58:29,252 [main] INFO  (DfAbsractDataWriter#handleLoggingInsert():1090) - GENRE:{155, 社会倫理［社会道徳］, 154, null, 0, 0, 2023-08-01 0:00:00, 2023-08-01 0:00:00, PATCH}
2023-09-09 10:58:29,253 [main] INFO  (DfAbsractDataWriter#handleLoggingInsert():1090) - GENRE:{156, 国体論. 詔勅, 155, null, 0, 0, 2023-08-01 0:00:00, 2023-08-01 0:00:00, PATCH}
2023-09-09 10:58:29,256 [main] INFO  (DfAbsractDataWriter#handleLoggingInsert():1090) - GENRE:{157, 武士道, 156, null, 0, 0, 2023-08-01 0:00:00, 2023-08-01 0:00:00, PATCH}
2023-09-09 10:58:29,257 [main] INFO  (DfAbsractDataWriter#handleLoggingInsert():1090) - GENRE:{158, 報徳教. 石門心学, 157, null, 0, 0, 2023-08-01 0:00:00, 2023-08-01 0:00:00, PATCH}
2023-09-09 10:58:29,259 [main] INFO  (DfAbsractDataWriter#handleLoggingInsert():1090) - GENRE:{159, その他の特定主題, 158, null, 0, 0, 2023-08-01 0:00:00, 2023-08-01 0:00:00, PATCH}
2023-09-09 10:58:29,273 [main] INFO  (DfAbsractDataWriter#handleLoggingInsert():1090) - GENRE:{160, 人生訓. 教訓, 159, null, 0, 0, 2023-08-01 0:00:00, 2023-08-01 0:00:00, PATCH}
2023-09-09 10:58:29,275 [main] INFO  (DfAbsractDataWriter#handleLoggingInsert():1090) - GENRE:{161, 宗教, 160, null, 0, 0, 2023-08-01 0:00:00, 2023-08-01 0:00:00, PATCH}
2023-09-09 10:58:29,279 [main] INFO  (DfAbsractDataWriter#handleLoggingInsert():1090) - GENRE:{162, 宗教学. 宗教思想, 161, null, 0, 0, 2023-08-01 0:00:00, 2023-08-01 0:00:00, PATCH}
2023-09-09 10:58:29,280 [main] INFO  (DfAbsractDataWriter#handleLoggingInsert():1090) - GENRE:{163, 宗教史・事情, 162, null, 0, 0, 2023-08-01 0:00:00, 2023-08-01 0:00:00, PATCH}
2023-09-09 10:58:29,286 [main] INFO  (DfAbsractDataWriter#handleLoggingInsert():1090) - GENRE:{164, 原始宗教. 宗教民族学, 163, null, 0, 0, 2023-08-01 0:00:00, 2023-08-01 0:00:00, PATCH}
2023-09-09 10:58:29,287 [main] INFO  (DfAbsractDataWriter#handleLoggingInsert():1090) - GENRE:{165, 神話. 神話学, 164, null, 0, 0, 2023-08-01 0:00:00, 2023-08-01 0:00:00, PATCH}
2023-09-09 10:58:29,288 [main] INFO  (DfAbsractDataWriter#handleLoggingInsert():1090) - GENRE:{166, 比較宗教, 165, null, 0, 0, 2023-08-01 0:00:00, 2023-08-01 0:00:00, PATCH}
2023-09-09 10:58:29,292 [main] INFO  (DfAbsractDataWriter#handleLoggingInsert():1090) - GENRE:{167, 道教, 166, null, 0, 0, 2023-08-01 0:00:00, 2023-08-01 0:00:00, PATCH}
2023-09-09 10:58:29,293 [main] INFO  (DfAbsractDataWriter#handleLoggingInsert():1090) - GENRE:{168, イスラム, 167, null, 0, 0, 2023-08-01 0:00:00, 2023-08-01 0:00:00, PATCH}
2023-09-09 10:58:29,294 [main] INFO  (DfAbsractDataWriter#handleLoggingInsert():1090) - GENRE:{169, ヒンズー教. ジャイナ教, 168, null, 0, 0, 2023-08-01 0:00:00, 2023-08-01 0:00:00, PATCH}
2023-09-09 10:58:29,296 [main] INFO  (DfAbsractDataWriter#handleLoggingInsert():1090) - GENRE:{170, その他の宗教. 新興宗教, 169, null, 0, 0, 2023-08-01 0:00:00, 2023-08-01 0:00:00, PATCH}
2023-09-09 10:58:29,297 [main] INFO  (DfAbsractDataWriter#handleLoggingInsert():1090) - GENRE:{171, 神道, 170, null, 0, 0, 2023-08-01 0:00:00, 2023-08-01 0:00:00, PATCH}
2023-09-09 10:58:29,299 [main] INFO  (DfAbsractDataWriter#handleLoggingInsert():1090) - GENRE:{172, 神道思想. 神道説, 171, null, 0, 0, 2023-08-01 0:00:00, 2023-08-01 0:00:00, PATCH}
2023-09-09 10:58:29,300 [main] INFO  (DfAbsractDataWriter#handleLoggingInsert():1090) - GENRE:{173, 神祇・神道史, 172, null, 0, 0, 2023-08-01 0:00:00, 2023-08-01 0:00:00, PATCH}
2023-09-09 10:58:29,304 [main] INFO  (DfAbsractDataWriter#handleLoggingInsert():1090) - GENRE:{174, 神典, 173, null, 0, 0, 2023-08-01 0:00:00, 2023-08-01 0:00:00, PATCH}
2023-09-09 10:58:29,307 [main] INFO  (DfAbsractDataWriter#handleLoggingInsert():1090) - GENRE:{175, 信仰録. 説教集, 174, null, 0, 0, 2023-08-01 0:00:00, 2023-08-01 0:00:00, PATCH}
2023-09-09 10:58:29,309 [main] INFO  (DfAbsractDataWriter#handleLoggingInsert():1090) - GENRE:{176, 神社. 神職, 175, null, 0, 0, 2023-08-01 0:00:00, 2023-08-01 0:00:00, PATCH}
2023-09-09 10:58:29,310 [main] INFO  (DfAbsractDataWriter#handleLoggingInsert():1090) - GENRE:{177, 祭祀, 176, null, 0, 0, 2023-08-01 0:00:00, 2023-08-01 0:00:00, PATCH}
2023-09-09 10:58:29,312 [main] INFO  (DfAbsractDataWriter#handleLoggingInsert():1090) - GENRE:{178, 布教. 伝道, 177, null, 0, 0, 2023-08-01 0:00:00, 2023-08-01 0:00:00, PATCH}
2023-09-09 10:58:29,313 [main] INFO  (DfAbsractDataWriter#handleLoggingInsert():1090) - GENRE:{179, 各教派. 教派神道, 178, null, 0, 0, 2023-08-01 0:00:00, 2023-08-01 0:00:00, PATCH}
2023-09-09 10:58:29,315 [main] INFO  (DfAbsractDataWriter#handleLoggingInsert():1090) - GENRE:{180, null, 179, null, 0, 0, 2023-08-01 0:00:00, 2023-08-01 0:00:00, PATCH}
2023-09-09 10:58:29,316 [main] INFO  (DfAbsractDataWriter#handleLoggingInsert():1090) - GENRE:{181, 仏教, 180, null, 0, 0, 2023-08-01 0:00:00, 2023-08-01 0:00:00, PATCH}
2023-09-09 10:58:29,317 [main] INFO  (DfAbsractDataWriter#handleLoggingInsert():1090) - GENRE:{182, 仏教教理. 仏教哲学, 181, null, 0, 0, 2023-08-01 0:00:00, 2023-08-01 0:00:00, PATCH}
2023-09-09 10:58:29,319 [main] INFO  (DfAbsractDataWriter#handleLoggingInsert():1090) - GENRE:{183, 仏教史, 182, null, 0, 0, 2023-08-01 0:00:00, 2023-08-01 0:00:00, PATCH}
2023-09-09 10:58:29,320 [main] INFO  (DfAbsractDataWriter#handleLoggingInsert():1090) - GENRE:{184, 経典, 183, null, 0, 0, 2023-08-01 0:00:00, 2023-08-01 0:00:00, PATCH}
2023-09-09 10:58:29,321 [main] INFO  (DfAbsractDataWriter#handleLoggingInsert():1090) - GENRE:{185, 法話・説教集, 184, null, 0, 0, 2023-08-01 0:00:00, 2023-08-01 0:00:00, PATCH}
2023-09-09 10:58:29,323 [main] INFO  (DfAbsractDataWriter#handleLoggingInsert():1090) - GENRE:{186, 寺院. 僧職, 185, null, 0, 0, 2023-08-01 0:00:00, 2023-08-01 0:00:00, PATCH}
2023-09-09 10:58:29,324 [main] INFO  (DfAbsractDataWriter#handleLoggingInsert():1090) - GENRE:{187, 仏会, 186, null, 0, 0, 2023-08-01 0:00:00, 2023-08-01 0:00:00, PATCH}
2023-09-09 10:58:29,325 [main] INFO  (DfAbsractDataWriter#handleLoggingInsert():1090) - GENRE:{188, 布教. 伝道, 187, null, 0, 0, 2023-08-01 0:00:00, 2023-08-01 0:00:00, PATCH}
2023-09-09 10:58:29,327 [main] INFO  (DfAbsractDataWriter#handleLoggingInsert():1090) - GENRE:{189, 各宗, 188, null, 0, 0, 2023-08-01 0:00:00, 2023-08-01 0:00:00, PATCH}
2023-09-09 10:58:29,328 [main] INFO  (DfAbsractDataWriter#handleLoggingInsert():1090) - GENRE:{190, null, 189, null, 0, 0, 2023-08-01 0:00:00, 2023-08-01 0:00:00, PATCH}
2023-09-09 10:58:29,330 [main] INFO  (DfAbsractDataWriter#handleLoggingInsert():1090) - GENRE:{191, キリスト教, 190, null, 0, 0, 2023-08-01 0:00:00, 2023-08-01 0:00:00, PATCH}
2023-09-09 10:58:29,331 [main] INFO  (DfAbsractDataWriter#handleLoggingInsert():1090) - GENRE:{192, 教義. キリスト教神学, 191, null, 0, 0, 2023-08-01 0:00:00, 2023-08-01 0:00:00, PATCH}
2023-09-09 10:58:29,332 [main] INFO  (DfAbsractDataWriter#handleLoggingInsert():1090) - GENRE:{193, キリスト教史. 迫害史, 192, null, 0, 0, 2023-08-01 0:00:00, 2023-08-01 0:00:00, PATCH}
2023-09-09 10:58:29,333 [main] INFO  (DfAbsractDataWriter#handleLoggingInsert():1090) - GENRE:{194, 聖書, 193, null, 0, 0, 2023-08-01 0:00:00, 2023-08-01 0:00:00, PATCH}
2023-09-09 10:58:29,334 [main] INFO  (DfAbsractDataWriter#handleLoggingInsert():1090) - GENRE:{195, 信仰録. 説教集, 194, null, 0, 0, 2023-08-01 0:00:00, 2023-08-01 0:00:00, PATCH}
2023-09-09 10:58:29,337 [main] INFO  (DfAbsractDataWriter#handleLoggingInsert():1090) - GENRE:{196, 教会. 聖職, 195, null, 0, 0, 2023-08-01 0:00:00, 2023-08-01 0:00:00, PATCH}
2023-09-09 10:58:29,345 [main] INFO  (DfAbsractDataWriter#handleLoggingInsert():1090) - GENRE:{197, 典礼. 祭式. 礼拝, 196, null, 0, 0, 2023-08-01 0:00:00, 2023-08-01 0:00:00, PATCH}
2023-09-09 10:58:29,347 [main] INFO  (DfAbsractDataWriter#handleLoggingInsert():1090) - GENRE:{198, 布教. 伝道, 197, null, 0, 0, 2023-08-01 0:00:00, 2023-08-01 0:00:00, PATCH}
2023-09-09 10:58:29,348 [main] INFO  (DfAbsractDataWriter#handleLoggingInsert():1090) - GENRE:{199, 各教派. 教会史, 198, null, 0, 0, 2023-08-01 0:00:00, 2023-08-01 0:00:00, PATCH}
2023-09-09 10:58:29,349 [main] INFO  (DfAbsractDataWriter#handleLoggingInsert():1090) - GENRE:{200, ユダヤ教, 199, null, 0, 0, 2023-08-01 0:00:00, 2023-08-01 0:00:00, PATCH}
2023-09-09 10:58:29,356 [main] INFO  (DfAbsractDataWriter#handleLoggingInsert():1090) - GENRE:{201, 歴史, 200, null, 0, 0, 2023-08-01 0:00:00, 2023-08-01 0:00:00, PATCH}
2023-09-09 10:58:29,358 [main] INFO  (DfAbsractDataWriter#handleLoggingInsert():1090) - GENRE:{202, 歴史学, 201, null, 0, 0, 2023-08-01 0:00:00, 2023-08-01 0:00:00, PATCH}
2023-09-09 10:58:29,359 [main] INFO  (DfAbsractDataWriter#handleLoggingInsert():1090) - GENRE:{203, 歴史補助学, 202, null, 0, 0, 2023-08-01 0:00:00, 2023-08-01 0:00:00, PATCH}
2023-09-09 10:58:29,370 [main] INFO  (DfAbsractDataWriter#handleLoggingInsert():1090) - GENRE:{204, 参考図書［レファレンスブック］, 203, null, 0, 0, 2023-08-01 0:00:00, 2023-08-01 0:00:00, PATCH}
2023-09-09 10:58:29,373 [main] INFO  (DfAbsractDataWriter#handleLoggingInsert():1090) - GENRE:{205, 論文集. 評論集. 講演集, 204, null, 0, 0, 2023-08-01 0:00:00, 2023-08-01 0:00:00, PATCH}
2023-09-09 10:58:29,375 [main] INFO  (DfAbsractDataWriter#handleLoggingInsert():1090) - GENRE:{206, 逐次刊行物, 205, null, 0, 0, 2023-08-01 0:00:00, 2023-08-01 0:00:00, PATCH}
2023-09-09 10:58:29,376 [main] INFO  (DfAbsractDataWriter#handleLoggingInsert():1090) - GENRE:{207, 団体：学会，協会，会議, 206, null, 0, 0, 2023-08-01 0:00:00, 2023-08-01 0:00:00, PATCH}
2023-09-09 10:58:29,377 [main] INFO  (DfAbsractDataWriter#handleLoggingInsert():1090) - GENRE:{208, 研究法. 指導法. 歴史教育, 207, null, 0, 0, 2023-08-01 0:00:00, 2023-08-01 0:00:00, PATCH}
2023-09-09 10:58:29,381 [main] INFO  (DfAbsractDataWriter#handleLoggingInsert():1090) - GENRE:{209, 叢書. 全集. 選集, 208, null, 0, 0, 2023-08-01 0:00:00, 2023-08-01 0:00:00, PATCH}
2023-09-09 10:58:29,382 [main] INFO  (DfAbsractDataWriter#handleLoggingInsert():1090) - GENRE:{210, 世界史. 文化史, 209, null, 0, 0, 2023-08-01 0:00:00, 2023-08-01 0:00:00, PATCH}
2023-09-09 10:58:29,383 [main] INFO  (DfAbsractDataWriter#handleLoggingInsert():1090) - GENRE:{211, 日本史, 210, null, 0, 0, 2023-08-01 0:00:00, 2023-08-01 0:00:00, PATCH}
2023-09-09 10:58:29,384 [main] INFO  (DfAbsractDataWriter#handleLoggingInsert():1090) - GENRE:{212, 北海道地方, 211, null, 0, 0, 2023-08-01 0:00:00, 2023-08-01 0:00:00, PATCH}
2023-09-09 10:58:29,388 [main] INFO  (DfAbsractDataWriter#handleLoggingInsert():1090) - GENRE:{213, 東北地方, 212, null, 0, 0, 2023-08-01 0:00:00, 2023-08-01 0:00:00, PATCH}
2023-09-09 10:58:29,390 [main] INFO  (DfAbsractDataWriter#handleLoggingInsert():1090) - GENRE:{214, 関東地方, 213, null, 0, 0, 2023-08-01 0:00:00, 2023-08-01 0:00:00, PATCH}
2023-09-09 10:58:29,391 [main] INFO  (DfAbsractDataWriter#handleLoggingInsert():1090) - GENRE:{215, 北陸地方, 214, null, 0, 0, 2023-08-01 0:00:00, 2023-08-01 0:00:00, PATCH}
2023-09-09 10:58:29,392 [main] INFO  (DfAbsractDataWriter#handleLoggingInsert():1090) - GENRE:{216, 中部地方：東山・東海地方, 215, null, 0, 0, 2023-08-01 0:00:00, 2023-08-01 0:00:00, PATCH}
2023-09-09 10:58:29,393 [main] INFO  (DfAbsractDataWriter#handleLoggingInsert():1090) - GENRE:{217, 近畿地方, 216, null, 0, 0, 2023-08-01 0:00:00, 2023-08-01 0:00:00, PATCH}
2023-09-09 10:58:29,394 [main] INFO  (DfAbsractDataWriter#handleLoggingInsert():1090) - GENRE:{218, 中国地方, 217, null, 0, 0, 2023-08-01 0:00:00, 2023-08-01 0:00:00, PATCH}
2023-09-09 10:58:29,395 [main] INFO  (DfAbsractDataWriter#handleLoggingInsert():1090) - GENRE:{219, 四国地方, 218, null, 0, 0, 2023-08-01 0:00:00, 2023-08-01 0:00:00, PATCH}
2023-09-09 10:58:29,397 [main] INFO  (DfAbsractDataWriter#handleLoggingInsert():1090) - GENRE:{220, 九州地方, 219, null, 0, 0, 2023-08-01 0:00:00, 2023-08-01 0:00:00, PATCH}
2023-09-09 10:58:29,398 [main] INFO  (DfAbsractDataWriter#handleLoggingInsert():1090) - GENRE:{221, アジア史. 東洋史, 220, null, 0, 0, 2023-08-01 0:00:00, 2023-08-01 0:00:00, PATCH}
2023-09-09 10:58:29,399 [main] INFO  (DfAbsractDataWriter#handleLoggingInsert():1090) - GENRE:{222, null, 221, null, 0, 0, 2023-08-01 0:00:00, 2023-08-01 0:00:00, PATCH}
2023-09-09 10:58:29,401 [main] INFO  (DfAbsractDataWriter#handleLoggingInsert():1090) - GENRE:{223, null, 222, null, 0, 0, 2023-08-01 0:00:00, 2023-08-01 0:00:00, PATCH}
2023-09-09 10:58:29,402 [main] INFO  (DfAbsractDataWriter#handleLoggingInsert():1090) - GENRE:{224, null, 223, null, 0, 0, 2023-08-01 0:00:00, 2023-08-01 0:00:00, PATCH}
2023-09-09 10:58:29,403 [main] INFO  (DfAbsractDataWriter#handleLoggingInsert():1090) - GENRE:{225, null, 224, null, 0, 0, 2023-08-01 0:00:00, 2023-08-01 0:00:00, PATCH}
2023-09-09 10:58:29,404 [main] INFO  (DfAbsractDataWriter#handleLoggingInsert():1090) - GENRE:{226, null, 225, null, 0, 0, 2023-08-01 0:00:00, 2023-08-01 0:00:00, PATCH}
2023-09-09 10:58:29,405 [main] INFO  (DfAbsractDataWriter#handleLoggingInsert():1090) - GENRE:{227, null, 226, null, 0, 0, 2023-08-01 0:00:00, 2023-08-01 0:00:00, PATCH}
2023-09-09 10:58:29,406 [main] INFO  (DfAbsractDataWriter#handleLoggingInsert():1090) - GENRE:{228, null, 227, null, 0, 0, 2023-08-01 0:00:00, 2023-08-01 0:00:00, PATCH}
2023-09-09 10:58:29,407 [main] INFO  (DfAbsractDataWriter#handleLoggingInsert():1090) - GENRE:{229, null, 228, null, 0, 0, 2023-08-01 0:00:00, 2023-08-01 0:00:00, PATCH}
2023-09-09 10:58:29,408 [main] INFO  (DfAbsractDataWriter#handleLoggingInsert():1090) - GENRE:{230, null, 229, null, 0, 0, 2023-08-01 0:00:00, 2023-08-01 0:00:00, PATCH}
2023-09-09 10:58:29,410 [main] INFO  (DfAbsractDataWriter#handleLoggingInsert():1090) - GENRE:{231, ヨーロッパ史. 西洋史, 230, null, 0, 0, 2023-08-01 0:00:00, 2023-08-01 0:00:00, PATCH}
2023-09-09 10:58:29,411 [main] INFO  (DfAbsractDataWriter#handleLoggingInsert():1090) - GENRE:{232, null, 231, null, 0, 0, 2023-08-01 0:00:00, 2023-08-01 0:00:00, PATCH}
2023-09-09 10:58:29,412 [main] INFO  (DfAbsractDataWriter#handleLoggingInsert():1090) - GENRE:{233, null, 232, null, 0, 0, 2023-08-01 0:00:00, 2023-08-01 0:00:00, PATCH}
2023-09-09 10:58:29,423 [main] INFO  (DfAbsractDataWriter#handleLoggingInsert():1090) - GENRE:{234, null, 233, null, 0, 0, 2023-08-01 0:00:00, 2023-08-01 0:00:00, PATCH}
2023-09-09 10:58:29,425 [main] INFO  (DfAbsractDataWriter#handleLoggingInsert():1090) - GENRE:{235, null, 234, null, 0, 0, 2023-08-01 0:00:00, 2023-08-01 0:00:00, PATCH}
2023-09-09 10:58:29,428 [main] INFO  (DfAbsractDataWriter#handleLoggingInsert():1090) - GENRE:{236, null, 235, null, 0, 0, 2023-08-01 0:00:00, 2023-08-01 0:00:00, PATCH}
2023-09-09 10:58:29,429 [main] INFO  (DfAbsractDataWriter#handleLoggingInsert():1090) - GENRE:{237, null, 236, null, 0, 0, 2023-08-01 0:00:00, 2023-08-01 0:00:00, PATCH}
2023-09-09 10:58:29,430 [main] INFO  (DfAbsractDataWriter#handleLoggingInsert():1090) - GENRE:{238, null, 237, null, 0, 0, 2023-08-01 0:00:00, 2023-08-01 0:00:00, PATCH}
2023-09-09 10:58:29,431 [main] INFO  (DfAbsractDataWriter#handleLoggingInsert():1090) - GENRE:{239, null, 238, null, 0, 0, 2023-08-01 0:00:00, 2023-08-01 0:00:00, PATCH}
2023-09-09 10:58:29,432 [main] INFO  (DfAbsractDataWriter#handleLoggingInsert():1090) - GENRE:{240, null, 239, null, 0, 0, 2023-08-01 0:00:00, 2023-08-01 0:00:00, PATCH}
2023-09-09 10:58:29,435 [main] INFO  (DfAbsractDataWriter#handleLoggingInsert():1090) - GENRE:{241, アフリカ史, 240, null, 0, 0, 2023-08-01 0:00:00, 2023-08-01 0:00:00, PATCH}
2023-09-09 10:58:29,436 [main] INFO  (DfAbsractDataWriter#handleLoggingInsert():1090) - GENRE:{242, null, 241, null, 0, 0, 2023-08-01 0:00:00, 2023-08-01 0:00:00, PATCH}
2023-09-09 10:58:29,441 [main] INFO  (DfAbsractDataWriter#handleLoggingInsert():1090) - GENRE:{243, null, 242, null, 0, 0, 2023-08-01 0:00:00, 2023-08-01 0:00:00, PATCH}
2023-09-09 10:58:29,443 [main] INFO  (DfAbsractDataWriter#handleLoggingInsert():1090) - GENRE:{244, null, 243, null, 0, 0, 2023-08-01 0:00:00, 2023-08-01 0:00:00, PATCH}
2023-09-09 10:58:29,444 [main] INFO  (DfAbsractDataWriter#handleLoggingInsert():1090) - GENRE:{245, null, 244, null, 0, 0, 2023-08-01 0:00:00, 2023-08-01 0:00:00, PATCH}
2023-09-09 10:58:29,445 [main] INFO  (DfAbsractDataWriter#handleLoggingInsert():1090) - GENRE:{246, null, 245, null, 0, 0, 2023-08-01 0:00:00, 2023-08-01 0:00:00, PATCH}
2023-09-09 10:58:29,446 [main] INFO  (DfAbsractDataWriter#handleLoggingInsert():1090) - GENRE:{247, null, 246, null, 0, 0, 2023-08-01 0:00:00, 2023-08-01 0:00:00, PATCH}
2023-09-09 10:58:29,448 [main] INFO  (DfAbsractDataWriter#handleLoggingInsert():1090) - GENRE:{248, null, 247, null, 0, 0, 2023-08-01 0:00:00, 2023-08-01 0:00:00, PATCH}
2023-09-09 10:58:29,448 [main] INFO  (DfAbsractDataWriter#handleLoggingInsert():1090) - GENRE:{249, null, 248, null, 0, 0, 2023-08-01 0:00:00, 2023-08-01 0:00:00, PATCH}
2023-09-09 10:58:29,449 [main] INFO  (DfAbsractDataWriter#handleLoggingInsert():1090) - GENRE:{250, null, 249, null, 0, 0, 2023-08-01 0:00:00, 2023-08-01 0:00:00, PATCH}
2023-09-09 10:58:29,450 [main] INFO  (DfAbsractDataWriter#handleLoggingInsert():1090) - GENRE:{251, 北アメリカ史, 250, null, 0, 0, 2023-08-01 0:00:00, 2023-08-01 0:00:00, PATCH}
2023-09-09 10:58:29,451 [main] INFO  (DfAbsractDataWriter#handleLoggingInsert():1090) - GENRE:{252, null, 251, null, 0, 0, 2023-08-01 0:00:00, 2023-08-01 0:00:00, PATCH}
2023-09-09 10:58:29,451 [main] INFO  (DfAbsractDataWriter#handleLoggingInsert():1090) - GENRE:{253, null, 252, null, 0, 0, 2023-08-01 0:00:00, 2023-08-01 0:00:00, PATCH}
2023-09-09 10:58:29,454 [main] INFO  (DfAbsractDataWriter#handleLoggingInsert():1090) - GENRE:{254, null, 253, null, 0, 0, 2023-08-01 0:00:00, 2023-08-01 0:00:00, PATCH}
2023-09-09 10:58:29,455 [main] INFO  (DfAbsractDataWriter#handleLoggingInsert():1090) - GENRE:{255, null, 254, null, 0, 0, 2023-08-01 0:00:00, 2023-08-01 0:00:00, PATCH}
2023-09-09 10:58:29,457 [main] INFO  (DfAbsractDataWriter#handleLoggingInsert():1090) - GENRE:{256, null, 255, null, 0, 0, 2023-08-01 0:00:00, 2023-08-01 0:00:00, PATCH}
2023-09-09 10:58:29,458 [main] INFO  (DfAbsractDataWriter#handleLoggingInsert():1090) - GENRE:{257, null, 256, null, 0, 0, 2023-08-01 0:00:00, 2023-08-01 0:00:00, PATCH}
2023-09-09 10:58:29,459 [main] INFO  (DfAbsractDataWriter#handleLoggingInsert():1090) - GENRE:{258, null, 257, null, 0, 0, 2023-08-01 0:00:00, 2023-08-01 0:00:00, PATCH}
2023-09-09 10:58:29,460 [main] INFO  (DfAbsractDataWriter#handleLoggingInsert():1090) - GENRE:{259, null, 258, null, 0, 0, 2023-08-01 0:00:00, 2023-08-01 0:00:00, PATCH}
2023-09-09 10:58:29,461 [main] INFO  (DfAbsractDataWriter#handleLoggingInsert():1090) - GENRE:{260, null, 259, null, 0, 0, 2023-08-01 0:00:00, 2023-08-01 0:00:00, PATCH}
2023-09-09 10:58:29,463 [main] INFO  (DfAbsractDataWriter#handleLoggingInsert():1090) - GENRE:{261, 南アメリカ史, 260, null, 0, 0, 2023-08-01 0:00:00, 2023-08-01 0:00:00, PATCH}
2023-09-09 10:58:29,464 [main] INFO  (DfAbsractDataWriter#handleLoggingInsert():1090) - GENRE:{262, null, 261, null, 0, 0, 2023-08-01 0:00:00, 2023-08-01 0:00:00, PATCH}
2023-09-09 10:58:29,465 [main] INFO  (DfAbsractDataWriter#handleLoggingInsert():1090) - GENRE:{263, null, 262, null, 0, 0, 2023-08-01 0:00:00, 2023-08-01 0:00:00, PATCH}
2023-09-09 10:58:29,467 [main] INFO  (DfAbsractDataWriter#handleLoggingInsert():1090) - GENRE:{264, null, 263, null, 0, 0, 2023-08-01 0:00:00, 2023-08-01 0:00:00, PATCH}
2023-09-09 10:58:29,468 [main] INFO  (DfAbsractDataWriter#handleLoggingInsert():1090) - GENRE:{265, null, 264, null, 0, 0, 2023-08-01 0:00:00, 2023-08-01 0:00:00, PATCH}
2023-09-09 10:58:29,469 [main] INFO  (DfAbsractDataWriter#handleLoggingInsert():1090) - GENRE:{266, null, 265, null, 0, 0, 2023-08-01 0:00:00, 2023-08-01 0:00:00, PATCH}
2023-09-09 10:58:29,472 [main] INFO  (DfAbsractDataWriter#handleLoggingInsert():1090) - GENRE:{267, null, 266, null, 0, 0, 2023-08-01 0:00:00, 2023-08-01 0:00:00, PATCH}
2023-09-09 10:58:29,474 [main] INFO  (DfAbsractDataWriter#handleLoggingInsert():1090) - GENRE:{268, null, 267, null, 0, 0, 2023-08-01 0:00:00, 2023-08-01 0:00:00, PATCH}
2023-09-09 10:58:29,475 [main] INFO  (DfAbsractDataWriter#handleLoggingInsert():1090) - GENRE:{269, null, 268, null, 0, 0, 2023-08-01 0:00:00, 2023-08-01 0:00:00, PATCH}
2023-09-09 10:58:29,476 [main] INFO  (DfAbsractDataWriter#handleLoggingInsert():1090) - GENRE:{270, null, 269, null, 0, 0, 2023-08-01 0:00:00, 2023-08-01 0:00:00, PATCH}
2023-09-09 10:58:29,477 [main] INFO  (DfAbsractDataWriter#handleLoggingInsert():1090) - GENRE:{271, オセアニア史. 両極地方史, 270, null, 0, 0, 2023-08-01 0:00:00, 2023-08-01 0:00:00, PATCH}
2023-09-09 10:58:29,478 [main] INFO  (DfAbsractDataWriter#handleLoggingInsert():1090) - GENRE:{272, null, 271, null, 0, 0, 2023-08-01 0:00:00, 2023-08-01 0:00:00, PATCH}
2023-09-09 10:58:29,479 [main] INFO  (DfAbsractDataWriter#handleLoggingInsert():1090) - GENRE:{273, null, 272, null, 0, 0, 2023-08-01 0:00:00, 2023-08-01 0:00:00, PATCH}
2023-09-09 10:58:29,479 [main] INFO  (DfAbsractDataWriter#handleLoggingInsert():1090) - GENRE:{274, null, 273, null, 0, 0, 2023-08-01 0:00:00, 2023-08-01 0:00:00, PATCH}
2023-09-09 10:58:29,480 [main] INFO  (DfAbsractDataWriter#handleLoggingInsert():1090) - GENRE:{275, null, 274, null, 0, 0, 2023-08-01 0:00:00, 2023-08-01 0:00:00, PATCH}
2023-09-09 10:58:29,481 [main] INFO  (DfAbsractDataWriter#handleLoggingInsert():1090) - GENRE:{276, null, 275, null, 0, 0, 2023-08-01 0:00:00, 2023-08-01 0:00:00, PATCH}
2023-09-09 10:58:29,482 [main] INFO  (DfAbsractDataWriter#handleLoggingInsert():1090) - GENRE:{277, null, 276, null, 0, 0, 2023-08-01 0:00:00, 2023-08-01 0:00:00, PATCH}
2023-09-09 10:58:29,482 [main] INFO  (DfAbsractDataWriter#handleLoggingInsert():1090) - GENRE:{278, null, 277, null, 0, 0, 2023-08-01 0:00:00, 2023-08-01 0:00:00, PATCH}
2023-09-09 10:58:29,483 [main] INFO  (DfAbsractDataWriter#handleLoggingInsert():1090) - GENRE:{279, null, 278, null, 0, 0, 2023-08-01 0:00:00, 2023-08-01 0:00:00, PATCH}
2023-09-09 10:58:29,484 [main] INFO  (DfAbsractDataWriter#handleLoggingInsert():1090) - GENRE:{280, null, 279, null, 0, 0, 2023-08-01 0:00:00, 2023-08-01 0:00:00, PATCH}
2023-09-09 10:58:29,485 [main] INFO  (DfAbsractDataWriter#handleLoggingInsert():1090) - GENRE:{281, 伝記, 280, null, 0, 0, 2023-08-01 0:00:00, 2023-08-01 0:00:00, PATCH}
2023-09-09 10:58:29,486 [main] INFO  (DfAbsractDataWriter#handleLoggingInsert():1090) - GENRE:{282, null, 281, null, 0, 0, 2023-08-01 0:00:00, 2023-08-01 0:00:00, PATCH}
2023-09-09 10:58:29,487 [main] INFO  (DfAbsractDataWriter#handleLoggingInsert():1090) - GENRE:{283, null, 282, null, 0, 0, 2023-08-01 0:00:00, 2023-08-01 0:00:00, PATCH}
2023-09-09 10:58:29,488 [main] INFO  (DfAbsractDataWriter#handleLoggingInsert():1090) - GENRE:{284, null, 283, null, 0, 0, 2023-08-01 0:00:00, 2023-08-01 0:00:00, PATCH}
2023-09-09 10:58:29,489 [main] INFO  (DfAbsractDataWriter#handleLoggingInsert():1090) - GENRE:{285, null, 284, null, 0, 0, 2023-08-01 0:00:00, 2023-08-01 0:00:00, PATCH}
2023-09-09 10:58:29,489 [main] INFO  (DfAbsractDataWriter#handleLoggingInsert():1090) - GENRE:{286, null, 285, null, 0, 0, 2023-08-01 0:00:00, 2023-08-01 0:00:00, PATCH}
2023-09-09 10:58:29,490 [main] INFO  (DfAbsractDataWriter#handleLoggingInsert():1090) - GENRE:{287, null, 286, null, 0, 0, 2023-08-01 0:00:00, 2023-08-01 0:00:00, PATCH}
2023-09-09 10:58:29,491 [main] INFO  (DfAbsractDataWriter#handleLoggingInsert():1090) - GENRE:{288, null, 287, null, 0, 0, 2023-08-01 0:00:00, 2023-08-01 0:00:00, PATCH}
2023-09-09 10:58:29,492 [main] INFO  (DfAbsractDataWriter#handleLoggingInsert():1090) - GENRE:{289, null, 288, null, 0, 0, 2023-08-01 0:00:00, 2023-08-01 0:00:00, PATCH}
2023-09-09 10:58:29,492 [main] INFO  (DfAbsractDataWriter#handleLoggingInsert():1090) - GENRE:{290, null, 289, null, 0, 0, 2023-08-01 0:00:00, 2023-08-01 0:00:00, PATCH}
2023-09-09 10:58:29,493 [main] INFO  (DfAbsractDataWriter#handleLoggingInsert():1090) - GENRE:{291, 地理. 地誌. 紀行, 290, null, 0, 0, 2023-08-01 0:00:00, 2023-08-01 0:00:00, PATCH}
2023-09-09 10:58:29,494 [main] INFO  (DfAbsractDataWriter#handleLoggingInsert():1090) - GENRE:{292, null, 291, null, 0, 0, 2023-08-01 0:00:00, 2023-08-01 0:00:00, PATCH}
2023-09-09 10:58:29,495 [main] INFO  (DfAbsractDataWriter#handleLoggingInsert():1090) - GENRE:{293, null, 292, null, 0, 0, 2023-08-01 0:00:00, 2023-08-01 0:00:00, PATCH}
2023-09-09 10:58:29,495 [main] INFO  (DfAbsractDataWriter#handleLoggingInsert():1090) - GENRE:{294, null, 293, null, 0, 0, 2023-08-01 0:00:00, 2023-08-01 0:00:00, PATCH}
2023-09-09 10:58:29,496 [main] INFO  (DfAbsractDataWriter#handleLoggingInsert():1090) - GENRE:{295, null, 294, null, 0, 0, 2023-08-01 0:00:00, 2023-08-01 0:00:00, PATCH}
2023-09-09 10:58:29,496 [main] INFO  (DfAbsractDataWriter#handleLoggingInsert():1090) - GENRE:{296, null, 295, null, 0, 0, 2023-08-01 0:00:00, 2023-08-01 0:00:00, PATCH}
2023-09-09 10:58:29,497 [main] INFO  (DfAbsractDataWriter#handleLoggingInsert():1090) - GENRE:{297, null, 296, null, 0, 0, 2023-08-01 0:00:00, 2023-08-01 0:00:00, PATCH}
2023-09-09 10:58:29,499 [main] INFO  (DfAbsractDataWriter#handleLoggingInsert():1090) - GENRE:{298, null, 297, null, 0, 0, 2023-08-01 0:00:00, 2023-08-01 0:00:00, PATCH}
2023-09-09 10:58:29,501 [main] INFO  (DfAbsractDataWriter#handleLoggingInsert():1090) - GENRE:{299, null, 298, null, 0, 0, 2023-08-01 0:00:00, 2023-08-01 0:00:00, PATCH}
2023-09-09 10:58:29,502 [main] INFO  (DfAbsractDataWriter#handleLoggingInsert():1090) - GENRE:{300, null, 299, null, 0, 0, 2023-08-01 0:00:00, 2023-08-01 0:00:00, PATCH}
2023-09-09 10:58:29,503 [main] INFO  (DfAbsractDataWriter#handleLoggingInsert():1090) - GENRE:{301, 社会科学, 300, null, 0, 0, 2023-08-01 0:00:00, 2023-08-01 0:00:00, PATCH}
2023-09-09 10:58:29,504 [main] INFO  (DfAbsractDataWriter#handleLoggingInsert():1090) - GENRE:{302, null, 301, null, 0, 0, 2023-08-01 0:00:00, 2023-08-01 0:00:00, PATCH}
2023-09-09 10:58:29,505 [main] INFO  (DfAbsractDataWriter#handleLoggingInsert():1090) - GENRE:{303, null, 302, null, 0, 0, 2023-08-01 0:00:00, 2023-08-01 0:00:00, PATCH}
2023-09-09 10:58:29,506 [main] INFO  (DfAbsractDataWriter#handleLoggingInsert():1090) - GENRE:{304, null, 303, null, 0, 0, 2023-08-01 0:00:00, 2023-08-01 0:00:00, PATCH}
2023-09-09 10:58:29,507 [main] INFO  (DfAbsractDataWriter#handleLoggingInsert():1090) - GENRE:{305, null, 304, null, 0, 0, 2023-08-01 0:00:00, 2023-08-01 0:00:00, PATCH}
2023-09-09 10:58:29,508 [main] INFO  (DfAbsractDataWriter#handleLoggingInsert():1090) - GENRE:{306, null, 305, null, 0, 0, 2023-08-01 0:00:00, 2023-08-01 0:00:00, PATCH}
2023-09-09 10:58:29,509 [main] INFO  (DfAbsractDataWriter#handleLoggingInsert():1090) - GENRE:{307, null, 306, null, 0, 0, 2023-08-01 0:00:00, 2023-08-01 0:00:00, PATCH}
2023-09-09 10:58:29,512 [main] INFO  (DfAbsractDataWriter#handleLoggingInsert():1090) - GENRE:{308, null, 307, null, 0, 0, 2023-08-01 0:00:00, 2023-08-01 0:00:00, PATCH}
2023-09-09 10:58:29,513 [main] INFO  (DfAbsractDataWriter#handleLoggingInsert():1090) - GENRE:{309, null, 308, null, 0, 0, 2023-08-01 0:00:00, 2023-08-01 0:00:00, PATCH}
2023-09-09 10:58:29,514 [main] INFO  (DfAbsractDataWriter#handleLoggingInsert():1090) - GENRE:{310, null, 309, null, 0, 0, 2023-08-01 0:00:00, 2023-08-01 0:00:00, PATCH}
2023-09-09 10:58:29,514 [main] INFO  (DfAbsractDataWriter#handleLoggingInsert():1090) - GENRE:{311, 政治, 310, null, 0, 0, 2023-08-01 0:00:00, 2023-08-01 0:00:00, PATCH}
2023-09-09 10:58:29,515 [main] INFO  (DfAbsractDataWriter#handleLoggingInsert():1090) - GENRE:{312, null, 311, null, 0, 0, 2023-08-01 0:00:00, 2023-08-01 0:00:00, PATCH}
2023-09-09 10:58:29,516 [main] INFO  (DfAbsractDataWriter#handleLoggingInsert():1090) - GENRE:{313, null, 312, null, 0, 0, 2023-08-01 0:00:00, 2023-08-01 0:00:00, PATCH}
2023-09-09 10:58:29,521 [main] INFO  (DfAbsractDataWriter#handleLoggingInsert():1090) - GENRE:{314, null, 313, null, 0, 0, 2023-08-01 0:00:00, 2023-08-01 0:00:00, PATCH}
2023-09-09 10:58:29,522 [main] INFO  (DfAbsractDataWriter#handleLoggingInsert():1090) - GENRE:{315, null, 314, null, 0, 0, 2023-08-01 0:00:00, 2023-08-01 0:00:00, PATCH}
2023-09-09 10:58:29,524 [main] INFO  (DfAbsractDataWriter#handleLoggingInsert():1090) - GENRE:{316, null, 315, null, 0, 0, 2023-08-01 0:00:00, 2023-08-01 0:00:00, PATCH}
2023-09-09 10:58:29,524 [main] INFO  (DfAbsractDataWriter#handleLoggingInsert():1090) - GENRE:{317, null, 316, null, 0, 0, 2023-08-01 0:00:00, 2023-08-01 0:00:00, PATCH}
2023-09-09 10:58:29,525 [main] INFO  (DfAbsractDataWriter#handleLoggingInsert():1090) - GENRE:{318, null, 317, null, 0, 0, 2023-08-01 0:00:00, 2023-08-01 0:00:00, PATCH}
2023-09-09 10:58:29,525 [main] INFO  (DfAbsractDataWriter#handleLoggingInsert():1090) - GENRE:{319, null, 318, null, 0, 0, 2023-08-01 0:00:00, 2023-08-01 0:00:00, PATCH}
2023-09-09 10:58:29,526 [main] INFO  (DfAbsractDataWriter#handleLoggingInsert():1090) - GENRE:{320, null, 319, null, 0, 0, 2023-08-01 0:00:00, 2023-08-01 0:00:00, PATCH}
2023-09-09 10:58:29,526 [main] INFO  (DfAbsractDataWriter#handleLoggingInsert():1090) - GENRE:{321, 法律, 320, null, 0, 0, 2023-08-01 0:00:00, 2023-08-01 0:00:00, PATCH}
2023-09-09 10:58:29,527 [main] INFO  (DfAbsractDataWriter#handleLoggingInsert():1090) - GENRE:{322, null, 321, null, 0, 0, 2023-08-01 0:00:00, 2023-08-01 0:00:00, PATCH}
2023-09-09 10:58:29,527 [main] INFO  (DfAbsractDataWriter#handleLoggingInsert():1090) - GENRE:{323, null, 322, null, 0, 0, 2023-08-01 0:00:00, 2023-08-01 0:00:00, PATCH}
2023-09-09 10:58:29,528 [main] INFO  (DfAbsractDataWriter#handleLoggingInsert():1090) - GENRE:{324, null, 323, null, 0, 0, 2023-08-01 0:00:00, 2023-08-01 0:00:00, PATCH}
2023-09-09 10:58:29,529 [main] INFO  (DfAbsractDataWriter#handleLoggingInsert():1090) - GENRE:{325, null, 324, null, 0, 0, 2023-08-01 0:00:00, 2023-08-01 0:00:00, PATCH}
2023-09-09 10:58:29,530 [main] INFO  (DfAbsractDataWriter#handleLoggingInsert():1090) - GENRE:{326, null, 325, null, 0, 0, 2023-08-01 0:00:00, 2023-08-01 0:00:00, PATCH}
2023-09-09 10:58:29,531 [main] INFO  (DfAbsractDataWriter#handleLoggingInsert():1090) - GENRE:{327, null, 326, null, 0, 0, 2023-08-01 0:00:00, 2023-08-01 0:00:00, PATCH}
2023-09-09 10:58:29,532 [main] INFO  (DfAbsractDataWriter#handleLoggingInsert():1090) - GENRE:{328, null, 327, null, 0, 0, 2023-08-01 0:00:00, 2023-08-01 0:00:00, PATCH}
2023-09-09 10:58:29,533 [main] INFO  (DfAbsractDataWriter#handleLoggingInsert():1090) - GENRE:{329, null, 328, null, 0, 0, 2023-08-01 0:00:00, 2023-08-01 0:00:00, PATCH}
2023-09-09 10:58:29,534 [main] INFO  (DfAbsractDataWriter#handleLoggingInsert():1090) - GENRE:{330, null, 329, null, 0, 0, 2023-08-01 0:00:00, 2023-08-01 0:00:00, PATCH}
2023-09-09 10:58:29,535 [main] INFO  (DfAbsractDataWriter#handleLoggingInsert():1090) - GENRE:{331, 経済, 330, null, 0, 0, 2023-08-01 0:00:00, 2023-08-01 0:00:00, PATCH}
2023-09-09 10:58:29,537 [main] INFO  (DfAbsractDataWriter#handleLoggingInsert():1090) - GENRE:{332, null, 331, null, 0, 0, 2023-08-01 0:00:00, 2023-08-01 0:00:00, PATCH}
2023-09-09 10:58:29,542 [main] INFO  (DfAbsractDataWriter#handleLoggingInsert():1090) - GENRE:{333, null, 332, null, 0, 0, 2023-08-01 0:00:00, 2023-08-01 0:00:00, PATCH}
2023-09-09 10:58:29,543 [main] INFO  (DfAbsractDataWriter#handleLoggingInsert():1090) - GENRE:{334, null, 333, null, 0, 0, 2023-08-01 0:00:00, 2023-08-01 0:00:00, PATCH}
2023-09-09 10:58:29,544 [main] INFO  (DfAbsractDataWriter#handleLoggingInsert():1090) - GENRE:{335, null, 334, null, 0, 0, 2023-08-01 0:00:00, 2023-08-01 0:00:00, PATCH}
2023-09-09 10:58:29,545 [main] INFO  (DfAbsractDataWriter#handleLoggingInsert():1090) - GENRE:{336, null, 335, null, 0, 0, 2023-08-01 0:00:00, 2023-08-01 0:00:00, PATCH}
2023-09-09 10:58:29,546 [main] INFO  (DfAbsractDataWriter#handleLoggingInsert():1090) - GENRE:{337, null, 336, null, 0, 0, 2023-08-01 0:00:00, 2023-08-01 0:00:00, PATCH}
2023-09-09 10:58:29,547 [main] INFO  (DfAbsractDataWriter#handleLoggingInsert():1090) - GENRE:{338, null, 337, null, 0, 0, 2023-08-01 0:00:00, 2023-08-01 0:00:00, PATCH}
2023-09-09 10:58:29,548 [main] INFO  (DfAbsractDataWriter#handleLoggingInsert():1090) - GENRE:{339, null, 338, null, 0, 0, 2023-08-01 0:00:00, 2023-08-01 0:00:00, PATCH}
2023-09-09 10:58:29,549 [main] INFO  (DfAbsractDataWriter#handleLoggingInsert():1090) - GENRE:{340, null, 339, null, 0, 0, 2023-08-01 0:00:00, 2023-08-01 0:00:00, PATCH}
2023-09-09 10:58:29,550 [main] INFO  (DfAbsractDataWriter#handleLoggingInsert():1090) - GENRE:{341, 財政, 340, null, 0, 0, 2023-08-01 0:00:00, 2023-08-01 0:00:00, PATCH}
2023-09-09 10:58:29,551 [main] INFO  (DfAbsractDataWriter#handleLoggingInsert():1090) - GENRE:{342, null, 341, null, 0, 0, 2023-08-01 0:00:00, 2023-08-01 0:00:00, PATCH}
2023-09-09 10:58:29,551 [main] INFO  (DfAbsractDataWriter#handleLoggingInsert():1090) - GENRE:{343, null, 342, null, 0, 0, 2023-08-01 0:00:00, 2023-08-01 0:00:00, PATCH}
2023-09-09 10:58:29,552 [main] INFO  (DfAbsractDataWriter#handleLoggingInsert():1090) - GENRE:{344, null, 343, null, 0, 0, 2023-08-01 0:00:00, 2023-08-01 0:00:00, PATCH}
2023-09-09 10:58:29,553 [main] INFO  (DfAbsractDataWriter#handleLoggingInsert():1090) - GENRE:{345, null, 344, null, 0, 0, 2023-08-01 0:00:00, 2023-08-01 0:00:00, PATCH}
2023-09-09 10:58:29,553 [main] INFO  (DfAbsractDataWriter#handleLoggingInsert():1090) - GENRE:{346, null, 345, null, 0, 0, 2023-08-01 0:00:00, 2023-08-01 0:00:00, PATCH}
2023-09-09 10:58:29,554 [main] INFO  (DfAbsractDataWriter#handleLoggingInsert():1090) - GENRE:{347, null, 346, null, 0, 0, 2023-08-01 0:00:00, 2023-08-01 0:00:00, PATCH}
2023-09-09 10:58:29,554 [main] INFO  (DfAbsractDataWriter#handleLoggingInsert():1090) - GENRE:{348, null, 347, null, 0, 0, 2023-08-01 0:00:00, 2023-08-01 0:00:00, PATCH}
2023-09-09 10:58:29,555 [main] INFO  (DfAbsractDataWriter#handleLoggingInsert():1090) - GENRE:{349, null, 348, null, 0, 0, 2023-08-01 0:00:00, 2023-08-01 0:00:00, PATCH}
2023-09-09 10:58:29,556 [main] INFO  (DfAbsractDataWriter#handleLoggingInsert():1090) - GENRE:{350, null, 349, null, 0, 0, 2023-08-01 0:00:00, 2023-08-01 0:00:00, PATCH}
2023-09-09 10:58:29,563 [main] INFO  (DfAbsractDataWriter#handleLoggingInsert():1090) - GENRE:{351, 統計, 350, null, 0, 0, 2023-08-01 0:00:00, 2023-08-01 0:00:00, PATCH}
2023-09-09 10:58:29,564 [main] INFO  (DfAbsractDataWriter#handleLoggingInsert():1090) - GENRE:{352, null, 351, null, 0, 0, 2023-08-01 0:00:00, 2023-08-01 0:00:00, PATCH}
2023-09-09 10:58:29,565 [main] INFO  (DfAbsractDataWriter#handleLoggingInsert():1090) - GENRE:{353, null, 352, null, 0, 0, 2023-08-01 0:00:00, 2023-08-01 0:00:00, PATCH}
2023-09-09 10:58:29,566 [main] INFO  (DfAbsractDataWriter#handleLoggingInsert():1090) - GENRE:{354, null, 353, null, 0, 0, 2023-08-01 0:00:00, 2023-08-01 0:00:00, PATCH}
2023-09-09 10:58:29,566 [main] INFO  (DfAbsractDataWriter#handleLoggingInsert():1090) - GENRE:{355, null, 354, null, 0, 0, 2023-08-01 0:00:00, 2023-08-01 0:00:00, PATCH}
2023-09-09 10:58:29,567 [main] INFO  (DfAbsractDataWriter#handleLoggingInsert():1090) - GENRE:{356, null, 355, null, 0, 0, 2023-08-01 0:00:00, 2023-08-01 0:00:00, PATCH}
2023-09-09 10:58:29,568 [main] INFO  (DfAbsractDataWriter#handleLoggingInsert():1090) - GENRE:{357, null, 356, null, 0, 0, 2023-08-01 0:00:00, 2023-08-01 0:00:00, PATCH}
2023-09-09 10:58:29,568 [main] INFO  (DfAbsractDataWriter#handleLoggingInsert():1090) - GENRE:{358, null, 357, null, 0, 0, 2023-08-01 0:00:00, 2023-08-01 0:00:00, PATCH}
2023-09-09 10:58:29,569 [main] INFO  (DfAbsractDataWriter#handleLoggingInsert():1090) - GENRE:{359, null, 358, null, 0, 0, 2023-08-01 0:00:00, 2023-08-01 0:00:00, PATCH}
2023-09-09 10:58:29,570 [main] INFO  (DfAbsractDataWriter#handleLoggingInsert():1090) - GENRE:{360, null, 359, null, 0, 0, 2023-08-01 0:00:00, 2023-08-01 0:00:00, PATCH}
2023-09-09 10:58:29,571 [main] INFO  (DfAbsractDataWriter#handleLoggingInsert():1090) - GENRE:{361, 社会, 360, null, 0, 0, 2023-08-01 0:00:00, 2023-08-01 0:00:00, PATCH}
2023-09-09 10:58:29,572 [main] INFO  (DfAbsractDataWriter#handleLoggingInsert():1090) - GENRE:{362, null, 361, null, 0, 0, 2023-08-01 0:00:00, 2023-08-01 0:00:00, PATCH}
2023-09-09 10:58:29,572 [main] INFO  (DfAbsractDataWriter#handleLoggingInsert():1090) - GENRE:{363, null, 362, null, 0, 0, 2023-08-01 0:00:00, 2023-08-01 0:00:00, PATCH}
2023-09-09 10:58:29,573 [main] INFO  (DfAbsractDataWriter#handleLoggingInsert():1090) - GENRE:{364, null, 363, null, 0, 0, 2023-08-01 0:00:00, 2023-08-01 0:00:00, PATCH}
2023-09-09 10:58:29,574 [main] INFO  (DfAbsractDataWriter#handleLoggingInsert():1090) - GENRE:{365, null, 364, null, 0, 0, 2023-08-01 0:00:00, 2023-08-01 0:00:00, PATCH}
2023-09-09 10:58:29,575 [main] INFO  (DfAbsractDataWriter#handleLoggingInsert():1090) - GENRE:{366, null, 365, null, 0, 0, 2023-08-01 0:00:00, 2023-08-01 0:00:00, PATCH}
2023-09-09 10:58:29,576 [main] INFO  (DfAbsractDataWriter#handleLoggingInsert():1090) - GENRE:{367, null, 366, null, 0, 0, 2023-08-01 0:00:00, 2023-08-01 0:00:00, PATCH}
2023-09-09 10:58:29,576 [main] INFO  (DfAbsractDataWriter#handleLoggingInsert():1090) - GENRE:{368, null, 367, null, 0, 0, 2023-08-01 0:00:00, 2023-08-01 0:00:00, PATCH}
2023-09-09 10:58:29,577 [main] INFO  (DfAbsractDataWriter#handleLoggingInsert():1090) - GENRE:{369, null, 368, null, 0, 0, 2023-08-01 0:00:00, 2023-08-01 0:00:00, PATCH}
2023-09-09 10:58:29,578 [main] INFO  (DfAbsractDataWriter#handleLoggingInsert():1090) - GENRE:{370, null, 369, null, 0, 0, 2023-08-01 0:00:00, 2023-08-01 0:00:00, PATCH}
2023-09-09 10:58:29,579 [main] INFO  (DfAbsractDataWriter#handleLoggingInsert():1090) - GENRE:{371, 教育, 370, null, 0, 0, 2023-08-01 0:00:00, 2023-08-01 0:00:00, PATCH}
2023-09-09 10:58:29,580 [main] INFO  (DfAbsractDataWriter#handleLoggingInsert():1090) - GENRE:{372, null, 371, null, 0, 0, 2023-08-01 0:00:00, 2023-08-01 0:00:00, PATCH}
2023-09-09 10:58:29,581 [main] INFO  (DfAbsractDataWriter#handleLoggingInsert():1090) - GENRE:{373, null, 372, null, 0, 0, 2023-08-01 0:00:00, 2023-08-01 0:00:00, PATCH}
2023-09-09 10:58:29,582 [main] INFO  (DfAbsractDataWriter#handleLoggingInsert():1090) - GENRE:{374, null, 373, null, 0, 0, 2023-08-01 0:00:00, 2023-08-01 0:00:00, PATCH}
2023-09-09 10:58:29,583 [main] INFO  (DfAbsractDataWriter#handleLoggingInsert():1090) - GENRE:{375, null, 374, null, 0, 0, 2023-08-01 0:00:00, 2023-08-01 0:00:00, PATCH}
2023-09-09 10:58:29,584 [main] INFO  (DfAbsractDataWriter#handleLoggingInsert():1090) - GENRE:{376, null, 375, null, 0, 0, 2023-08-01 0:00:00, 2023-08-01 0:00:00, PATCH}
2023-09-09 10:58:29,584 [main] INFO  (DfAbsractDataWriter#handleLoggingInsert():1090) - GENRE:{377, null, 376, null, 0, 0, 2023-08-01 0:00:00, 2023-08-01 0:00:00, PATCH}
2023-09-09 10:58:29,585 [main] INFO  (DfAbsractDataWriter#handleLoggingInsert():1090) - GENRE:{378, null, 377, null, 0, 0, 2023-08-01 0:00:00, 2023-08-01 0:00:00, PATCH}
2023-09-09 10:58:29,587 [main] INFO  (DfAbsractDataWriter#handleLoggingInsert():1090) - GENRE:{379, null, 378, null, 0, 0, 2023-08-01 0:00:00, 2023-08-01 0:00:00, PATCH}
2023-09-09 10:58:29,588 [main] INFO  (DfAbsractDataWriter#handleLoggingInsert():1090) - GENRE:{380, null, 379, null, 0, 0, 2023-08-01 0:00:00, 2023-08-01 0:00:00, PATCH}
2023-09-09 10:58:29,590 [main] INFO  (DfAbsractDataWriter#handleLoggingInsert():1090) - GENRE:{381, 風俗習慣. 民俗学. 民族学, 380, null, 0, 0, 2023-08-01 0:00:00, 2023-08-01 0:00:00, PATCH}
2023-09-09 10:58:29,591 [main] INFO  (DfAbsractDataWriter#handleLoggingInsert():1090) - GENRE:{382, null, 381, null, 0, 0, 2023-08-01 0:00:00, 2023-08-01 0:00:00, PATCH}
2023-09-09 10:58:29,591 [main] INFO  (DfAbsractDataWriter#handleLoggingInsert():1090) - GENRE:{383, null, 382, null, 0, 0, 2023-08-01 0:00:00, 2023-08-01 0:00:00, PATCH}
2023-09-09 10:58:29,592 [main] INFO  (DfAbsractDataWriter#handleLoggingInsert():1090) - GENRE:{384, null, 383, null, 0, 0, 2023-08-01 0:00:00, 2023-08-01 0:00:00, PATCH}
2023-09-09 10:58:29,593 [main] INFO  (DfAbsractDataWriter#handleLoggingInsert():1090) - GENRE:{385, null, 384, null, 0, 0, 2023-08-01 0:00:00, 2023-08-01 0:00:00, PATCH}
2023-09-09 10:58:29,594 [main] INFO  (DfAbsractDataWriter#handleLoggingInsert():1090) - GENRE:{386, null, 385, null, 0, 0, 2023-08-01 0:00:00, 2023-08-01 0:00:00, PATCH}
2023-09-09 10:58:29,595 [main] INFO  (DfAbsractDataWriter#handleLoggingInsert():1090) - GENRE:{387, null, 386, null, 0, 0, 2023-08-01 0:00:00, 2023-08-01 0:00:00, PATCH}
2023-09-09 10:58:29,596 [main] INFO  (DfAbsractDataWriter#handleLoggingInsert():1090) - GENRE:{388, null, 387, null, 0, 0, 2023-08-01 0:00:00, 2023-08-01 0:00:00, PATCH}
2023-09-09 10:58:29,597 [main] INFO  (DfAbsractDataWriter#handleLoggingInsert():1090) - GENRE:{389, null, 388, null, 0, 0, 2023-08-01 0:00:00, 2023-08-01 0:00:00, PATCH}
2023-09-09 10:58:29,598 [main] INFO  (DfAbsractDataWriter#handleLoggingInsert():1090) - GENRE:{390, null, 389, null, 0, 0, 2023-08-01 0:00:00, 2023-08-01 0:00:00, PATCH}
2023-09-09 10:58:29,598 [main] INFO  (DfAbsractDataWriter#handleLoggingInsert():1090) - GENRE:{391, 国防. 軍事, 390, null, 0, 0, 2023-08-01 0:00:00, 2023-08-01 0:00:00, PATCH}
2023-09-09 10:58:29,599 [main] INFO  (DfAbsractDataWriter#handleLoggingInsert():1090) - GENRE:{392, null, 391, null, 0, 0, 2023-08-01 0:00:00, 2023-08-01 0:00:00, PATCH}
2023-09-09 10:58:29,600 [main] INFO  (DfAbsractDataWriter#handleLoggingInsert():1090) - GENRE:{393, null, 392, null, 0, 0, 2023-08-01 0:00:00, 2023-08-01 0:00:00, PATCH}
2023-09-09 10:58:29,601 [main] INFO  (DfAbsractDataWriter#handleLoggingInsert():1090) - GENRE:{394, null, 393, null, 0, 0, 2023-08-01 0:00:00, 2023-08-01 0:00:00, PATCH}
2023-09-09 10:58:29,602 [main] INFO  (DfAbsractDataWriter#handleLoggingInsert():1090) - GENRE:{395, null, 394, null, 0, 0, 2023-08-01 0:00:00, 2023-08-01 0:00:00, PATCH}
2023-09-09 10:58:29,603 [main] INFO  (DfAbsractDataWriter#handleLoggingInsert():1090) - GENRE:{396, null, 395, null, 0, 0, 2023-08-01 0:00:00, 2023-08-01 0:00:00, PATCH}
2023-09-09 10:58:29,606 [main] INFO  (DfAbsractDataWriter#handleLoggingInsert():1090) - GENRE:{397, null, 396, null, 0, 0, 2023-08-01 0:00:00, 2023-08-01 0:00:00, PATCH}
2023-09-09 10:58:29,607 [main] INFO  (DfAbsractDataWriter#handleLoggingInsert():1090) - GENRE:{398, null, 397, null, 0, 0, 2023-08-01 0:00:00, 2023-08-01 0:00:00, PATCH}
2023-09-09 10:58:29,607 [main] INFO  (DfAbsractDataWriter#handleLoggingInsert():1090) - GENRE:{399, null, 398, null, 0, 0, 2023-08-01 0:00:00, 2023-08-01 0:00:00, PATCH}
2023-09-09 10:58:29,608 [main] INFO  (DfAbsractDataWriter#handleLoggingInsert():1090) - GENRE:{400, null, 399, null, 0, 0, 2023-08-01 0:00:00, 2023-08-01 0:00:00, PATCH}
2023-09-09 10:58:29,612 [main] INFO  (DfAbsractDataWriter#handleLoggingInsert():1090) - GENRE:{401, 自然科学, 400, null, 0, 0, 2023-08-01 0:00:00, 2023-08-01 0:00:00, PATCH}
2023-09-09 10:58:29,613 [main] INFO  (DfAbsractDataWriter#handleLoggingInsert():1090) - GENRE:{402, null, 401, null, 0, 0, 2023-08-01 0:00:00, 2023-08-01 0:00:00, PATCH}
2023-09-09 10:58:29,613 [main] INFO  (DfAbsractDataWriter#handleLoggingInsert():1090) - GENRE:{403, null, 402, null, 0, 0, 2023-08-01 0:00:00, 2023-08-01 0:00:00, PATCH}
2023-09-09 10:58:29,614 [main] INFO  (DfAbsractDataWriter#handleLoggingInsert():1090) - GENRE:{404, null, 403, null, 0, 0, 2023-08-01 0:00:00, 2023-08-01 0:00:00, PATCH}
2023-09-09 10:58:29,614 [main] INFO  (DfAbsractDataWriter#handleLoggingInsert():1090) - GENRE:{405, null, 404, null, 0, 0, 2023-08-01 0:00:00, 2023-08-01 0:00:00, PATCH}
2023-09-09 10:58:29,615 [main] INFO  (DfAbsractDataWriter#handleLoggingInsert():1090) - GENRE:{406, null, 405, null, 0, 0, 2023-08-01 0:00:00, 2023-08-01 0:00:00, PATCH}
2023-09-09 10:58:29,615 [main] INFO  (DfAbsractDataWriter#handleLoggingInsert():1090) - GENRE:{407, null, 406, null, 0, 0, 2023-08-01 0:00:00, 2023-08-01 0:00:00, PATCH}
2023-09-09 10:58:29,616 [main] INFO  (DfAbsractDataWriter#handleLoggingInsert():1090) - GENRE:{408, null, 407, null, 0, 0, 2023-08-01 0:00:00, 2023-08-01 0:00:00, PATCH}
2023-09-09 10:58:29,618 [main] INFO  (DfAbsractDataWriter#handleLoggingInsert():1090) - GENRE:{409, null, 408, null, 0, 0, 2023-08-01 0:00:00, 2023-08-01 0:00:00, PATCH}
2023-09-09 10:58:29,619 [main] INFO  (DfAbsractDataWriter#handleLoggingInsert():1090) - GENRE:{410, null, 409, null, 0, 0, 2023-08-01 0:00:00, 2023-08-01 0:00:00, PATCH}
2023-09-09 10:58:29,626 [main] INFO  (DfAbsractDataWriter#handleLoggingInsert():1090) - GENRE:{411, 数学, 410, null, 0, 0, 2023-08-01 0:00:00, 2023-08-01 0:00:00, PATCH}
2023-09-09 10:58:29,627 [main] INFO  (DfAbsractDataWriter#handleLoggingInsert():1090) - GENRE:{412, null, 411, null, 0, 0, 2023-08-01 0:00:00, 2023-08-01 0:00:00, PATCH}
2023-09-09 10:58:29,628 [main] INFO  (DfAbsractDataWriter#handleLoggingInsert():1090) - GENRE:{413, null, 412, null, 0, 0, 2023-08-01 0:00:00, 2023-08-01 0:00:00, PATCH}
2023-09-09 10:58:29,629 [main] INFO  (DfAbsractDataWriter#handleLoggingInsert():1090) - GENRE:{414, null, 413, null, 0, 0, 2023-08-01 0:00:00, 2023-08-01 0:00:00, PATCH}
2023-09-09 10:58:29,631 [main] INFO  (DfAbsractDataWriter#handleLoggingInsert():1090) - GENRE:{415, null, 414, null, 0, 0, 2023-08-01 0:00:00, 2023-08-01 0:00:00, PATCH}
2023-09-09 10:58:29,633 [main] INFO  (DfAbsractDataWriter#handleLoggingInsert():1090) - GENRE:{416, null, 415, null, 0, 0, 2023-08-01 0:00:00, 2023-08-01 0:00:00, PATCH}
2023-09-09 10:58:29,634 [main] INFO  (DfAbsractDataWriter#handleLoggingInsert():1090) - GENRE:{417, null, 416, null, 0, 0, 2023-08-01 0:00:00, 2023-08-01 0:00:00, PATCH}
2023-09-09 10:58:29,635 [main] INFO  (DfAbsractDataWriter#handleLoggingInsert():1090) - GENRE:{418, null, 417, null, 0, 0, 2023-08-01 0:00:00, 2023-08-01 0:00:00, PATCH}
2023-09-09 10:58:29,637 [main] INFO  (DfAbsractDataWriter#handleLoggingInsert():1090) - GENRE:{419, null, 418, null, 0, 0, 2023-08-01 0:00:00, 2023-08-01 0:00:00, PATCH}
2023-09-09 10:58:29,638 [main] INFO  (DfAbsractDataWriter#handleLoggingInsert():1090) - GENRE:{420, null, 419, null, 0, 0, 2023-08-01 0:00:00, 2023-08-01 0:00:00, PATCH}
2023-09-09 10:58:29,639 [main] INFO  (DfAbsractDataWriter#handleLoggingInsert():1090) - GENRE:{421, 物理学, 420, null, 0, 0, 2023-08-01 0:00:00, 2023-08-01 0:00:00, PATCH}
2023-09-09 10:58:29,640 [main] INFO  (DfAbsractDataWriter#handleLoggingInsert():1090) - GENRE:{422, null, 421, null, 0, 0, 2023-08-01 0:00:00, 2023-08-01 0:00:00, PATCH}
2023-09-09 10:58:29,641 [main] INFO  (DfAbsractDataWriter#handleLoggingInsert():1090) - GENRE:{423, null, 422, null, 0, 0, 2023-08-01 0:00:00, 2023-08-01 0:00:00, PATCH}
2023-09-09 10:58:29,642 [main] INFO  (DfAbsractDataWriter#handleLoggingInsert():1090) - GENRE:{424, null, 423, null, 0, 0, 2023-08-01 0:00:00, 2023-08-01 0:00:00, PATCH}
2023-09-09 10:58:29,643 [main] INFO  (DfAbsractDataWriter#handleLoggingInsert():1090) - GENRE:{425, null, 424, null, 0, 0, 2023-08-01 0:00:00, 2023-08-01 0:00:00, PATCH}
2023-09-09 10:58:29,643 [main] INFO  (DfAbsractDataWriter#handleLoggingInsert():1090) - GENRE:{426, null, 425, null, 0, 0, 2023-08-01 0:00:00, 2023-08-01 0:00:00, PATCH}
2023-09-09 10:58:29,644 [main] INFO  (DfAbsractDataWriter#handleLoggingInsert():1090) - GENRE:{427, null, 426, null, 0, 0, 2023-08-01 0:00:00, 2023-08-01 0:00:00, PATCH}
2023-09-09 10:58:29,645 [main] INFO  (DfAbsractDataWriter#handleLoggingInsert():1090) - GENRE:{428, null, 427, null, 0, 0, 2023-08-01 0:00:00, 2023-08-01 0:00:00, PATCH}
2023-09-09 10:58:29,646 [main] INFO  (DfAbsractDataWriter#handleLoggingInsert():1090) - GENRE:{429, null, 428, null, 0, 0, 2023-08-01 0:00:00, 2023-08-01 0:00:00, PATCH}
2023-09-09 10:58:29,647 [main] INFO  (DfAbsractDataWriter#handleLoggingInsert():1090) - GENRE:{430, null, 429, null, 0, 0, 2023-08-01 0:00:00, 2023-08-01 0:00:00, PATCH}
2023-09-09 10:58:29,647 [main] INFO  (DfAbsractDataWriter#handleLoggingInsert():1090) - GENRE:{431, 化学, 430, null, 0, 0, 2023-08-01 0:00:00, 2023-08-01 0:00:00, PATCH}
2023-09-09 10:58:29,649 [main] INFO  (DfAbsractDataWriter#handleLoggingInsert():1090) - GENRE:{432, null, 431, null, 0, 0, 2023-08-01 0:00:00, 2023-08-01 0:00:00, PATCH}
2023-09-09 10:58:29,649 [main] INFO  (DfAbsractDataWriter#handleLoggingInsert():1090) - GENRE:{433, null, 432, null, 0, 0, 2023-08-01 0:00:00, 2023-08-01 0:00:00, PATCH}
2023-09-09 10:58:29,650 [main] INFO  (DfAbsractDataWriter#handleLoggingInsert():1090) - GENRE:{434, null, 433, null, 0, 0, 2023-08-01 0:00:00, 2023-08-01 0:00:00, PATCH}
2023-09-09 10:58:29,651 [main] INFO  (DfAbsractDataWriter#handleLoggingInsert():1090) - GENRE:{435, null, 434, null, 0, 0, 2023-08-01 0:00:00, 2023-08-01 0:00:00, PATCH}
2023-09-09 10:58:29,651 [main] INFO  (DfAbsractDataWriter#handleLoggingInsert():1090) - GENRE:{436, null, 435, null, 0, 0, 2023-08-01 0:00:00, 2023-08-01 0:00:00, PATCH}
2023-09-09 10:58:29,652 [main] INFO  (DfAbsractDataWriter#handleLoggingInsert():1090) - GENRE:{437, null, 436, null, 0, 0, 2023-08-01 0:00:00, 2023-08-01 0:00:00, PATCH}
2023-09-09 10:58:29,652 [main] INFO  (DfAbsractDataWriter#handleLoggingInsert():1090) - GENRE:{438, null, 437, null, 0, 0, 2023-08-01 0:00:00, 2023-08-01 0:00:00, PATCH}
2023-09-09 10:58:29,652 [main] INFO  (DfAbsractDataWriter#handleLoggingInsert():1090) - GENRE:{439, null, 438, null, 0, 0, 2023-08-01 0:00:00, 2023-08-01 0:00:00, PATCH}
2023-09-09 10:58:29,653 [main] INFO  (DfAbsractDataWriter#handleLoggingInsert():1090) - GENRE:{440, null, 439, null, 0, 0, 2023-08-01 0:00:00, 2023-08-01 0:00:00, PATCH}
2023-09-09 10:58:29,653 [main] INFO  (DfAbsractDataWriter#handleLoggingInsert():1090) - GENRE:{441, 天文学. 宇宙科学, 440, null, 0, 0, 2023-08-01 0:00:00, 2023-08-01 0:00:00, PATCH}
2023-09-09 10:58:29,653 [main] INFO  (DfAbsractDataWriter#handleLoggingInsert():1090) - GENRE:{442, null, 441, null, 0, 0, 2023-08-01 0:00:00, 2023-08-01 0:00:00, PATCH}
2023-09-09 10:58:29,654 [main] INFO  (DfAbsractDataWriter#handleLoggingInsert():1090) - GENRE:{443, null, 442, null, 0, 0, 2023-08-01 0:00:00, 2023-08-01 0:00:00, PATCH}
2023-09-09 10:58:29,655 [main] INFO  (DfAbsractDataWriter#handleLoggingInsert():1090) - GENRE:{444, null, 443, null, 0, 0, 2023-08-01 0:00:00, 2023-08-01 0:00:00, PATCH}
2023-09-09 10:58:29,655 [main] INFO  (DfAbsractDataWriter#handleLoggingInsert():1090) - GENRE:{445, null, 444, null, 0, 0, 2023-08-01 0:00:00, 2023-08-01 0:00:00, PATCH}
2023-09-09 10:58:29,656 [main] INFO  (DfAbsractDataWriter#handleLoggingInsert():1090) - GENRE:{446, null, 445, null, 0, 0, 2023-08-01 0:00:00, 2023-08-01 0:00:00, PATCH}
2023-09-09 10:58:29,656 [main] INFO  (DfAbsractDataWriter#handleLoggingInsert():1090) - GENRE:{447, null, 446, null, 0, 0, 2023-08-01 0:00:00, 2023-08-01 0:00:00, PATCH}
2023-09-09 10:58:29,657 [main] INFO  (DfAbsractDataWriter#handleLoggingInsert():1090) - GENRE:{448, null, 447, null, 0, 0, 2023-08-01 0:00:00, 2023-08-01 0:00:00, PATCH}
2023-09-09 10:58:29,657 [main] INFO  (DfAbsractDataWriter#handleLoggingInsert():1090) - GENRE:{449, null, 448, null, 0, 0, 2023-08-01 0:00:00, 2023-08-01 0:00:00, PATCH}
2023-09-09 10:58:29,658 [main] INFO  (DfAbsractDataWriter#handleLoggingInsert():1090) - GENRE:{450, null, 449, null, 0, 0, 2023-08-01 0:00:00, 2023-08-01 0:00:00, PATCH}
2023-09-09 10:58:29,661 [main] INFO  (DfAbsractDataWriter#handleLoggingInsert():1090) - GENRE:{451, 地球科学. 地学, 450, null, 0, 0, 2023-08-01 0:00:00, 2023-08-01 0:00:00, PATCH}
2023-09-09 10:58:29,662 [main] INFO  (DfAbsractDataWriter#handleLoggingInsert():1090) - GENRE:{452, null, 451, null, 0, 0, 2023-08-01 0:00:00, 2023-08-01 0:00:00, PATCH}
2023-09-09 10:58:29,663 [main] INFO  (DfAbsractDataWriter#handleLoggingInsert():1090) - GENRE:{453, null, 452, null, 0, 0, 2023-08-01 0:00:00, 2023-08-01 0:00:00, PATCH}
2023-09-09 10:58:29,665 [main] INFO  (DfAbsractDataWriter#handleLoggingInsert():1090) - GENRE:{454, null, 453, null, 0, 0, 2023-08-01 0:00:00, 2023-08-01 0:00:00, PATCH}
2023-09-09 10:58:29,666 [main] INFO  (DfAbsractDataWriter#handleLoggingInsert():1090) - GENRE:{455, null, 454, null, 0, 0, 2023-08-01 0:00:00, 2023-08-01 0:00:00, PATCH}
2023-09-09 10:58:29,667 [main] INFO  (DfAbsractDataWriter#handleLoggingInsert():1090) - GENRE:{456, null, 455, null, 0, 0, 2023-08-01 0:00:00, 2023-08-01 0:00:00, PATCH}
2023-09-09 10:58:29,668 [main] INFO  (DfAbsractDataWriter#handleLoggingInsert():1090) - GENRE:{457, null, 456, null, 0, 0, 2023-08-01 0:00:00, 2023-08-01 0:00:00, PATCH}
2023-09-09 10:58:29,669 [main] INFO  (DfAbsractDataWriter#handleLoggingInsert():1090) - GENRE:{458, null, 457, null, 0, 0, 2023-08-01 0:00:00, 2023-08-01 0:00:00, PATCH}
2023-09-09 10:58:29,670 [main] INFO  (DfAbsractDataWriter#handleLoggingInsert():1090) - GENRE:{459, null, 458, null, 0, 0, 2023-08-01 0:00:00, 2023-08-01 0:00:00, PATCH}
2023-09-09 10:58:29,671 [main] INFO  (DfAbsractDataWriter#handleLoggingInsert():1090) - GENRE:{460, null, 459, null, 0, 0, 2023-08-01 0:00:00, 2023-08-01 0:00:00, PATCH}
2023-09-09 10:58:29,671 [main] INFO  (DfAbsractDataWriter#handleLoggingInsert():1090) - GENRE:{461, 生物科学. 一般生物学, 460, null, 0, 0, 2023-08-01 0:00:00, 2023-08-01 0:00:00, PATCH}
2023-09-09 10:58:29,672 [main] INFO  (DfAbsractDataWriter#handleLoggingInsert():1090) - GENRE:{462, null, 461, null, 0, 0, 2023-08-01 0:00:00, 2023-08-01 0:00:00, PATCH}
2023-09-09 10:58:29,673 [main] INFO  (DfAbsractDataWriter#handleLoggingInsert():1090) - GENRE:{463, null, 462, null, 0, 0, 2023-08-01 0:00:00, 2023-08-01 0:00:00, PATCH}
2023-09-09 10:58:29,674 [main] INFO  (DfAbsractDataWriter#handleLoggingInsert():1090) - GENRE:{464, null, 463, null, 0, 0, 2023-08-01 0:00:00, 2023-08-01 0:00:00, PATCH}
2023-09-09 10:58:29,675 [main] INFO  (DfAbsractDataWriter#handleLoggingInsert():1090) - GENRE:{465, null, 464, null, 0, 0, 2023-08-01 0:00:00, 2023-08-01 0:00:00, PATCH}
2023-09-09 10:58:29,679 [main] INFO  (DfAbsractDataWriter#handleLoggingInsert():1090) - GENRE:{466, null, 465, null, 0, 0, 2023-08-01 0:00:00, 2023-08-01 0:00:00, PATCH}
2023-09-09 10:58:29,680 [main] INFO  (DfAbsractDataWriter#handleLoggingInsert():1090) - GENRE:{467, null, 466, null, 0, 0, 2023-08-01 0:00:00, 2023-08-01 0:00:00, PATCH}
2023-09-09 10:58:29,681 [main] INFO  (DfAbsractDataWriter#handleLoggingInsert():1090) - GENRE:{468, null, 467, null, 0, 0, 2023-08-01 0:00:00, 2023-08-01 0:00:00, PATCH}
2023-09-09 10:58:29,682 [main] INFO  (DfAbsractDataWriter#handleLoggingInsert():1090) - GENRE:{469, null, 468, null, 0, 0, 2023-08-01 0:00:00, 2023-08-01 0:00:00, PATCH}
2023-09-09 10:58:29,682 [main] INFO  (DfAbsractDataWriter#handleLoggingInsert():1090) - GENRE:{470, null, 469, null, 0, 0, 2023-08-01 0:00:00, 2023-08-01 0:00:00, PATCH}
2023-09-09 10:58:29,683 [main] INFO  (DfAbsractDataWriter#handleLoggingInsert():1090) - GENRE:{471, 植物学, 470, null, 0, 0, 2023-08-01 0:00:00, 2023-08-01 0:00:00, PATCH}
2023-09-09 10:58:29,684 [main] INFO  (DfAbsractDataWriter#handleLoggingInsert():1090) - GENRE:{472, null, 471, null, 0, 0, 2023-08-01 0:00:00, 2023-08-01 0:00:00, PATCH}
2023-09-09 10:58:29,684 [main] INFO  (DfAbsractDataWriter#handleLoggingInsert():1090) - GENRE:{473, null, 472, null, 0, 0, 2023-08-01 0:00:00, 2023-08-01 0:00:00, PATCH}
2023-09-09 10:58:29,685 [main] INFO  (DfAbsractDataWriter#handleLoggingInsert():1090) - GENRE:{474, null, 473, null, 0, 0, 2023-08-01 0:00:00, 2023-08-01 0:00:00, PATCH}
2023-09-09 10:58:29,688 [main] INFO  (DfAbsractDataWriter#handleLoggingInsert():1090) - GENRE:{475, null, 474, null, 0, 0, 2023-08-01 0:00:00, 2023-08-01 0:00:00, PATCH}
2023-09-09 10:58:29,689 [main] INFO  (DfAbsractDataWriter#handleLoggingInsert():1090) - GENRE:{476, null, 475, null, 0, 0, 2023-08-01 0:00:00, 2023-08-01 0:00:00, PATCH}
2023-09-09 10:58:29,691 [main] INFO  (DfAbsractDataWriter#handleLoggingInsert():1090) - GENRE:{477, null, 476, null, 0, 0, 2023-08-01 0:00:00, 2023-08-01 0:00:00, PATCH}
2023-09-09 10:58:29,691 [main] INFO  (DfAbsractDataWriter#handleLoggingInsert():1090) - GENRE:{478, null, 477, null, 0, 0, 2023-08-01 0:00:00, 2023-08-01 0:00:00, PATCH}
2023-09-09 10:58:29,692 [main] INFO  (DfAbsractDataWriter#handleLoggingInsert():1090) - GENRE:{479, null, 478, null, 0, 0, 2023-08-01 0:00:00, 2023-08-01 0:00:00, PATCH}
2023-09-09 10:58:29,693 [main] INFO  (DfAbsractDataWriter#handleLoggingInsert():1090) - GENRE:{480, null, 479, null, 0, 0, 2023-08-01 0:00:00, 2023-08-01 0:00:00, PATCH}
2023-09-09 10:58:29,694 [main] INFO  (DfAbsractDataWriter#handleLoggingInsert():1090) - GENRE:{481, 動物学, 480, null, 0, 0, 2023-08-01 0:00:00, 2023-08-01 0:00:00, PATCH}
2023-09-09 10:58:29,694 [main] INFO  (DfAbsractDataWriter#handleLoggingInsert():1090) - GENRE:{482, null, 481, null, 0, 0, 2023-08-01 0:00:00, 2023-08-01 0:00:00, PATCH}
2023-09-09 10:58:29,695 [main] INFO  (DfAbsractDataWriter#handleLoggingInsert():1090) - GENRE:{483, null, 482, null, 0, 0, 2023-08-01 0:00:00, 2023-08-01 0:00:00, PATCH}
2023-09-09 10:58:29,696 [main] INFO  (DfAbsractDataWriter#handleLoggingInsert():1090) - GENRE:{484, null, 483, null, 0, 0, 2023-08-01 0:00:00, 2023-08-01 0:00:00, PATCH}
2023-09-09 10:58:29,697 [main] INFO  (DfAbsractDataWriter#handleLoggingInsert():1090) - GENRE:{485, null, 484, null, 0, 0, 2023-08-01 0:00:00, 2023-08-01 0:00:00, PATCH}
2023-09-09 10:58:29,697 [main] INFO  (DfAbsractDataWriter#handleLoggingInsert():1090) - GENRE:{486, null, 485, null, 0, 0, 2023-08-01 0:00:00, 2023-08-01 0:00:00, PATCH}
2023-09-09 10:58:29,698 [main] INFO  (DfAbsractDataWriter#handleLoggingInsert():1090) - GENRE:{487, null, 486, null, 0, 0, 2023-08-01 0:00:00, 2023-08-01 0:00:00, PATCH}
2023-09-09 10:58:29,698 [main] INFO  (DfAbsractDataWriter#handleLoggingInsert():1090) - GENRE:{488, null, 487, null, 0, 0, 2023-08-01 0:00:00, 2023-08-01 0:00:00, PATCH}
2023-09-09 10:58:29,699 [main] INFO  (DfAbsractDataWriter#handleLoggingInsert():1090) - GENRE:{489, null, 488, null, 0, 0, 2023-08-01 0:00:00, 2023-08-01 0:00:00, PATCH}
2023-09-09 10:58:29,700 [main] INFO  (DfAbsractDataWriter#handleLoggingInsert():1090) - GENRE:{490, null, 489, null, 0, 0, 2023-08-01 0:00:00, 2023-08-01 0:00:00, PATCH}
2023-09-09 10:58:29,700 [main] INFO  (DfAbsractDataWriter#handleLoggingInsert():1090) - GENRE:{491, 医学. 薬学, 490, null, 0, 0, 2023-08-01 0:00:00, 2023-08-01 0:00:00, PATCH}
2023-09-09 10:58:29,701 [main] INFO  (DfAbsractDataWriter#handleLoggingInsert():1090) - GENRE:{492, null, 491, null, 0, 0, 2023-08-01 0:00:00, 2023-08-01 0:00:00, PATCH}
2023-09-09 10:58:29,702 [main] INFO  (DfAbsractDataWriter#handleLoggingInsert():1090) - GENRE:{493, null, 492, null, 0, 0, 2023-08-01 0:00:00, 2023-08-01 0:00:00, PATCH}
2023-09-09 10:58:29,702 [main] INFO  (DfAbsractDataWriter#handleLoggingInsert():1090) - GENRE:{494, null, 493, null, 0, 0, 2023-08-01 0:00:00, 2023-08-01 0:00:00, PATCH}
2023-09-09 10:58:29,703 [main] INFO  (DfAbsractDataWriter#handleLoggingInsert():1090) - GENRE:{495, null, 494, null, 0, 0, 2023-08-01 0:00:00, 2023-08-01 0:00:00, PATCH}
2023-09-09 10:58:29,704 [main] INFO  (DfAbsractDataWriter#handleLoggingInsert():1090) - GENRE:{496, null, 495, null, 0, 0, 2023-08-01 0:00:00, 2023-08-01 0:00:00, PATCH}
2023-09-09 10:58:29,705 [main] INFO  (DfAbsractDataWriter#handleLoggingInsert():1090) - GENRE:{497, null, 496, null, 0, 0, 2023-08-01 0:00:00, 2023-08-01 0:00:00, PATCH}
2023-09-09 10:58:29,706 [main] INFO  (DfAbsractDataWriter#handleLoggingInsert():1090) - GENRE:{498, null, 497, null, 0, 0, 2023-08-01 0:00:00, 2023-08-01 0:00:00, PATCH}
2023-09-09 10:58:29,707 [main] INFO  (DfAbsractDataWriter#handleLoggingInsert():1090) - GENRE:{499, null, 498, null, 0, 0, 2023-08-01 0:00:00, 2023-08-01 0:00:00, PATCH}
2023-09-09 10:58:29,708 [main] INFO  (DfAbsractDataWriter#handleLoggingInsert():1090) - GENRE:{500, null, 499, null, 0, 0, 2023-08-01 0:00:00, 2023-08-01 0:00:00, PATCH}
2023-09-09 10:58:29,708 [main] INFO  (DfAbsractDataWriter#handleLoggingInsert():1090) - GENRE:{501, 技術. 工学, 500, null, 0, 0, 2023-08-01 0:00:00, 2023-08-01 0:00:00, PATCH}
2023-09-09 10:58:29,709 [main] INFO  (DfAbsractDataWriter#handleLoggingInsert():1090) - GENRE:{502, null, 501, null, 0, 0, 2023-08-01 0:00:00, 2023-08-01 0:00:00, PATCH}
2023-09-09 10:58:29,709 [main] INFO  (DfAbsractDataWriter#handleLoggingInsert():1090) - GENRE:{503, null, 502, null, 0, 0, 2023-08-01 0:00:00, 2023-08-01 0:00:00, PATCH}
2023-09-09 10:58:29,710 [main] INFO  (DfAbsractDataWriter#handleLoggingInsert():1090) - GENRE:{504, null, 503, null, 0, 0, 2023-08-01 0:00:00, 2023-08-01 0:00:00, PATCH}
2023-09-09 10:58:29,710 [main] INFO  (DfAbsractDataWriter#handleLoggingInsert():1090) - GENRE:{505, null, 504, null, 0, 0, 2023-08-01 0:00:00, 2023-08-01 0:00:00, PATCH}
2023-09-09 10:58:29,710 [main] INFO  (DfAbsractDataWriter#handleLoggingInsert():1090) - GENRE:{506, null, 505, null, 0, 0, 2023-08-01 0:00:00, 2023-08-01 0:00:00, PATCH}
2023-09-09 10:58:29,710 [main] INFO  (DfAbsractDataWriter#handleLoggingInsert():1090) - GENRE:{507, null, 506, null, 0, 0, 2023-08-01 0:00:00, 2023-08-01 0:00:00, PATCH}
2023-09-09 10:58:29,711 [main] INFO  (DfAbsractDataWriter#handleLoggingInsert():1090) - GENRE:{508, null, 507, null, 0, 0, 2023-08-01 0:00:00, 2023-08-01 0:00:00, PATCH}
2023-09-09 10:58:29,711 [main] INFO  (DfAbsractDataWriter#handleLoggingInsert():1090) - GENRE:{509, null, 508, null, 0, 0, 2023-08-01 0:00:00, 2023-08-01 0:00:00, PATCH}
2023-09-09 10:58:29,711 [main] INFO  (DfAbsractDataWriter#handleLoggingInsert():1090) - GENRE:{510, null, 509, null, 0, 0, 2023-08-01 0:00:00, 2023-08-01 0:00:00, PATCH}
2023-09-09 10:58:29,712 [main] INFO  (DfAbsractDataWriter#handleLoggingInsert():1090) - GENRE:{511, 建設工学. 土木工事, 510, null, 0, 0, 2023-08-01 0:00:00, 2023-08-01 0:00:00, PATCH}
2023-09-09 10:58:29,713 [main] INFO  (DfAbsractDataWriter#handleLoggingInsert():1090) - GENRE:{512, null, 511, null, 0, 0, 2023-08-01 0:00:00, 2023-08-01 0:00:00, PATCH}
2023-09-09 10:58:29,714 [main] INFO  (DfAbsractDataWriter#handleLoggingInsert():1090) - GENRE:{513, null, 512, null, 0, 0, 2023-08-01 0:00:00, 2023-08-01 0:00:00, PATCH}
2023-09-09 10:58:29,715 [main] INFO  (DfAbsractDataWriter#handleLoggingInsert():1090) - GENRE:{514, null, 513, null, 0, 0, 2023-08-01 0:00:00, 2023-08-01 0:00:00, PATCH}
2023-09-09 10:58:29,716 [main] INFO  (DfAbsractDataWriter#handleLoggingInsert():1090) - GENRE:{515, null, 514, null, 0, 0, 2023-08-01 0:00:00, 2023-08-01 0:00:00, PATCH}
2023-09-09 10:58:29,717 [main] INFO  (DfAbsractDataWriter#handleLoggingInsert():1090) - GENRE:{516, null, 515, null, 0, 0, 2023-08-01 0:00:00, 2023-08-01 0:00:00, PATCH}
2023-09-09 10:58:29,717 [main] INFO  (DfAbsractDataWriter#handleLoggingInsert():1090) - GENRE:{517, null, 516, null, 0, 0, 2023-08-01 0:00:00, 2023-08-01 0:00:00, PATCH}
2023-09-09 10:58:29,718 [main] INFO  (DfAbsractDataWriter#handleLoggingInsert():1090) - GENRE:{518, null, 517, null, 0, 0, 2023-08-01 0:00:00, 2023-08-01 0:00:00, PATCH}
2023-09-09 10:58:29,719 [main] INFO  (DfAbsractDataWriter#handleLoggingInsert():1090) - GENRE:{519, null, 518, null, 0, 0, 2023-08-01 0:00:00, 2023-08-01 0:00:00, PATCH}
2023-09-09 10:58:29,719 [main] INFO  (DfAbsractDataWriter#handleLoggingInsert():1090) - GENRE:{520, null, 519, null, 0, 0, 2023-08-01 0:00:00, 2023-08-01 0:00:00, PATCH}
2023-09-09 10:58:29,720 [main] INFO  (DfAbsractDataWriter#handleLoggingInsert():1090) - GENRE:{521, 建築学, 520, null, 0, 0, 2023-08-01 0:00:00, 2023-08-01 0:00:00, PATCH}
2023-09-09 10:58:29,720 [main] INFO  (DfAbsractDataWriter#handleLoggingInsert():1090) - GENRE:{522, null, 521, null, 0, 0, 2023-08-01 0:00:00, 2023-08-01 0:00:00, PATCH}
2023-09-09 10:58:29,722 [main] INFO  (DfAbsractDataWriter#handleLoggingInsert():1090) - GENRE:{523, null, 522, null, 0, 0, 2023-08-01 0:00:00, 2023-08-01 0:00:00, PATCH}
2023-09-09 10:58:29,723 [main] INFO  (DfAbsractDataWriter#handleLoggingInsert():1090) - GENRE:{524, null, 523, null, 0, 0, 2023-08-01 0:00:00, 2023-08-01 0:00:00, PATCH}
2023-09-09 10:58:29,724 [main] INFO  (DfAbsractDataWriter#handleLoggingInsert():1090) - GENRE:{525, null, 524, null, 0, 0, 2023-08-01 0:00:00, 2023-08-01 0:00:00, PATCH}
2023-09-09 10:58:29,725 [main] INFO  (DfAbsractDataWriter#handleLoggingInsert():1090) - GENRE:{526, null, 525, null, 0, 0, 2023-08-01 0:00:00, 2023-08-01 0:00:00, PATCH}
2023-09-09 10:58:29,725 [main] INFO  (DfAbsractDataWriter#handleLoggingInsert():1090) - GENRE:{527, null, 526, null, 0, 0, 2023-08-01 0:00:00, 2023-08-01 0:00:00, PATCH}
2023-09-09 10:58:29,726 [main] INFO  (DfAbsractDataWriter#handleLoggingInsert():1090) - GENRE:{528, null, 527, null, 0, 0, 2023-08-01 0:00:00, 2023-08-01 0:00:00, PATCH}
2023-09-09 10:58:29,727 [main] INFO  (DfAbsractDataWriter#handleLoggingInsert():1090) - GENRE:{529, null, 528, null, 0, 0, 2023-08-01 0:00:00, 2023-08-01 0:00:00, PATCH}
2023-09-09 10:58:29,727 [main] INFO  (DfAbsractDataWriter#handleLoggingInsert():1090) - GENRE:{530, null, 529, null, 0, 0, 2023-08-01 0:00:00, 2023-08-01 0:00:00, PATCH}
2023-09-09 10:58:29,728 [main] INFO  (DfAbsractDataWriter#handleLoggingInsert():1090) - GENRE:{531, 機械工学. 原子力工学, 530, null, 0, 0, 2023-08-01 0:00:00, 2023-08-01 0:00:00, PATCH}
2023-09-09 10:58:29,728 [main] INFO  (DfAbsractDataWriter#handleLoggingInsert():1090) - GENRE:{532, null, 531, null, 0, 0, 2023-08-01 0:00:00, 2023-08-01 0:00:00, PATCH}
2023-09-09 10:58:29,729 [main] INFO  (DfAbsractDataWriter#handleLoggingInsert():1090) - GENRE:{533, null, 532, null, 0, 0, 2023-08-01 0:00:00, 2023-08-01 0:00:00, PATCH}
2023-09-09 10:58:29,730 [main] INFO  (DfAbsractDataWriter#handleLoggingInsert():1090) - GENRE:{534, null, 533, null, 0, 0, 2023-08-01 0:00:00, 2023-08-01 0:00:00, PATCH}
2023-09-09 10:58:29,730 [main] INFO  (DfAbsractDataWriter#handleLoggingInsert():1090) - GENRE:{535, null, 534, null, 0, 0, 2023-08-01 0:00:00, 2023-08-01 0:00:00, PATCH}
2023-09-09 10:58:29,731 [main] INFO  (DfAbsractDataWriter#handleLoggingInsert():1090) - GENRE:{536, null, 535, null, 0, 0, 2023-08-01 0:00:00, 2023-08-01 0:00:00, PATCH}
2023-09-09 10:58:29,737 [main] INFO  (DfAbsractDataWriter#handleLoggingInsert():1090) - GENRE:{537, null, 536, null, 0, 0, 2023-08-01 0:00:00, 2023-08-01 0:00:00, PATCH}
2023-09-09 10:58:29,738 [main] INFO  (DfAbsractDataWriter#handleLoggingInsert():1090) - GENRE:{538, null, 537, null, 0, 0, 2023-08-01 0:00:00, 2023-08-01 0:00:00, PATCH}
2023-09-09 10:58:29,739 [main] INFO  (DfAbsractDataWriter#handleLoggingInsert():1090) - GENRE:{539, null, 538, null, 0, 0, 2023-08-01 0:00:00, 2023-08-01 0:00:00, PATCH}
2023-09-09 10:58:29,739 [main] INFO  (DfAbsractDataWriter#handleLoggingInsert():1090) - GENRE:{540, null, 539, null, 0, 0, 2023-08-01 0:00:00, 2023-08-01 0:00:00, PATCH}
2023-09-09 10:58:29,740 [main] INFO  (DfAbsractDataWriter#handleLoggingInsert():1090) - GENRE:{541, 電気工学. 電子工学, 540, null, 0, 0, 2023-08-01 0:00:00, 2023-08-01 0:00:00, PATCH}
2023-09-09 10:58:29,742 [main] INFO  (DfAbsractDataWriter#handleLoggingInsert():1090) - GENRE:{542, null, 541, null, 0, 0, 2023-08-01 0:00:00, 2023-08-01 0:00:00, PATCH}
2023-09-09 10:58:29,742 [main] INFO  (DfAbsractDataWriter#handleLoggingInsert():1090) - GENRE:{543, null, 542, null, 0, 0, 2023-08-01 0:00:00, 2023-08-01 0:00:00, PATCH}
2023-09-09 10:58:29,743 [main] INFO  (DfAbsractDataWriter#handleLoggingInsert():1090) - GENRE:{544, null, 543, null, 0, 0, 2023-08-01 0:00:00, 2023-08-01 0:00:00, PATCH}
2023-09-09 10:58:29,743 [main] INFO  (DfAbsractDataWriter#handleLoggingInsert():1090) - GENRE:{545, null, 544, null, 0, 0, 2023-08-01 0:00:00, 2023-08-01 0:00:00, PATCH}
2023-09-09 10:58:29,743 [main] INFO  (DfAbsractDataWriter#handleLoggingInsert():1090) - GENRE:{546, null, 545, null, 0, 0, 2023-08-01 0:00:00, 2023-08-01 0:00:00, PATCH}
2023-09-09 10:58:29,744 [main] INFO  (DfAbsractDataWriter#handleLoggingInsert():1090) - GENRE:{547, null, 546, null, 0, 0, 2023-08-01 0:00:00, 2023-08-01 0:00:00, PATCH}
2023-09-09 10:58:29,744 [main] INFO  (DfAbsractDataWriter#handleLoggingInsert():1090) - GENRE:{548, null, 547, null, 0, 0, 2023-08-01 0:00:00, 2023-08-01 0:00:00, PATCH}
2023-09-09 10:58:29,744 [main] INFO  (DfAbsractDataWriter#handleLoggingInsert():1090) - GENRE:{549, null, 548, null, 0, 0, 2023-08-01 0:00:00, 2023-08-01 0:00:00, PATCH}
2023-09-09 10:58:29,745 [main] INFO  (DfAbsractDataWriter#handleLoggingInsert():1090) - GENRE:{550, null, 549, null, 0, 0, 2023-08-01 0:00:00, 2023-08-01 0:00:00, PATCH}
2023-09-09 10:58:29,746 [main] INFO  (DfAbsractDataWriter#handleLoggingInsert():1090) - GENRE:{551, 海洋工学. 船舶工学. 兵器, 550, null, 0, 0, 2023-08-01 0:00:00, 2023-08-01 0:00:00, PATCH}
2023-09-09 10:58:29,746 [main] INFO  (DfAbsractDataWriter#handleLoggingInsert():1090) - GENRE:{552, null, 551, null, 0, 0, 2023-08-01 0:00:00, 2023-08-01 0:00:00, PATCH}
2023-09-09 10:58:29,747 [main] INFO  (DfAbsractDataWriter#handleLoggingInsert():1090) - GENRE:{553, null, 552, null, 0, 0, 2023-08-01 0:00:00, 2023-08-01 0:00:00, PATCH}
2023-09-09 10:58:29,747 [main] INFO  (DfAbsractDataWriter#handleLoggingInsert():1090) - GENRE:{554, null, 553, null, 0, 0, 2023-08-01 0:00:00, 2023-08-01 0:00:00, PATCH}
2023-09-09 10:58:29,748 [main] INFO  (DfAbsractDataWriter#handleLoggingInsert():1090) - GENRE:{555, null, 554, null, 0, 0, 2023-08-01 0:00:00, 2023-08-01 0:00:00, PATCH}
2023-09-09 10:58:29,749 [main] INFO  (DfAbsractDataWriter#handleLoggingInsert():1090) - GENRE:{556, null, 555, null, 0, 0, 2023-08-01 0:00:00, 2023-08-01 0:00:00, PATCH}
2023-09-09 10:58:29,749 [main] INFO  (DfAbsractDataWriter#handleLoggingInsert():1090) - GENRE:{557, null, 556, null, 0, 0, 2023-08-01 0:00:00, 2023-08-01 0:00:00, PATCH}
2023-09-09 10:58:29,752 [main] INFO  (DfAbsractDataWriter#handleLoggingInsert():1090) - GENRE:{558, null, 557, null, 0, 0, 2023-08-01 0:00:00, 2023-08-01 0:00:00, PATCH}
2023-09-09 10:58:29,754 [main] INFO  (DfAbsractDataWriter#handleLoggingInsert():1090) - GENRE:{559, null, 558, null, 0, 0, 2023-08-01 0:00:00, 2023-08-01 0:00:00, PATCH}
2023-09-09 10:58:29,756 [main] INFO  (DfAbsractDataWriter#handleLoggingInsert():1090) - GENRE:{560, null, 559, null, 0, 0, 2023-08-01 0:00:00, 2023-08-01 0:00:00, PATCH}
2023-09-09 10:58:29,757 [main] INFO  (DfAbsractDataWriter#handleLoggingInsert():1090) - GENRE:{561, 金属工学. 鉱山工学, 560, null, 0, 0, 2023-08-01 0:00:00, 2023-08-01 0:00:00, PATCH}
2023-09-09 10:58:29,758 [main] INFO  (DfAbsractDataWriter#handleLoggingInsert():1090) - GENRE:{562, null, 561, null, 0, 0, 2023-08-01 0:00:00, 2023-08-01 0:00:00, PATCH}
2023-09-09 10:58:29,758 [main] INFO  (DfAbsractDataWriter#handleLoggingInsert():1090) - GENRE:{563, null, 562, null, 0, 0, 2023-08-01 0:00:00, 2023-08-01 0:00:00, PATCH}
2023-09-09 10:58:29,759 [main] INFO  (DfAbsractDataWriter#handleLoggingInsert():1090) - GENRE:{564, null, 563, null, 0, 0, 2023-08-01 0:00:00, 2023-08-01 0:00:00, PATCH}
2023-09-09 10:58:29,760 [main] INFO  (DfAbsractDataWriter#handleLoggingInsert():1090) - GENRE:{565, null, 564, null, 0, 0, 2023-08-01 0:00:00, 2023-08-01 0:00:00, PATCH}
2023-09-09 10:58:29,761 [main] INFO  (DfAbsractDataWriter#handleLoggingInsert():1090) - GENRE:{566, null, 565, null, 0, 0, 2023-08-01 0:00:00, 2023-08-01 0:00:00, PATCH}
2023-09-09 10:58:29,761 [main] INFO  (DfAbsractDataWriter#handleLoggingInsert():1090) - GENRE:{567, null, 566, null, 0, 0, 2023-08-01 0:00:00, 2023-08-01 0:00:00, PATCH}
2023-09-09 10:58:29,762 [main] INFO  (DfAbsractDataWriter#handleLoggingInsert():1090) - GENRE:{568, null, 567, null, 0, 0, 2023-08-01 0:00:00, 2023-08-01 0:00:00, PATCH}
2023-09-09 10:58:29,762 [main] INFO  (DfAbsractDataWriter#handleLoggingInsert():1090) - GENRE:{569, null, 568, null, 0, 0, 2023-08-01 0:00:00, 2023-08-01 0:00:00, PATCH}
2023-09-09 10:58:29,763 [main] INFO  (DfAbsractDataWriter#handleLoggingInsert():1090) - GENRE:{570, null, 569, null, 0, 0, 2023-08-01 0:00:00, 2023-08-01 0:00:00, PATCH}
2023-09-09 10:58:29,763 [main] INFO  (DfAbsractDataWriter#handleLoggingInsert():1090) - GENRE:{571, 化学工業, 570, null, 0, 0, 2023-08-01 0:00:00, 2023-08-01 0:00:00, PATCH}
2023-09-09 10:58:29,764 [main] INFO  (DfAbsractDataWriter#handleLoggingInsert():1090) - GENRE:{572, null, 571, null, 0, 0, 2023-08-01 0:00:00, 2023-08-01 0:00:00, PATCH}
2023-09-09 10:58:29,765 [main] INFO  (DfAbsractDataWriter#handleLoggingInsert():1090) - GENRE:{573, null, 572, null, 0, 0, 2023-08-01 0:00:00, 2023-08-01 0:00:00, PATCH}
2023-09-09 10:58:29,765 [main] INFO  (DfAbsractDataWriter#handleLoggingInsert():1090) - GENRE:{574, null, 573, null, 0, 0, 2023-08-01 0:00:00, 2023-08-01 0:00:00, PATCH}
2023-09-09 10:58:29,766 [main] INFO  (DfAbsractDataWriter#handleLoggingInsert():1090) - GENRE:{575, null, 574, null, 0, 0, 2023-08-01 0:00:00, 2023-08-01 0:00:00, PATCH}
2023-09-09 10:58:29,766 [main] INFO  (DfAbsractDataWriter#handleLoggingInsert():1090) - GENRE:{576, null, 575, null, 0, 0, 2023-08-01 0:00:00, 2023-08-01 0:00:00, PATCH}
2023-09-09 10:58:29,767 [main] INFO  (DfAbsractDataWriter#handleLoggingInsert():1090) - GENRE:{577, null, 576, null, 0, 0, 2023-08-01 0:00:00, 2023-08-01 0:00:00, PATCH}
2023-09-09 10:58:29,767 [main] INFO  (DfAbsractDataWriter#handleLoggingInsert():1090) - GENRE:{578, null, 577, null, 0, 0, 2023-08-01 0:00:00, 2023-08-01 0:00:00, PATCH}
2023-09-09 10:58:29,768 [main] INFO  (DfAbsractDataWriter#handleLoggingInsert():1090) - GENRE:{579, null, 578, null, 0, 0, 2023-08-01 0:00:00, 2023-08-01 0:00:00, PATCH}
2023-09-09 10:58:29,769 [main] INFO  (DfAbsractDataWriter#handleLoggingInsert():1090) - GENRE:{580, null, 579, null, 0, 0, 2023-08-01 0:00:00, 2023-08-01 0:00:00, PATCH}
2023-09-09 10:58:29,770 [main] INFO  (DfAbsractDataWriter#handleLoggingInsert():1090) - GENRE:{581, 製造工業, 580, null, 0, 0, 2023-08-01 0:00:00, 2023-08-01 0:00:00, PATCH}
2023-09-09 10:58:29,771 [main] INFO  (DfAbsractDataWriter#handleLoggingInsert():1090) - GENRE:{582, null, 581, null, 0, 0, 2023-08-01 0:00:00, 2023-08-01 0:00:00, PATCH}
2023-09-09 10:58:29,771 [main] INFO  (DfAbsractDataWriter#handleLoggingInsert():1090) - GENRE:{583, null, 582, null, 0, 0, 2023-08-01 0:00:00, 2023-08-01 0:00:00, PATCH}
2023-09-09 10:58:29,772 [main] INFO  (DfAbsractDataWriter#handleLoggingInsert():1090) - GENRE:{584, null, 583, null, 0, 0, 2023-08-01 0:00:00, 2023-08-01 0:00:00, PATCH}
2023-09-09 10:58:29,773 [main] INFO  (DfAbsractDataWriter#handleLoggingInsert():1090) - GENRE:{585, null, 584, null, 0, 0, 2023-08-01 0:00:00, 2023-08-01 0:00:00, PATCH}
2023-09-09 10:58:29,774 [main] INFO  (DfAbsractDataWriter#handleLoggingInsert():1090) - GENRE:{586, null, 585, null, 0, 0, 2023-08-01 0:00:00, 2023-08-01 0:00:00, PATCH}
2023-09-09 10:58:29,774 [main] INFO  (DfAbsractDataWriter#handleLoggingInsert():1090) - GENRE:{587, null, 586, null, 0, 0, 2023-08-01 0:00:00, 2023-08-01 0:00:00, PATCH}
2023-09-09 10:58:29,775 [main] INFO  (DfAbsractDataWriter#handleLoggingInsert():1090) - GENRE:{588, null, 587, null, 0, 0, 2023-08-01 0:00:00, 2023-08-01 0:00:00, PATCH}
2023-09-09 10:58:29,775 [main] INFO  (DfAbsractDataWriter#handleLoggingInsert():1090) - GENRE:{589, null, 588, null, 0, 0, 2023-08-01 0:00:00, 2023-08-01 0:00:00, PATCH}
2023-09-09 10:58:29,776 [main] INFO  (DfAbsractDataWriter#handleLoggingInsert():1090) - GENRE:{590, null, 589, null, 0, 0, 2023-08-01 0:00:00, 2023-08-01 0:00:00, PATCH}
2023-09-09 10:58:29,778 [main] INFO  (DfAbsractDataWriter#handleLoggingInsert():1090) - GENRE:{591, 家政学. 生活科学, 590, null, 0, 0, 2023-08-01 0:00:00, 2023-08-01 0:00:00, PATCH}
2023-09-09 10:58:29,779 [main] INFO  (DfAbsractDataWriter#handleLoggingInsert():1090) - GENRE:{592, null, 591, null, 0, 0, 2023-08-01 0:00:00, 2023-08-01 0:00:00, PATCH}
2023-09-09 10:58:29,779 [main] INFO  (DfAbsractDataWriter#handleLoggingInsert():1090) - GENRE:{593, null, 592, null, 0, 0, 2023-08-01 0:00:00, 2023-08-01 0:00:00, PATCH}
2023-09-09 10:58:29,780 [main] INFO  (DfAbsractDataWriter#handleLoggingInsert():1090) - GENRE:{594, null, 593, null, 0, 0, 2023-08-01 0:00:00, 2023-08-01 0:00:00, PATCH}
2023-09-09 10:58:29,780 [main] INFO  (DfAbsractDataWriter#handleLoggingInsert():1090) - GENRE:{595, null, 594, null, 0, 0, 2023-08-01 0:00:00, 2023-08-01 0:00:00, PATCH}
2023-09-09 10:58:29,781 [main] INFO  (DfAbsractDataWriter#handleLoggingInsert():1090) - GENRE:{596, null, 595, null, 0, 0, 2023-08-01 0:00:00, 2023-08-01 0:00:00, PATCH}
2023-09-09 10:58:29,782 [main] INFO  (DfAbsractDataWriter#handleLoggingInsert():1090) - GENRE:{597, null, 596, null, 0, 0, 2023-08-01 0:00:00, 2023-08-01 0:00:00, PATCH}
2023-09-09 10:58:29,782 [main] INFO  (DfAbsractDataWriter#handleLoggingInsert():1090) - GENRE:{598, null, 597, null, 0, 0, 2023-08-01 0:00:00, 2023-08-01 0:00:00, PATCH}
2023-09-09 10:58:29,783 [main] INFO  (DfAbsractDataWriter#handleLoggingInsert():1090) - GENRE:{599, null, 598, null, 0, 0, 2023-08-01 0:00:00, 2023-08-01 0:00:00, PATCH}
2023-09-09 10:58:29,783 [main] INFO  (DfAbsractDataWriter#handleLoggingInsert():1090) - GENRE:{600, null, 599, null, 0, 0, 2023-08-01 0:00:00, 2023-08-01 0:00:00, PATCH}
2023-09-09 10:58:29,784 [main] INFO  (DfAbsractDataWriter#handleLoggingInsert():1090) - GENRE:{601, 産業, 600, null, 0, 0, 2023-08-01 0:00:00, 2023-08-01 0:00:00, PATCH}
2023-09-09 10:58:29,784 [main] INFO  (DfAbsractDataWriter#handleLoggingInsert():1090) - GENRE:{602, null, 601, null, 0, 0, 2023-08-01 0:00:00, 2023-08-01 0:00:00, PATCH}
2023-09-09 10:58:29,785 [main] INFO  (DfAbsractDataWriter#handleLoggingInsert():1090) - GENRE:{603, null, 602, null, 0, 0, 2023-08-01 0:00:00, 2023-08-01 0:00:00, PATCH}
2023-09-09 10:58:29,785 [main] INFO  (DfAbsractDataWriter#handleLoggingInsert():1090) - GENRE:{604, null, 603, null, 0, 0, 2023-08-01 0:00:00, 2023-08-01 0:00:00, PATCH}
2023-09-09 10:58:29,786 [main] INFO  (DfAbsractDataWriter#handleLoggingInsert():1090) - GENRE:{605, null, 604, null, 0, 0, 2023-08-01 0:00:00, 2023-08-01 0:00:00, PATCH}
2023-09-09 10:58:29,786 [main] INFO  (DfAbsractDataWriter#handleLoggingInsert():1090) - GENRE:{606, null, 605, null, 0, 0, 2023-08-01 0:00:00, 2023-08-01 0:00:00, PATCH}
2023-09-09 10:58:29,787 [main] INFO  (DfAbsractDataWriter#handleLoggingInsert():1090) - GENRE:{607, null, 606, null, 0, 0, 2023-08-01 0:00:00, 2023-08-01 0:00:00, PATCH}
2023-09-09 10:58:29,791 [main] INFO  (DfAbsractDataWriter#handleLoggingInsert():1090) - GENRE:{608, null, 607, null, 0, 0, 2023-08-01 0:00:00, 2023-08-01 0:00:00, PATCH}
2023-09-09 10:58:29,792 [main] INFO  (DfAbsractDataWriter#handleLoggingInsert():1090) - GENRE:{609, null, 608, null, 0, 0, 2023-08-01 0:00:00, 2023-08-01 0:00:00, PATCH}
2023-09-09 10:58:29,792 [main] INFO  (DfAbsractDataWriter#handleLoggingInsert():1090) - GENRE:{610, null, 609, null, 0, 0, 2023-08-01 0:00:00, 2023-08-01 0:00:00, PATCH}
2023-09-09 10:58:29,793 [main] INFO  (DfAbsractDataWriter#handleLoggingInsert():1090) - GENRE:{611, 農業, 610, null, 0, 0, 2023-08-01 0:00:00, 2023-08-01 0:00:00, PATCH}
2023-09-09 10:58:29,793 [main] INFO  (DfAbsractDataWriter#handleLoggingInsert():1090) - GENRE:{612, null, 611, null, 0, 0, 2023-08-01 0:00:00, 2023-08-01 0:00:00, PATCH}
2023-09-09 10:58:29,794 [main] INFO  (DfAbsractDataWriter#handleLoggingInsert():1090) - GENRE:{613, null, 612, null, 0, 0, 2023-08-01 0:00:00, 2023-08-01 0:00:00, PATCH}
2023-09-09 10:58:29,794 [main] INFO  (DfAbsractDataWriter#handleLoggingInsert():1090) - GENRE:{614, null, 613, null, 0, 0, 2023-08-01 0:00:00, 2023-08-01 0:00:00, PATCH}
2023-09-09 10:58:29,795 [main] INFO  (DfAbsractDataWriter#handleLoggingInsert():1090) - GENRE:{615, null, 614, null, 0, 0, 2023-08-01 0:00:00, 2023-08-01 0:00:00, PATCH}
2023-09-09 10:58:29,796 [main] INFO  (DfAbsractDataWriter#handleLoggingInsert():1090) - GENRE:{616, null, 615, null, 0, 0, 2023-08-01 0:00:00, 2023-08-01 0:00:00, PATCH}
2023-09-09 10:58:29,797 [main] INFO  (DfAbsractDataWriter#handleLoggingInsert():1090) - GENRE:{617, null, 616, null, 0, 0, 2023-08-01 0:00:00, 2023-08-01 0:00:00, PATCH}
2023-09-09 10:58:29,797 [main] INFO  (DfAbsractDataWriter#handleLoggingInsert():1090) - GENRE:{618, null, 617, null, 0, 0, 2023-08-01 0:00:00, 2023-08-01 0:00:00, PATCH}
2023-09-09 10:58:29,798 [main] INFO  (DfAbsractDataWriter#handleLoggingInsert():1090) - GENRE:{619, null, 618, null, 0, 0, 2023-08-01 0:00:00, 2023-08-01 0:00:00, PATCH}
2023-09-09 10:58:29,798 [main] INFO  (DfAbsractDataWriter#handleLoggingInsert():1090) - GENRE:{620, null, 619, null, 0, 0, 2023-08-01 0:00:00, 2023-08-01 0:00:00, PATCH}
2023-09-09 10:58:29,799 [main] INFO  (DfAbsractDataWriter#handleLoggingInsert():1090) - GENRE:{621, 園芸, 620, null, 0, 0, 2023-08-01 0:00:00, 2023-08-01 0:00:00, PATCH}
2023-09-09 10:58:29,799 [main] INFO  (DfAbsractDataWriter#handleLoggingInsert():1090) - GENRE:{622, null, 621, null, 0, 0, 2023-08-01 0:00:00, 2023-08-01 0:00:00, PATCH}
2023-09-09 10:58:29,800 [main] INFO  (DfAbsractDataWriter#handleLoggingInsert():1090) - GENRE:{623, null, 622, null, 0, 0, 2023-08-01 0:00:00, 2023-08-01 0:00:00, PATCH}
2023-09-09 10:58:29,800 [main] INFO  (DfAbsractDataWriter#handleLoggingInsert():1090) - GENRE:{624, null, 623, null, 0, 0, 2023-08-01 0:00:00, 2023-08-01 0:00:00, PATCH}
2023-09-09 10:58:29,801 [main] INFO  (DfAbsractDataWriter#handleLoggingInsert():1090) - GENRE:{625, null, 624, null, 0, 0, 2023-08-01 0:00:00, 2023-08-01 0:00:00, PATCH}
2023-09-09 10:58:29,801 [main] INFO  (DfAbsractDataWriter#handleLoggingInsert():1090) - GENRE:{626, null, 625, null, 0, 0, 2023-08-01 0:00:00, 2023-08-01 0:00:00, PATCH}
2023-09-09 10:58:29,802 [main] INFO  (DfAbsractDataWriter#handleLoggingInsert():1090) - GENRE:{627, null, 626, null, 0, 0, 2023-08-01 0:00:00, 2023-08-01 0:00:00, PATCH}
2023-09-09 10:58:29,803 [main] INFO  (DfAbsractDataWriter#handleLoggingInsert():1090) - GENRE:{628, null, 627, null, 0, 0, 2023-08-01 0:00:00, 2023-08-01 0:00:00, PATCH}
2023-09-09 10:58:29,805 [main] INFO  (DfAbsractDataWriter#handleLoggingInsert():1090) - GENRE:{629, null, 628, null, 0, 0, 2023-08-01 0:00:00, 2023-08-01 0:00:00, PATCH}
2023-09-09 10:58:29,807 [main] INFO  (DfAbsractDataWriter#handleLoggingInsert():1090) - GENRE:{630, null, 629, null, 0, 0, 2023-08-01 0:00:00, 2023-08-01 0:00:00, PATCH}
2023-09-09 10:58:29,807 [main] INFO  (DfAbsractDataWriter#handleLoggingInsert():1090) - GENRE:{631, 蚕糸業, 630, null, 0, 0, 2023-08-01 0:00:00, 2023-08-01 0:00:00, PATCH}
2023-09-09 10:58:29,808 [main] INFO  (DfAbsractDataWriter#handleLoggingInsert():1090) - GENRE:{632, null, 631, null, 0, 0, 2023-08-01 0:00:00, 2023-08-01 0:00:00, PATCH}
2023-09-09 10:58:29,808 [main] INFO  (DfAbsractDataWriter#handleLoggingInsert():1090) - GENRE:{633, null, 632, null, 0, 0, 2023-08-01 0:00:00, 2023-08-01 0:00:00, PATCH}
2023-09-09 10:58:29,809 [main] INFO  (DfAbsractDataWriter#handleLoggingInsert():1090) - GENRE:{634, null, 633, null, 0, 0, 2023-08-01 0:00:00, 2023-08-01 0:00:00, PATCH}
2023-09-09 10:58:29,809 [main] INFO  (DfAbsractDataWriter#handleLoggingInsert():1090) - GENRE:{635, null, 634, null, 0, 0, 2023-08-01 0:00:00, 2023-08-01 0:00:00, PATCH}
2023-09-09 10:58:29,810 [main] INFO  (DfAbsractDataWriter#handleLoggingInsert():1090) - GENRE:{636, null, 635, null, 0, 0, 2023-08-01 0:00:00, 2023-08-01 0:00:00, PATCH}
2023-09-09 10:58:29,810 [main] INFO  (DfAbsractDataWriter#handleLoggingInsert():1090) - GENRE:{637, null, 636, null, 0, 0, 2023-08-01 0:00:00, 2023-08-01 0:00:00, PATCH}
2023-09-09 10:58:29,810 [main] INFO  (DfAbsractDataWriter#handleLoggingInsert():1090) - GENRE:{638, null, 637, null, 0, 0, 2023-08-01 0:00:00, 2023-08-01 0:00:00, PATCH}
2023-09-09 10:58:29,812 [main] INFO  (DfAbsractDataWriter#handleLoggingInsert():1090) - GENRE:{639, null, 638, null, 0, 0, 2023-08-01 0:00:00, 2023-08-01 0:00:00, PATCH}
2023-09-09 10:58:29,813 [main] INFO  (DfAbsractDataWriter#handleLoggingInsert():1090) - GENRE:{640, null, 639, null, 0, 0, 2023-08-01 0:00:00, 2023-08-01 0:00:00, PATCH}
2023-09-09 10:58:29,813 [main] INFO  (DfAbsractDataWriter#handleLoggingInsert():1090) - GENRE:{641, 畜産業. 獣医学, 640, null, 0, 0, 2023-08-01 0:00:00, 2023-08-01 0:00:00, PATCH}
2023-09-09 10:58:29,814 [main] INFO  (DfAbsractDataWriter#handleLoggingInsert():1090) - GENRE:{642, null, 641, null, 0, 0, 2023-08-01 0:00:00, 2023-08-01 0:00:00, PATCH}
2023-09-09 10:58:29,814 [main] INFO  (DfAbsractDataWriter#handleLoggingInsert():1090) - GENRE:{643, null, 642, null, 0, 0, 2023-08-01 0:00:00, 2023-08-01 0:00:00, PATCH}
2023-09-09 10:58:29,814 [main] INFO  (DfAbsractDataWriter#handleLoggingInsert():1090) - GENRE:{644, null, 643, null, 0, 0, 2023-08-01 0:00:00, 2023-08-01 0:00:00, PATCH}
2023-09-09 10:58:29,815 [main] INFO  (DfAbsractDataWriter#handleLoggingInsert():1090) - GENRE:{645, null, 644, null, 0, 0, 2023-08-01 0:00:00, 2023-08-01 0:00:00, PATCH}
2023-09-09 10:58:29,815 [main] INFO  (DfAbsractDataWriter#handleLoggingInsert():1090) - GENRE:{646, null, 645, null, 0, 0, 2023-08-01 0:00:00, 2023-08-01 0:00:00, PATCH}
2023-09-09 10:58:29,817 [main] INFO  (DfAbsractDataWriter#handleLoggingInsert():1090) - GENRE:{647, null, 646, null, 0, 0, 2023-08-01 0:00:00, 2023-08-01 0:00:00, PATCH}
2023-09-09 10:58:29,817 [main] INFO  (DfAbsractDataWriter#handleLoggingInsert():1090) - GENRE:{648, null, 647, null, 0, 0, 2023-08-01 0:00:00, 2023-08-01 0:00:00, PATCH}
2023-09-09 10:58:29,818 [main] INFO  (DfAbsractDataWriter#handleLoggingInsert():1090) - GENRE:{649, null, 648, null, 0, 0, 2023-08-01 0:00:00, 2023-08-01 0:00:00, PATCH}
2023-09-09 10:58:29,819 [main] INFO  (DfAbsractDataWriter#handleLoggingInsert():1090) - GENRE:{650, null, 649, null, 0, 0, 2023-08-01 0:00:00, 2023-08-01 0:00:00, PATCH}
2023-09-09 10:58:29,820 [main] INFO  (DfAbsractDataWriter#handleLoggingInsert():1090) - GENRE:{651, null, 650, null, 0, 0, 2023-08-01 0:00:00, 2023-08-01 0:00:00, PATCH}
2023-09-09 10:58:29,821 [main] INFO  (DfAbsractDataWriter#handleLoggingInsert():1090) - GENRE:{652, 林業, 651, null, 0, 0, 2023-08-01 0:00:00, 2023-08-01 0:00:00, PATCH}
2023-09-09 10:58:29,821 [main] INFO  (DfAbsractDataWriter#handleLoggingInsert():1090) - GENRE:{653, null, 652, null, 0, 0, 2023-08-01 0:00:00, 2023-08-01 0:00:00, PATCH}
2023-09-09 10:58:29,822 [main] INFO  (DfAbsractDataWriter#handleLoggingInsert():1090) - GENRE:{654, null, 653, null, 0, 0, 2023-08-01 0:00:00, 2023-08-01 0:00:00, PATCH}
2023-09-09 10:58:29,823 [main] INFO  (DfAbsractDataWriter#handleLoggingInsert():1090) - GENRE:{655, null, 654, null, 0, 0, 2023-08-01 0:00:00, 2023-08-01 0:00:00, PATCH}
2023-09-09 10:58:29,824 [main] INFO  (DfAbsractDataWriter#handleLoggingInsert():1090) - GENRE:{656, null, 655, null, 0, 0, 2023-08-01 0:00:00, 2023-08-01 0:00:00, PATCH}
2023-09-09 10:58:29,824 [main] INFO  (DfAbsractDataWriter#handleLoggingInsert():1090) - GENRE:{657, null, 656, null, 0, 0, 2023-08-01 0:00:00, 2023-08-01 0:00:00, PATCH}
2023-09-09 10:58:29,825 [main] INFO  (DfAbsractDataWriter#handleLoggingInsert():1090) - GENRE:{658, null, 657, null, 0, 0, 2023-08-01 0:00:00, 2023-08-01 0:00:00, PATCH}
2023-09-09 10:58:29,826 [main] INFO  (DfAbsractDataWriter#handleLoggingInsert():1090) - GENRE:{659, null, 658, null, 0, 0, 2023-08-01 0:00:00, 2023-08-01 0:00:00, PATCH}
2023-09-09 10:58:29,827 [main] INFO  (DfAbsractDataWriter#handleLoggingInsert():1090) - GENRE:{660, null, 659, null, 0, 0, 2023-08-01 0:00:00, 2023-08-01 0:00:00, PATCH}
2023-09-09 10:58:29,828 [main] INFO  (DfAbsractDataWriter#handleLoggingInsert():1090) - GENRE:{661, 水産業, 660, null, 0, 0, 2023-08-01 0:00:00, 2023-08-01 0:00:00, PATCH}
2023-09-09 10:58:29,829 [main] INFO  (DfAbsractDataWriter#handleLoggingInsert():1090) - GENRE:{662, null, 661, null, 0, 0, 2023-08-01 0:00:00, 2023-08-01 0:00:00, PATCH}
2023-09-09 10:58:29,829 [main] INFO  (DfAbsractDataWriter#handleLoggingInsert():1090) - GENRE:{663, null, 662, null, 0, 0, 2023-08-01 0:00:00, 2023-08-01 0:00:00, PATCH}
2023-09-09 10:58:29,830 [main] INFO  (DfAbsractDataWriter#handleLoggingInsert():1090) - GENRE:{664, null, 663, null, 0, 0, 2023-08-01 0:00:00, 2023-08-01 0:00:00, PATCH}
2023-09-09 10:58:29,830 [main] INFO  (DfAbsractDataWriter#handleLoggingInsert():1090) - GENRE:{665, null, 664, null, 0, 0, 2023-08-01 0:00:00, 2023-08-01 0:00:00, PATCH}
2023-09-09 10:58:29,831 [main] INFO  (DfAbsractDataWriter#handleLoggingInsert():1090) - GENRE:{666, null, 665, null, 0, 0, 2023-08-01 0:00:00, 2023-08-01 0:00:00, PATCH}
2023-09-09 10:58:29,831 [main] INFO  (DfAbsractDataWriter#handleLoggingInsert():1090) - GENRE:{667, null, 666, null, 0, 0, 2023-08-01 0:00:00, 2023-08-01 0:00:00, PATCH}
2023-09-09 10:58:29,832 [main] INFO  (DfAbsractDataWriter#handleLoggingInsert():1090) - GENRE:{668, null, 667, null, 0, 0, 2023-08-01 0:00:00, 2023-08-01 0:00:00, PATCH}
2023-09-09 10:58:29,832 [main] INFO  (DfAbsractDataWriter#handleLoggingInsert():1090) - GENRE:{669, null, 668, null, 0, 0, 2023-08-01 0:00:00, 2023-08-01 0:00:00, PATCH}
2023-09-09 10:58:29,833 [main] INFO  (DfAbsractDataWriter#handleLoggingInsert():1090) - GENRE:{670, null, 669, null, 0, 0, 2023-08-01 0:00:00, 2023-08-01 0:00:00, PATCH}
2023-09-09 10:58:29,833 [main] INFO  (DfAbsractDataWriter#handleLoggingInsert():1090) - GENRE:{671, 商業, 670, null, 0, 0, 2023-08-01 0:00:00, 2023-08-01 0:00:00, PATCH}
2023-09-09 10:58:29,834 [main] INFO  (DfAbsractDataWriter#handleLoggingInsert():1090) - GENRE:{672, null, 671, null, 0, 0, 2023-08-01 0:00:00, 2023-08-01 0:00:00, PATCH}
2023-09-09 10:58:29,835 [main] INFO  (DfAbsractDataWriter#handleLoggingInsert():1090) - GENRE:{673, null, 672, null, 0, 0, 2023-08-01 0:00:00, 2023-08-01 0:00:00, PATCH}
2023-09-09 10:58:29,835 [main] INFO  (DfAbsractDataWriter#handleLoggingInsert():1090) - GENRE:{674, null, 673, null, 0, 0, 2023-08-01 0:00:00, 2023-08-01 0:00:00, PATCH}
2023-09-09 10:58:29,836 [main] INFO  (DfAbsractDataWriter#handleLoggingInsert():1090) - GENRE:{675, null, 674, null, 0, 0, 2023-08-01 0:00:00, 2023-08-01 0:00:00, PATCH}
2023-09-09 10:58:29,836 [main] INFO  (DfAbsractDataWriter#handleLoggingInsert():1090) - GENRE:{676, null, 675, null, 0, 0, 2023-08-01 0:00:00, 2023-08-01 0:00:00, PATCH}
2023-09-09 10:58:29,837 [main] INFO  (DfAbsractDataWriter#handleLoggingInsert():1090) - GENRE:{677, null, 676, null, 0, 0, 2023-08-01 0:00:00, 2023-08-01 0:00:00, PATCH}
2023-09-09 10:58:29,837 [main] INFO  (DfAbsractDataWriter#handleLoggingInsert():1090) - GENRE:{678, null, 677, null, 0, 0, 2023-08-01 0:00:00, 2023-08-01 0:00:00, PATCH}
2023-09-09 10:58:29,838 [main] INFO  (DfAbsractDataWriter#handleLoggingInsert():1090) - GENRE:{679, null, 678, null, 0, 0, 2023-08-01 0:00:00, 2023-08-01 0:00:00, PATCH}
2023-09-09 10:58:29,839 [main] INFO  (DfAbsractDataWriter#handleLoggingInsert():1090) - GENRE:{680, null, 679, null, 0, 0, 2023-08-01 0:00:00, 2023-08-01 0:00:00, PATCH}
2023-09-09 10:58:29,839 [main] INFO  (DfAbsractDataWriter#handleLoggingInsert():1090) - GENRE:{681, null, 680, null, 0, 0, 2023-08-01 0:00:00, 2023-08-01 0:00:00, PATCH}
2023-09-09 10:58:29,840 [main] INFO  (DfAbsractDataWriter#handleLoggingInsert():1090) - GENRE:{682, 運輸. 交通, 681, null, 0, 0, 2023-08-01 0:00:00, 2023-08-01 0:00:00, PATCH}
2023-09-09 10:58:29,840 [main] INFO  (DfAbsractDataWriter#handleLoggingInsert():1090) - GENRE:{683, null, 682, null, 0, 0, 2023-08-01 0:00:00, 2023-08-01 0:00:00, PATCH}
2023-09-09 10:58:29,840 [main] INFO  (DfAbsractDataWriter#handleLoggingInsert():1090) - GENRE:{684, null, 683, null, 0, 0, 2023-08-01 0:00:00, 2023-08-01 0:00:00, PATCH}
2023-09-09 10:58:29,841 [main] INFO  (DfAbsractDataWriter#handleLoggingInsert():1090) - GENRE:{685, null, 684, null, 0, 0, 2023-08-01 0:00:00, 2023-08-01 0:00:00, PATCH}
2023-09-09 10:58:29,841 [main] INFO  (DfAbsractDataWriter#handleLoggingInsert():1090) - GENRE:{686, null, 685, null, 0, 0, 2023-08-01 0:00:00, 2023-08-01 0:00:00, PATCH}
2023-09-09 10:58:29,842 [main] INFO  (DfAbsractDataWriter#handleLoggingInsert():1090) - GENRE:{687, null, 686, null, 0, 0, 2023-08-01 0:00:00, 2023-08-01 0:00:00, PATCH}
2023-09-09 10:58:29,842 [main] INFO  (DfAbsractDataWriter#handleLoggingInsert():1090) - GENRE:{688, null, 687, null, 0, 0, 2023-08-01 0:00:00, 2023-08-01 0:00:00, PATCH}
2023-09-09 10:58:29,843 [main] INFO  (DfAbsractDataWriter#handleLoggingInsert():1090) - GENRE:{689, null, 688, null, 0, 0, 2023-08-01 0:00:00, 2023-08-01 0:00:00, PATCH}
2023-09-09 10:58:29,843 [main] INFO  (DfAbsractDataWriter#handleLoggingInsert():1090) - GENRE:{690, null, 689, null, 0, 0, 2023-08-01 0:00:00, 2023-08-01 0:00:00, PATCH}
2023-09-09 10:58:29,844 [main] INFO  (DfAbsractDataWriter#handleLoggingInsert():1090) - GENRE:{691, 通信事業, 690, null, 0, 0, 2023-08-01 0:00:00, 2023-08-01 0:00:00, PATCH}
2023-09-09 10:58:29,851 [main] INFO  (DfAbsractDataWriter#handleLoggingInsert():1090) - GENRE:{692, null, 691, null, 0, 0, 2023-08-01 0:00:00, 2023-08-01 0:00:00, PATCH}
2023-09-09 10:58:29,852 [main] INFO  (DfAbsractDataWriter#handleLoggingInsert():1090) - GENRE:{693, null, 692, null, 0, 0, 2023-08-01 0:00:00, 2023-08-01 0:00:00, PATCH}
2023-09-09 10:58:29,854 [main] INFO  (DfAbsractDataWriter#handleLoggingInsert():1090) - GENRE:{694, null, 693, null, 0, 0, 2023-08-01 0:00:00, 2023-08-01 0:00:00, PATCH}
2023-09-09 10:58:29,855 [main] INFO  (DfAbsractDataWriter#handleLoggingInsert():1090) - GENRE:{695, null, 694, null, 0, 0, 2023-08-01 0:00:00, 2023-08-01 0:00:00, PATCH}
2023-09-09 10:58:29,857 [main] INFO  (DfAbsractDataWriter#handleLoggingInsert():1090) - GENRE:{696, null, 695, null, 0, 0, 2023-08-01 0:00:00, 2023-08-01 0:00:00, PATCH}
2023-09-09 10:58:29,857 [main] INFO  (DfAbsractDataWriter#handleLoggingInsert():1090) - GENRE:{697, null, 696, null, 0, 0, 2023-08-01 0:00:00, 2023-08-01 0:00:00, PATCH}
2023-09-09 10:58:29,858 [main] INFO  (DfAbsractDataWriter#handleLoggingInsert():1090) - GENRE:{698, null, 697, null, 0, 0, 2023-08-01 0:00:00, 2023-08-01 0:00:00, PATCH}
2023-09-09 10:58:29,858 [main] INFO  (DfAbsractDataWriter#handleLoggingInsert():1090) - GENRE:{699, null, 698, null, 0, 0, 2023-08-01 0:00:00, 2023-08-01 0:00:00, PATCH}
2023-09-09 10:58:29,859 [main] INFO  (DfAbsractDataWriter#handleLoggingInsert():1090) - GENRE:{700, null, 699, null, 0, 0, 2023-08-01 0:00:00, 2023-08-01 0:00:00, PATCH}
2023-09-09 10:58:29,859 [main] INFO  (DfAbsractDataWriter#handleLoggingInsert():1090) - GENRE:{701, 芸術. 美術, 700, null, 0, 0, 2023-08-01 0:00:00, 2023-08-01 0:00:00, PATCH}
2023-09-09 10:58:29,860 [main] INFO  (DfAbsractDataWriter#handleLoggingInsert():1090) - GENRE:{702, null, 701, null, 0, 0, 2023-08-01 0:00:00, 2023-08-01 0:00:00, PATCH}
2023-09-09 10:58:29,860 [main] INFO  (DfAbsractDataWriter#handleLoggingInsert():1090) - GENRE:{703, null, 702, null, 0, 0, 2023-08-01 0:00:00, 2023-08-01 0:00:00, PATCH}
2023-09-09 10:58:29,861 [main] INFO  (DfAbsractDataWriter#handleLoggingInsert():1090) - GENRE:{704, null, 703, null, 0, 0, 2023-08-01 0:00:00, 2023-08-01 0:00:00, PATCH}
2023-09-09 10:58:29,862 [main] INFO  (DfAbsractDataWriter#handleLoggingInsert():1090) - GENRE:{705, null, 704, null, 0, 0, 2023-08-01 0:00:00, 2023-08-01 0:00:00, PATCH}
2023-09-09 10:58:29,863 [main] INFO  (DfAbsractDataWriter#handleLoggingInsert():1090) - GENRE:{706, null, 705, null, 0, 0, 2023-08-01 0:00:00, 2023-08-01 0:00:00, PATCH}
2023-09-09 10:58:29,863 [main] INFO  (DfAbsractDataWriter#handleLoggingInsert():1090) - GENRE:{707, null, 706, null, 0, 0, 2023-08-01 0:00:00, 2023-08-01 0:00:00, PATCH}
2023-09-09 10:58:29,864 [main] INFO  (DfAbsractDataWriter#handleLoggingInsert():1090) - GENRE:{708, null, 707, null, 0, 0, 2023-08-01 0:00:00, 2023-08-01 0:00:00, PATCH}
2023-09-09 10:58:29,864 [main] INFO  (DfAbsractDataWriter#handleLoggingInsert():1090) - GENRE:{709, null, 708, null, 0, 0, 2023-08-01 0:00:00, 2023-08-01 0:00:00, PATCH}
2023-09-09 10:58:29,865 [main] INFO  (DfAbsractDataWriter#handleLoggingInsert():1090) - GENRE:{710, null, 709, null, 0, 0, 2023-08-01 0:00:00, 2023-08-01 0:00:00, PATCH}
2023-09-09 10:58:29,865 [main] INFO  (DfAbsractDataWriter#handleLoggingInsert():1090) - GENRE:{711, 彫刻, 710, null, 0, 0, 2023-08-01 0:00:00, 2023-08-01 0:00:00, PATCH}
2023-09-09 10:58:29,865 [main] INFO  (DfAbsractDataWriter#handleLoggingInsert():1090) - GENRE:{712, null, 711, null, 0, 0, 2023-08-01 0:00:00, 2023-08-01 0:00:00, PATCH}
2023-09-09 10:58:29,866 [main] INFO  (DfAbsractDataWriter#handleLoggingInsert():1090) - GENRE:{713, null, 712, null, 0, 0, 2023-08-01 0:00:00, 2023-08-01 0:00:00, PATCH}
2023-09-09 10:58:29,866 [main] INFO  (DfAbsractDataWriter#handleLoggingInsert():1090) - GENRE:{714, null, 713, null, 0, 0, 2023-08-01 0:00:00, 2023-08-01 0:00:00, PATCH}
2023-09-09 10:58:29,866 [main] INFO  (DfAbsractDataWriter#handleLoggingInsert():1090) - GENRE:{715, null, 714, null, 0, 0, 2023-08-01 0:00:00, 2023-08-01 0:00:00, PATCH}
2023-09-09 10:58:29,867 [main] INFO  (DfAbsractDataWriter#handleLoggingInsert():1090) - GENRE:{716, null, 715, null, 0, 0, 2023-08-01 0:00:00, 2023-08-01 0:00:00, PATCH}
2023-09-09 10:58:29,867 [main] INFO  (DfAbsractDataWriter#handleLoggingInsert():1090) - GENRE:{717, null, 716, null, 0, 0, 2023-08-01 0:00:00, 2023-08-01 0:00:00, PATCH}
2023-09-09 10:58:29,868 [main] INFO  (DfAbsractDataWriter#handleLoggingInsert():1090) - GENRE:{718, null, 717, null, 0, 0, 2023-08-01 0:00:00, 2023-08-01 0:00:00, PATCH}
2023-09-09 10:58:29,869 [main] INFO  (DfAbsractDataWriter#handleLoggingInsert():1090) - GENRE:{719, null, 718, null, 0, 0, 2023-08-01 0:00:00, 2023-08-01 0:00:00, PATCH}
2023-09-09 10:58:29,869 [main] INFO  (DfAbsractDataWriter#handleLoggingInsert():1090) - GENRE:{720, null, 719, null, 0, 0, 2023-08-01 0:00:00, 2023-08-01 0:00:00, PATCH}
2023-09-09 10:58:29,870 [main] INFO  (DfAbsractDataWriter#handleLoggingInsert():1090) - GENRE:{721, 絵画. 書道, 720, null, 0, 0, 2023-08-01 0:00:00, 2023-08-01 0:00:00, PATCH}
2023-09-09 10:58:29,871 [main] INFO  (DfAbsractDataWriter#handleLoggingInsert():1090) - GENRE:{722, null, 721, null, 0, 0, 2023-08-01 0:00:00, 2023-08-01 0:00:00, PATCH}
2023-09-09 10:58:29,873 [main] INFO  (DfAbsractDataWriter#handleLoggingInsert():1090) - GENRE:{723, null, 722, null, 0, 0, 2023-08-01 0:00:00, 2023-08-01 0:00:00, PATCH}
2023-09-09 10:58:29,877 [main] INFO  (DfAbsractDataWriter#handleLoggingInsert():1090) - GENRE:{724, null, 723, null, 0, 0, 2023-08-01 0:00:00, 2023-08-01 0:00:00, PATCH}
2023-09-09 10:58:29,879 [main] INFO  (DfAbsractDataWriter#handleLoggingInsert():1090) - GENRE:{725, null, 724, null, 0, 0, 2023-08-01 0:00:00, 2023-08-01 0:00:00, PATCH}
2023-09-09 10:58:29,880 [main] INFO  (DfAbsractDataWriter#handleLoggingInsert():1090) - GENRE:{726, null, 725, null, 0, 0, 2023-08-01 0:00:00, 2023-08-01 0:00:00, PATCH}
2023-09-09 10:58:29,881 [main] INFO  (DfAbsractDataWriter#handleLoggingInsert():1090) - GENRE:{727, null, 726, null, 0, 0, 2023-08-01 0:00:00, 2023-08-01 0:00:00, PATCH}
2023-09-09 10:58:29,882 [main] INFO  (DfAbsractDataWriter#handleLoggingInsert():1090) - GENRE:{728, null, 727, null, 0, 0, 2023-08-01 0:00:00, 2023-08-01 0:00:00, PATCH}
2023-09-09 10:58:29,882 [main] INFO  (DfAbsractDataWriter#handleLoggingInsert():1090) - GENRE:{729, null, 728, null, 0, 0, 2023-08-01 0:00:00, 2023-08-01 0:00:00, PATCH}
2023-09-09 10:58:29,883 [main] INFO  (DfAbsractDataWriter#handleLoggingInsert():1090) - GENRE:{730, null, 729, null, 0, 0, 2023-08-01 0:00:00, 2023-08-01 0:00:00, PATCH}
2023-09-09 10:58:29,884 [main] INFO  (DfAbsractDataWriter#handleLoggingInsert():1090) - GENRE:{731, 版画, 730, null, 0, 0, 2023-08-01 0:00:00, 2023-08-01 0:00:00, PATCH}
2023-09-09 10:58:29,885 [main] INFO  (DfAbsractDataWriter#handleLoggingInsert():1090) - GENRE:{732, null, 731, null, 0, 0, 2023-08-01 0:00:00, 2023-08-01 0:00:00, PATCH}
2023-09-09 10:58:29,887 [main] INFO  (DfAbsractDataWriter#handleLoggingInsert():1090) - GENRE:{733, null, 732, null, 0, 0, 2023-08-01 0:00:00, 2023-08-01 0:00:00, PATCH}
2023-09-09 10:58:29,889 [main] INFO  (DfAbsractDataWriter#handleLoggingInsert():1090) - GENRE:{734, null, 733, null, 0, 0, 2023-08-01 0:00:00, 2023-08-01 0:00:00, PATCH}
2023-09-09 10:58:29,891 [main] INFO  (DfAbsractDataWriter#handleLoggingInsert():1090) - GENRE:{735, null, 734, null, 0, 0, 2023-08-01 0:00:00, 2023-08-01 0:00:00, PATCH}
2023-09-09 10:58:29,892 [main] INFO  (DfAbsractDataWriter#handleLoggingInsert():1090) - GENRE:{736, null, 735, null, 0, 0, 2023-08-01 0:00:00, 2023-08-01 0:00:00, PATCH}
2023-09-09 10:58:29,893 [main] INFO  (DfAbsractDataWriter#handleLoggingInsert():1090) - GENRE:{737, null, 736, null, 0, 0, 2023-08-01 0:00:00, 2023-08-01 0:00:00, PATCH}
2023-09-09 10:58:29,910 [main] INFO  (DfAbsractDataWriter#handleLoggingInsert():1090) - GENRE:{738, null, 737, null, 0, 0, 2023-08-01 0:00:00, 2023-08-01 0:00:00, PATCH}
2023-09-09 10:58:29,912 [main] INFO  (DfAbsractDataWriter#handleLoggingInsert():1090) - GENRE:{739, null, 738, null, 0, 0, 2023-08-01 0:00:00, 2023-08-01 0:00:00, PATCH}
2023-09-09 10:58:29,913 [main] INFO  (DfAbsractDataWriter#handleLoggingInsert():1090) - GENRE:{740, null, 739, null, 0, 0, 2023-08-01 0:00:00, 2023-08-01 0:00:00, PATCH}
2023-09-09 10:58:29,914 [main] INFO  (DfAbsractDataWriter#handleLoggingInsert():1090) - GENRE:{741, 写真. 印刷, 740, null, 0, 0, 2023-08-01 0:00:00, 2023-08-01 0:00:00, PATCH}
2023-09-09 10:58:29,916 [main] INFO  (DfAbsractDataWriter#handleLoggingInsert():1090) - GENRE:{742, null, 741, null, 0, 0, 2023-08-01 0:00:00, 2023-08-01 0:00:00, PATCH}
2023-09-09 10:58:29,917 [main] INFO  (DfAbsractDataWriter#handleLoggingInsert():1090) - GENRE:{743, null, 742, null, 0, 0, 2023-08-01 0:00:00, 2023-08-01 0:00:00, PATCH}
2023-09-09 10:58:29,918 [main] INFO  (DfAbsractDataWriter#handleLoggingInsert():1090) - GENRE:{744, null, 743, null, 0, 0, 2023-08-01 0:00:00, 2023-08-01 0:00:00, PATCH}
2023-09-09 10:58:29,919 [main] INFO  (DfAbsractDataWriter#handleLoggingInsert():1090) - GENRE:{745, null, 744, null, 0, 0, 2023-08-01 0:00:00, 2023-08-01 0:00:00, PATCH}
2023-09-09 10:58:29,923 [main] INFO  (DfAbsractDataWriter#handleLoggingInsert():1090) - GENRE:{746, null, 745, null, 0, 0, 2023-08-01 0:00:00, 2023-08-01 0:00:00, PATCH}
2023-09-09 10:58:29,930 [main] INFO  (DfAbsractDataWriter#handleLoggingInsert():1090) - GENRE:{747, null, 746, null, 0, 0, 2023-08-01 0:00:00, 2023-08-01 0:00:00, PATCH}
2023-09-09 10:58:29,931 [main] INFO  (DfAbsractDataWriter#handleLoggingInsert():1090) - GENRE:{748, null, 747, null, 0, 0, 2023-08-01 0:00:00, 2023-08-01 0:00:00, PATCH}
2023-09-09 10:58:29,932 [main] INFO  (DfAbsractDataWriter#handleLoggingInsert():1090) - GENRE:{749, null, 748, null, 0, 0, 2023-08-01 0:00:00, 2023-08-01 0:00:00, PATCH}
2023-09-09 10:58:29,934 [main] INFO  (DfAbsractDataWriter#handleLoggingInsert():1090) - GENRE:{750, null, 749, null, 0, 0, 2023-08-01 0:00:00, 2023-08-01 0:00:00, PATCH}
2023-09-09 10:58:29,935 [main] INFO  (DfAbsractDataWriter#handleLoggingInsert():1090) - GENRE:{751, 工芸, 750, null, 0, 0, 2023-08-01 0:00:00, 2023-08-01 0:00:00, PATCH}
2023-09-09 10:58:29,936 [main] INFO  (DfAbsractDataWriter#handleLoggingInsert():1090) - GENRE:{752, null, 751, null, 0, 0, 2023-08-01 0:00:00, 2023-08-01 0:00:00, PATCH}
2023-09-09 10:58:29,936 [main] INFO  (DfAbsractDataWriter#handleLoggingInsert():1090) - GENRE:{753, null, 752, null, 0, 0, 2023-08-01 0:00:00, 2023-08-01 0:00:00, PATCH}
2023-09-09 10:58:29,937 [main] INFO  (DfAbsractDataWriter#handleLoggingInsert():1090) - GENRE:{754, null, 753, null, 0, 0, 2023-08-01 0:00:00, 2023-08-01 0:00:00, PATCH}
2023-09-09 10:58:29,937 [main] INFO  (DfAbsractDataWriter#handleLoggingInsert():1090) - GENRE:{755, null, 754, null, 0, 0, 2023-08-01 0:00:00, 2023-08-01 0:00:00, PATCH}
2023-09-09 10:58:29,938 [main] INFO  (DfAbsractDataWriter#handleLoggingInsert():1090) - GENRE:{756, null, 755, null, 0, 0, 2023-08-01 0:00:00, 2023-08-01 0:00:00, PATCH}
2023-09-09 10:58:29,939 [main] INFO  (DfAbsractDataWriter#handleLoggingInsert():1090) - GENRE:{757, null, 756, null, 0, 0, 2023-08-01 0:00:00, 2023-08-01 0:00:00, PATCH}
2023-09-09 10:58:29,939 [main] INFO  (DfAbsractDataWriter#handleLoggingInsert():1090) - GENRE:{758, null, 757, null, 0, 0, 2023-08-01 0:00:00, 2023-08-01 0:00:00, PATCH}
2023-09-09 10:58:29,940 [main] INFO  (DfAbsractDataWriter#handleLoggingInsert():1090) - GENRE:{759, null, 758, null, 0, 0, 2023-08-01 0:00:00, 2023-08-01 0:00:00, PATCH}
2023-09-09 10:58:29,940 [main] INFO  (DfAbsractDataWriter#handleLoggingInsert():1090) - GENRE:{760, null, 759, null, 0, 0, 2023-08-01 0:00:00, 2023-08-01 0:00:00, PATCH}
2023-09-09 10:58:29,941 [main] INFO  (DfAbsractDataWriter#handleLoggingInsert():1090) - GENRE:{761, 音楽. 舞踊, 760, null, 0, 0, 2023-08-01 0:00:00, 2023-08-01 0:00:00, PATCH}
2023-09-09 10:58:29,942 [main] INFO  (DfAbsractDataWriter#handleLoggingInsert():1090) - GENRE:{762, null, 761, null, 0, 0, 2023-08-01 0:00:00, 2023-08-01 0:00:00, PATCH}
2023-09-09 10:58:29,942 [main] INFO  (DfAbsractDataWriter#handleLoggingInsert():1090) - GENRE:{763, null, 762, null, 0, 0, 2023-08-01 0:00:00, 2023-08-01 0:00:00, PATCH}
2023-09-09 10:58:29,943 [main] INFO  (DfAbsractDataWriter#handleLoggingInsert():1090) - GENRE:{764, null, 763, null, 0, 0, 2023-08-01 0:00:00, 2023-08-01 0:00:00, PATCH}
2023-09-09 10:58:29,944 [main] INFO  (DfAbsractDataWriter#handleLoggingInsert():1090) - GENRE:{765, null, 764, null, 0, 0, 2023-08-01 0:00:00, 2023-08-01 0:00:00, PATCH}
2023-09-09 10:58:29,945 [main] INFO  (DfAbsractDataWriter#handleLoggingInsert():1090) - GENRE:{766, null, 765, null, 0, 0, 2023-08-01 0:00:00, 2023-08-01 0:00:00, PATCH}
2023-09-09 10:58:29,945 [main] INFO  (DfAbsractDataWriter#handleLoggingInsert():1090) - GENRE:{767, null, 766, null, 0, 0, 2023-08-01 0:00:00, 2023-08-01 0:00:00, PATCH}
2023-09-09 10:58:29,946 [main] INFO  (DfAbsractDataWriter#handleLoggingInsert():1090) - GENRE:{768, null, 767, null, 0, 0, 2023-08-01 0:00:00, 2023-08-01 0:00:00, PATCH}
2023-09-09 10:58:29,946 [main] INFO  (DfAbsractDataWriter#handleLoggingInsert():1090) - GENRE:{769, null, 768, null, 0, 0, 2023-08-01 0:00:00, 2023-08-01 0:00:00, PATCH}
2023-09-09 10:58:29,947 [main] INFO  (DfAbsractDataWriter#handleLoggingInsert():1090) - GENRE:{770, null, 769, null, 0, 0, 2023-08-01 0:00:00, 2023-08-01 0:00:00, PATCH}
2023-09-09 10:58:29,948 [main] INFO  (DfAbsractDataWriter#handleLoggingInsert():1090) - GENRE:{771, 演劇. 映画, 770, null, 0, 0, 2023-08-01 0:00:00, 2023-08-01 0:00:00, PATCH}
2023-09-09 10:58:29,948 [main] INFO  (DfAbsractDataWriter#handleLoggingInsert():1090) - GENRE:{772, null, 771, null, 0, 0, 2023-08-01 0:00:00, 2023-08-01 0:00:00, PATCH}
2023-09-09 10:58:29,949 [main] INFO  (DfAbsractDataWriter#handleLoggingInsert():1090) - GENRE:{773, null, 772, null, 0, 0, 2023-08-01 0:00:00, 2023-08-01 0:00:00, PATCH}
2023-09-09 10:58:29,949 [main] INFO  (DfAbsractDataWriter#handleLoggingInsert():1090) - GENRE:{774, null, 773, null, 0, 0, 2023-08-01 0:00:00, 2023-08-01 0:00:00, PATCH}
2023-09-09 10:58:29,950 [main] INFO  (DfAbsractDataWriter#handleLoggingInsert():1090) - GENRE:{775, null, 774, null, 0, 0, 2023-08-01 0:00:00, 2023-08-01 0:00:00, PATCH}
2023-09-09 10:58:29,951 [main] INFO  (DfAbsractDataWriter#handleLoggingInsert():1090) - GENRE:{776, null, 775, null, 0, 0, 2023-08-01 0:00:00, 2023-08-01 0:00:00, PATCH}
2023-09-09 10:58:29,951 [main] INFO  (DfAbsractDataWriter#handleLoggingInsert():1090) - GENRE:{777, null, 776, null, 0, 0, 2023-08-01 0:00:00, 2023-08-01 0:00:00, PATCH}
2023-09-09 10:58:29,952 [main] INFO  (DfAbsractDataWriter#handleLoggingInsert():1090) - GENRE:{778, null, 777, null, 0, 0, 2023-08-01 0:00:00, 2023-08-01 0:00:00, PATCH}
2023-09-09 10:58:29,952 [main] INFO  (DfAbsractDataWriter#handleLoggingInsert():1090) - GENRE:{779, null, 778, null, 0, 0, 2023-08-01 0:00:00, 2023-08-01 0:00:00, PATCH}
2023-09-09 10:58:29,953 [main] INFO  (DfAbsractDataWriter#handleLoggingInsert():1090) - GENRE:{780, null, 779, null, 0, 0, 2023-08-01 0:00:00, 2023-08-01 0:00:00, PATCH}
2023-09-09 10:58:29,953 [main] INFO  (DfAbsractDataWriter#handleLoggingInsert():1090) - GENRE:{781, スポーツ. 体育, 780, null, 0, 0, 2023-08-01 0:00:00, 2023-08-01 0:00:00, PATCH}
2023-09-09 10:58:29,954 [main] INFO  (DfAbsractDataWriter#handleLoggingInsert():1090) - GENRE:{782, null, 781, null, 0, 0, 2023-08-01 0:00:00, 2023-08-01 0:00:00, PATCH}
2023-09-09 10:58:29,965 [main] INFO  (DfAbsractDataWriter#handleLoggingInsert():1090) - GENRE:{783, null, 782, null, 0, 0, 2023-08-01 0:00:00, 2023-08-01 0:00:00, PATCH}
2023-09-09 10:58:29,966 [main] INFO  (DfAbsractDataWriter#handleLoggingInsert():1090) - GENRE:{784, null, 783, null, 0, 0, 2023-08-01 0:00:00, 2023-08-01 0:00:00, PATCH}
2023-09-09 10:58:29,966 [main] INFO  (DfAbsractDataWriter#handleLoggingInsert():1090) - GENRE:{785, null, 784, null, 0, 0, 2023-08-01 0:00:00, 2023-08-01 0:00:00, PATCH}
2023-09-09 10:58:29,967 [main] INFO  (DfAbsractDataWriter#handleLoggingInsert():1090) - GENRE:{786, null, 785, null, 0, 0, 2023-08-01 0:00:00, 2023-08-01 0:00:00, PATCH}
2023-09-09 10:58:29,968 [main] INFO  (DfAbsractDataWriter#handleLoggingInsert():1090) - GENRE:{787, null, 786, null, 0, 0, 2023-08-01 0:00:00, 2023-08-01 0:00:00, PATCH}
2023-09-09 10:58:29,968 [main] INFO  (DfAbsractDataWriter#handleLoggingInsert():1090) - GENRE:{788, null, 787, null, 0, 0, 2023-08-01 0:00:00, 2023-08-01 0:00:00, PATCH}
2023-09-09 10:58:29,971 [main] INFO  (DfAbsractDataWriter#handleLoggingInsert():1090) - GENRE:{789, null, 788, null, 0, 0, 2023-08-01 0:00:00, 2023-08-01 0:00:00, PATCH}
2023-09-09 10:58:29,972 [main] INFO  (DfAbsractDataWriter#handleLoggingInsert():1090) - GENRE:{790, null, 789, null, 0, 0, 2023-08-01 0:00:00, 2023-08-01 0:00:00, PATCH}
2023-09-09 10:58:29,973 [main] INFO  (DfAbsractDataWriter#handleLoggingInsert():1090) - GENRE:{791, null, 790, null, 0, 0, 2023-08-01 0:00:00, 2023-08-01 0:00:00, PATCH}
2023-09-09 10:58:29,974 [main] INFO  (DfAbsractDataWriter#handleLoggingInsert():1090) - GENRE:{792, 諸芸. 娯楽, 791, null, 0, 0, 2023-08-01 0:00:00, 2023-08-01 0:00:00, PATCH}
2023-09-09 10:58:29,975 [main] INFO  (DfAbsractDataWriter#handleLoggingInsert():1090) - GENRE:{793, null, 792, null, 0, 0, 2023-08-01 0:00:00, 2023-08-01 0:00:00, PATCH}
2023-09-09 10:58:29,975 [main] INFO  (DfAbsractDataWriter#handleLoggingInsert():1090) - GENRE:{794, null, 793, null, 0, 0, 2023-08-01 0:00:00, 2023-08-01 0:00:00, PATCH}
2023-09-09 10:58:29,976 [main] INFO  (DfAbsractDataWriter#handleLoggingInsert():1090) - GENRE:{795, null, 794, null, 0, 0, 2023-08-01 0:00:00, 2023-08-01 0:00:00, PATCH}
2023-09-09 10:58:29,977 [main] INFO  (DfAbsractDataWriter#handleLoggingInsert():1090) - GENRE:{796, null, 795, null, 0, 0, 2023-08-01 0:00:00, 2023-08-01 0:00:00, PATCH}
2023-09-09 10:58:29,977 [main] INFO  (DfAbsractDataWriter#handleLoggingInsert():1090) - GENRE:{797, null, 796, null, 0, 0, 2023-08-01 0:00:00, 2023-08-01 0:00:00, PATCH}
2023-09-09 10:58:29,978 [main] INFO  (DfAbsractDataWriter#handleLoggingInsert():1090) - GENRE:{798, null, 797, null, 0, 0, 2023-08-01 0:00:00, 2023-08-01 0:00:00, PATCH}
2023-09-09 10:58:29,979 [main] INFO  (DfAbsractDataWriter#handleLoggingInsert():1090) - GENRE:{799, null, 798, null, 0, 0, 2023-08-01 0:00:00, 2023-08-01 0:00:00, PATCH}
2023-09-09 10:58:29,979 [main] INFO  (DfAbsractDataWriter#handleLoggingInsert():1090) - GENRE:{800, null, 799, null, 0, 0, 2023-08-01 0:00:00, 2023-08-01 0:00:00, PATCH}
2023-09-09 10:58:29,980 [main] INFO  (DfAbsractDataWriter#handleLoggingInsert():1090) - GENRE:{801, 言語, 800, null, 0, 0, 2023-08-01 0:00:00, 2023-08-01 0:00:00, PATCH}
2023-09-09 10:58:29,981 [main] INFO  (DfAbsractDataWriter#handleLoggingInsert():1090) - GENRE:{802, null, 801, null, 0, 0, 2023-08-01 0:00:00, 2023-08-01 0:00:00, PATCH}
2023-09-09 10:58:29,981 [main] INFO  (DfAbsractDataWriter#handleLoggingInsert():1090) - GENRE:{803, null, 802, null, 0, 0, 2023-08-01 0:00:00, 2023-08-01 0:00:00, PATCH}
2023-09-09 10:58:29,982 [main] INFO  (DfAbsractDataWriter#handleLoggingInsert():1090) - GENRE:{804, null, 803, null, 0, 0, 2023-08-01 0:00:00, 2023-08-01 0:00:00, PATCH}
2023-09-09 10:58:29,983 [main] INFO  (DfAbsractDataWriter#handleLoggingInsert():1090) - GENRE:{805, null, 804, null, 0, 0, 2023-08-01 0:00:00, 2023-08-01 0:00:00, PATCH}
2023-09-09 10:58:29,983 [main] INFO  (DfAbsractDataWriter#handleLoggingInsert():1090) - GENRE:{806, null, 805, null, 0, 0, 2023-08-01 0:00:00, 2023-08-01 0:00:00, PATCH}
2023-09-09 10:58:29,984 [main] INFO  (DfAbsractDataWriter#handleLoggingInsert():1090) - GENRE:{807, null, 806, null, 0, 0, 2023-08-01 0:00:00, 2023-08-01 0:00:00, PATCH}
2023-09-09 10:58:29,984 [main] INFO  (DfAbsractDataWriter#handleLoggingInsert():1090) - GENRE:{808, null, 807, null, 0, 0, 2023-08-01 0:00:00, 2023-08-01 0:00:00, PATCH}
2023-09-09 10:58:29,985 [main] INFO  (DfAbsractDataWriter#handleLoggingInsert():1090) - GENRE:{809, null, 808, null, 0, 0, 2023-08-01 0:00:00, 2023-08-01 0:00:00, PATCH}
2023-09-09 10:58:29,986 [main] INFO  (DfAbsractDataWriter#handleLoggingInsert():1090) - GENRE:{810, null, 809, null, 0, 0, 2023-08-01 0:00:00, 2023-08-01 0:00:00, PATCH}
2023-09-09 10:58:29,986 [main] INFO  (DfAbsractDataWriter#handleLoggingInsert():1090) - GENRE:{811, 日本語, 810, null, 0, 0, 2023-08-01 0:00:00, 2023-08-01 0:00:00, PATCH}
2023-09-09 10:58:29,987 [main] INFO  (DfAbsractDataWriter#handleLoggingInsert():1090) - GENRE:{812, null, 811, null, 0, 0, 2023-08-01 0:00:00, 2023-08-01 0:00:00, PATCH}
2023-09-09 10:58:29,987 [main] INFO  (DfAbsractDataWriter#handleLoggingInsert():1090) - GENRE:{813, null, 812, null, 0, 0, 2023-08-01 0:00:00, 2023-08-01 0:00:00, PATCH}
2023-09-09 10:58:29,988 [main] INFO  (DfAbsractDataWriter#handleLoggingInsert():1090) - GENRE:{814, null, 813, null, 0, 0, 2023-08-01 0:00:00, 2023-08-01 0:00:00, PATCH}
2023-09-09 10:58:29,989 [main] INFO  (DfAbsractDataWriter#handleLoggingInsert():1090) - GENRE:{815, null, 814, null, 0, 0, 2023-08-01 0:00:00, 2023-08-01 0:00:00, PATCH}
2023-09-09 10:58:29,990 [main] INFO  (DfAbsractDataWriter#handleLoggingInsert():1090) - GENRE:{816, null, 815, null, 0, 0, 2023-08-01 0:00:00, 2023-08-01 0:00:00, PATCH}
2023-09-09 10:58:29,991 [main] INFO  (DfAbsractDataWriter#handleLoggingInsert():1090) - GENRE:{817, null, 816, null, 0, 0, 2023-08-01 0:00:00, 2023-08-01 0:00:00, PATCH}
2023-09-09 10:58:29,992 [main] INFO  (DfAbsractDataWriter#handleLoggingInsert():1090) - GENRE:{818, null, 817, null, 0, 0, 2023-08-01 0:00:00, 2023-08-01 0:00:00, PATCH}
2023-09-09 10:58:29,993 [main] INFO  (DfAbsractDataWriter#handleLoggingInsert():1090) - GENRE:{819, null, 818, null, 0, 0, 2023-08-01 0:00:00, 2023-08-01 0:00:00, PATCH}
2023-09-09 10:58:29,993 [main] INFO  (DfAbsractDataWriter#handleLoggingInsert():1090) - GENRE:{820, null, 819, null, 0, 0, 2023-08-01 0:00:00, 2023-08-01 0:00:00, PATCH}
2023-09-09 10:58:29,994 [main] INFO  (DfAbsractDataWriter#handleLoggingInsert():1090) - GENRE:{821, 中国語. その他の東洋の諸言語, 820, null, 0, 0, 2023-08-01 0:00:00, 2023-08-01 0:00:00, PATCH}
2023-09-09 10:58:29,995 [main] INFO  (DfAbsractDataWriter#handleLoggingInsert():1090) - GENRE:{822, null, 821, null, 0, 0, 2023-08-01 0:00:00, 2023-08-01 0:00:00, PATCH}
2023-09-09 10:58:29,996 [main] INFO  (DfAbsractDataWriter#handleLoggingInsert():1090) - GENRE:{823, null, 822, null, 0, 0, 2023-08-01 0:00:00, 2023-08-01 0:00:00, PATCH}
2023-09-09 10:58:29,996 [main] INFO  (DfAbsractDataWriter#handleLoggingInsert():1090) - GENRE:{824, null, 823, null, 0, 0, 2023-08-01 0:00:00, 2023-08-01 0:00:00, PATCH}
2023-09-09 10:58:29,997 [main] INFO  (DfAbsractDataWriter#handleLoggingInsert():1090) - GENRE:{825, null, 824, null, 0, 0, 2023-08-01 0:00:00, 2023-08-01 0:00:00, PATCH}
2023-09-09 10:58:29,998 [main] INFO  (DfAbsractDataWriter#handleLoggingInsert():1090) - GENRE:{826, null, 825, null, 0, 0, 2023-08-01 0:00:00, 2023-08-01 0:00:00, PATCH}
2023-09-09 10:58:29,998 [main] INFO  (DfAbsractDataWriter#handleLoggingInsert():1090) - GENRE:{827, null, 826, null, 0, 0, 2023-08-01 0:00:00, 2023-08-01 0:00:00, PATCH}
2023-09-09 10:58:29,999 [main] INFO  (DfAbsractDataWriter#handleLoggingInsert():1090) - GENRE:{828, null, 827, null, 0, 0, 2023-08-01 0:00:00, 2023-08-01 0:00:00, PATCH}
2023-09-09 10:58:30,021 [main] INFO  (DfAbsractDataWriter#handleLoggingInsert():1090) - GENRE:{829, null, 828, null, 0, 0, 2023-08-01 0:00:00, 2023-08-01 0:00:00, PATCH}
2023-09-09 10:58:30,022 [main] INFO  (DfAbsractDataWriter#handleLoggingInsert():1090) - GENRE:{830, null, 829, null, 0, 0, 2023-08-01 0:00:00, 2023-08-01 0:00:00, PATCH}
2023-09-09 10:58:30,023 [main] INFO  (DfAbsractDataWriter#handleLoggingInsert():1090) - GENRE:{831, 英語, 830, null, 0, 0, 2023-08-01 0:00:00, 2023-08-01 0:00:00, PATCH}
2023-09-09 10:58:30,023 [main] INFO  (DfAbsractDataWriter#handleLoggingInsert():1090) - GENRE:{832, null, 831, null, 0, 0, 2023-08-01 0:00:00, 2023-08-01 0:00:00, PATCH}
2023-09-09 10:58:30,024 [main] INFO  (DfAbsractDataWriter#handleLoggingInsert():1090) - GENRE:{833, null, 832, null, 0, 0, 2023-08-01 0:00:00, 2023-08-01 0:00:00, PATCH}
2023-09-09 10:58:30,024 [main] INFO  (DfAbsractDataWriter#handleLoggingInsert():1090) - GENRE:{834, null, 833, null, 0, 0, 2023-08-01 0:00:00, 2023-08-01 0:00:00, PATCH}
2023-09-09 10:58:30,025 [main] INFO  (DfAbsractDataWriter#handleLoggingInsert():1090) - GENRE:{835, null, 834, null, 0, 0, 2023-08-01 0:00:00, 2023-08-01 0:00:00, PATCH}
2023-09-09 10:58:30,025 [main] INFO  (DfAbsractDataWriter#handleLoggingInsert():1090) - GENRE:{836, null, 835, null, 0, 0, 2023-08-01 0:00:00, 2023-08-01 0:00:00, PATCH}
2023-09-09 10:58:30,026 [main] INFO  (DfAbsractDataWriter#handleLoggingInsert():1090) - GENRE:{837, null, 836, null, 0, 0, 2023-08-01 0:00:00, 2023-08-01 0:00:00, PATCH}
2023-09-09 10:58:30,026 [main] INFO  (DfAbsractDataWriter#handleLoggingInsert():1090) - GENRE:{838, null, 837, null, 0, 0, 2023-08-01 0:00:00, 2023-08-01 0:00:00, PATCH}
2023-09-09 10:58:30,027 [main] INFO  (DfAbsractDataWriter#handleLoggingInsert():1090) - GENRE:{839, null, 838, null, 0, 0, 2023-08-01 0:00:00, 2023-08-01 0:00:00, PATCH}
2023-09-09 10:58:30,030 [main] INFO  (DfAbsractDataWriter#handleLoggingInsert():1090) - GENRE:{840, null, 839, null, 0, 0, 2023-08-01 0:00:00, 2023-08-01 0:00:00, PATCH}
2023-09-09 10:58:30,033 [main] INFO  (DfAbsractDataWriter#handleLoggingInsert():1090) - GENRE:{841, ドイツ語, 840, null, 0, 0, 2023-08-01 0:00:00, 2023-08-01 0:00:00, PATCH}
2023-09-09 10:58:30,044 [main] INFO  (DfAbsractDataWriter#handleLoggingInsert():1090) - GENRE:{842, null, 841, null, 0, 0, 2023-08-01 0:00:00, 2023-08-01 0:00:00, PATCH}
2023-09-09 10:58:30,046 [main] INFO  (DfAbsractDataWriter#handleLoggingInsert():1090) - GENRE:{843, null, 842, null, 0, 0, 2023-08-01 0:00:00, 2023-08-01 0:00:00, PATCH}
2023-09-09 10:58:30,048 [main] INFO  (DfAbsractDataWriter#handleLoggingInsert():1090) - GENRE:{844, null, 843, null, 0, 0, 2023-08-01 0:00:00, 2023-08-01 0:00:00, PATCH}
2023-09-09 10:58:30,049 [main] INFO  (DfAbsractDataWriter#handleLoggingInsert():1090) - GENRE:{845, null, 844, null, 0, 0, 2023-08-01 0:00:00, 2023-08-01 0:00:00, PATCH}
2023-09-09 10:58:30,063 [main] INFO  (DfAbsractDataWriter#handleLoggingInsert():1090) - GENRE:{846, null, 845, null, 0, 0, 2023-08-01 0:00:00, 2023-08-01 0:00:00, PATCH}
2023-09-09 10:58:30,064 [main] INFO  (DfAbsractDataWriter#handleLoggingInsert():1090) - GENRE:{847, null, 846, null, 0, 0, 2023-08-01 0:00:00, 2023-08-01 0:00:00, PATCH}
2023-09-09 10:58:30,086 [main] INFO  (DfAbsractDataWriter#handleLoggingInsert():1090) - GENRE:{848, null, 847, null, 0, 0, 2023-08-01 0:00:00, 2023-08-01 0:00:00, PATCH}
2023-09-09 10:58:30,087 [main] INFO  (DfAbsractDataWriter#handleLoggingInsert():1090) - GENRE:{849, null, 848, null, 0, 0, 2023-08-01 0:00:00, 2023-08-01 0:00:00, PATCH}
2023-09-09 10:58:30,088 [main] INFO  (DfAbsractDataWriter#handleLoggingInsert():1090) - GENRE:{850, null, 849, null, 0, 0, 2023-08-01 0:00:00, 2023-08-01 0:00:00, PATCH}
2023-09-09 10:58:30,088 [main] INFO  (DfAbsractDataWriter#handleLoggingInsert():1090) - GENRE:{851, フランス語, 850, null, 0, 0, 2023-08-01 0:00:00, 2023-08-01 0:00:00, PATCH}
2023-09-09 10:58:30,089 [main] INFO  (DfAbsractDataWriter#handleLoggingInsert():1090) - GENRE:{852, null, 851, null, 0, 0, 2023-08-01 0:00:00, 2023-08-01 0:00:00, PATCH}
2023-09-09 10:58:30,090 [main] INFO  (DfAbsractDataWriter#handleLoggingInsert():1090) - GENRE:{853, null, 852, null, 0, 0, 2023-08-01 0:00:00, 2023-08-01 0:00:00, PATCH}
2023-09-09 10:58:30,090 [main] INFO  (DfAbsractDataWriter#handleLoggingInsert():1090) - GENRE:{854, null, 853, null, 0, 0, 2023-08-01 0:00:00, 2023-08-01 0:00:00, PATCH}
2023-09-09 10:58:30,091 [main] INFO  (DfAbsractDataWriter#handleLoggingInsert():1090) - GENRE:{855, null, 854, null, 0, 0, 2023-08-01 0:00:00, 2023-08-01 0:00:00, PATCH}
2023-09-09 10:58:30,092 [main] INFO  (DfAbsractDataWriter#handleLoggingInsert():1090) - GENRE:{856, null, 855, null, 0, 0, 2023-08-01 0:00:00, 2023-08-01 0:00:00, PATCH}
2023-09-09 10:58:30,092 [main] INFO  (DfAbsractDataWriter#handleLoggingInsert():1090) - GENRE:{857, null, 856, null, 0, 0, 2023-08-01 0:00:00, 2023-08-01 0:00:00, PATCH}
2023-09-09 10:58:30,093 [main] INFO  (DfAbsractDataWriter#handleLoggingInsert():1090) - GENRE:{858, null, 857, null, 0, 0, 2023-08-01 0:00:00, 2023-08-01 0:00:00, PATCH}
2023-09-09 10:58:30,093 [main] INFO  (DfAbsractDataWriter#handleLoggingInsert():1090) - GENRE:{859, null, 858, null, 0, 0, 2023-08-01 0:00:00, 2023-08-01 0:00:00, PATCH}
2023-09-09 10:58:30,093 [main] INFO  (DfAbsractDataWriter#handleLoggingInsert():1090) - GENRE:{860, null, 859, null, 0, 0, 2023-08-01 0:00:00, 2023-08-01 0:00:00, PATCH}
2023-09-09 10:58:30,093 [main] INFO  (DfAbsractDataWriter#handleLoggingInsert():1090) - GENRE:{861, スペイン語, 860, null, 0, 0, 2023-08-01 0:00:00, 2023-08-01 0:00:00, PATCH}
2023-09-09 10:58:30,094 [main] INFO  (DfAbsractDataWriter#handleLoggingInsert():1090) - GENRE:{862, null, 861, null, 0, 0, 2023-08-01 0:00:00, 2023-08-01 0:00:00, PATCH}
2023-09-09 10:58:30,094 [main] INFO  (DfAbsractDataWriter#handleLoggingInsert():1090) - GENRE:{863, null, 862, null, 0, 0, 2023-08-01 0:00:00, 2023-08-01 0:00:00, PATCH}
2023-09-09 10:58:30,095 [main] INFO  (DfAbsractDataWriter#handleLoggingInsert():1090) - GENRE:{864, null, 863, null, 0, 0, 2023-08-01 0:00:00, 2023-08-01 0:00:00, PATCH}
2023-09-09 10:58:30,095 [main] INFO  (DfAbsractDataWriter#handleLoggingInsert():1090) - GENRE:{865, null, 864, null, 0, 0, 2023-08-01 0:00:00, 2023-08-01 0:00:00, PATCH}
2023-09-09 10:58:30,096 [main] INFO  (DfAbsractDataWriter#handleLoggingInsert():1090) - GENRE:{866, null, 865, null, 0, 0, 2023-08-01 0:00:00, 2023-08-01 0:00:00, PATCH}
2023-09-09 10:58:30,096 [main] INFO  (DfAbsractDataWriter#handleLoggingInsert():1090) - GENRE:{867, null, 866, null, 0, 0, 2023-08-01 0:00:00, 2023-08-01 0:00:00, PATCH}
2023-09-09 10:58:30,097 [main] INFO  (DfAbsractDataWriter#handleLoggingInsert():1090) - GENRE:{868, null, 867, null, 0, 0, 2023-08-01 0:00:00, 2023-08-01 0:00:00, PATCH}
2023-09-09 10:58:30,097 [main] INFO  (DfAbsractDataWriter#handleLoggingInsert():1090) - GENRE:{869, null, 868, null, 0, 0, 2023-08-01 0:00:00, 2023-08-01 0:00:00, PATCH}
2023-09-09 10:58:30,098 [main] INFO  (DfAbsractDataWriter#handleLoggingInsert():1090) - GENRE:{870, null, 869, null, 0, 0, 2023-08-01 0:00:00, 2023-08-01 0:00:00, PATCH}
2023-09-09 10:58:30,098 [main] INFO  (DfAbsractDataWriter#handleLoggingInsert():1090) - GENRE:{871, イタリア語, 870, null, 0, 0, 2023-08-01 0:00:00, 2023-08-01 0:00:00, PATCH}
2023-09-09 10:58:30,099 [main] INFO  (DfAbsractDataWriter#handleLoggingInsert():1090) - GENRE:{872, null, 871, null, 0, 0, 2023-08-01 0:00:00, 2023-08-01 0:00:00, PATCH}
2023-09-09 10:58:30,099 [main] INFO  (DfAbsractDataWriter#handleLoggingInsert():1090) - GENRE:{873, null, 872, null, 0, 0, 2023-08-01 0:00:00, 2023-08-01 0:00:00, PATCH}
2023-09-09 10:58:30,100 [main] INFO  (DfAbsractDataWriter#handleLoggingInsert():1090) - GENRE:{874, null, 873, null, 0, 0, 2023-08-01 0:00:00, 2023-08-01 0:00:00, PATCH}
2023-09-09 10:58:30,100 [main] INFO  (DfAbsractDataWriter#handleLoggingInsert():1090) - GENRE:{875, null, 874, null, 0, 0, 2023-08-01 0:00:00, 2023-08-01 0:00:00, PATCH}
2023-09-09 10:58:30,101 [main] INFO  (DfAbsractDataWriter#handleLoggingInsert():1090) - GENRE:{876, null, 875, null, 0, 0, 2023-08-01 0:00:00, 2023-08-01 0:00:00, PATCH}
2023-09-09 10:58:30,102 [main] INFO  (DfAbsractDataWriter#handleLoggingInsert():1090) - GENRE:{877, null, 876, null, 0, 0, 2023-08-01 0:00:00, 2023-08-01 0:00:00, PATCH}
2023-09-09 10:58:30,102 [main] INFO  (DfAbsractDataWriter#handleLoggingInsert():1090) - GENRE:{878, null, 877, null, 0, 0, 2023-08-01 0:00:00, 2023-08-01 0:00:00, PATCH}
2023-09-09 10:58:30,105 [main] INFO  (DfAbsractDataWriter#handleLoggingInsert():1090) - GENRE:{879, null, 878, null, 0, 0, 2023-08-01 0:00:00, 2023-08-01 0:00:00, PATCH}
2023-09-09 10:58:30,106 [main] INFO  (DfAbsractDataWriter#handleLoggingInsert():1090) - GENRE:{880, null, 879, null, 0, 0, 2023-08-01 0:00:00, 2023-08-01 0:00:00, PATCH}
2023-09-09 10:58:30,107 [main] INFO  (DfAbsractDataWriter#handleLoggingInsert():1090) - GENRE:{881, ロシア語, 880, null, 0, 0, 2023-08-01 0:00:00, 2023-08-01 0:00:00, PATCH}
2023-09-09 10:58:30,109 [main] INFO  (DfAbsractDataWriter#handleLoggingInsert():1090) - GENRE:{882, null, 881, null, 0, 0, 2023-08-01 0:00:00, 2023-08-01 0:00:00, PATCH}
2023-09-09 10:58:30,110 [main] INFO  (DfAbsractDataWriter#handleLoggingInsert():1090) - GENRE:{883, null, 882, null, 0, 0, 2023-08-01 0:00:00, 2023-08-01 0:00:00, PATCH}
2023-09-09 10:58:30,110 [main] INFO  (DfAbsractDataWriter#handleLoggingInsert():1090) - GENRE:{884, null, 883, null, 0, 0, 2023-08-01 0:00:00, 2023-08-01 0:00:00, PATCH}
2023-09-09 10:58:30,111 [main] INFO  (DfAbsractDataWriter#handleLoggingInsert():1090) - GENRE:{885, null, 884, null, 0, 0, 2023-08-01 0:00:00, 2023-08-01 0:00:00, PATCH}
2023-09-09 10:58:30,112 [main] INFO  (DfAbsractDataWriter#handleLoggingInsert():1090) - GENRE:{886, null, 885, null, 0, 0, 2023-08-01 0:00:00, 2023-08-01 0:00:00, PATCH}
2023-09-09 10:58:30,112 [main] INFO  (DfAbsractDataWriter#handleLoggingInsert():1090) - GENRE:{887, null, 886, null, 0, 0, 2023-08-01 0:00:00, 2023-08-01 0:00:00, PATCH}
2023-09-09 10:58:30,113 [main] INFO  (DfAbsractDataWriter#handleLoggingInsert():1090) - GENRE:{888, null, 887, null, 0, 0, 2023-08-01 0:00:00, 2023-08-01 0:00:00, PATCH}
2023-09-09 10:58:30,113 [main] INFO  (DfAbsractDataWriter#handleLoggingInsert():1090) - GENRE:{889, null, 888, null, 0, 0, 2023-08-01 0:00:00, 2023-08-01 0:00:00, PATCH}
2023-09-09 10:58:30,114 [main] INFO  (DfAbsractDataWriter#handleLoggingInsert():1090) - GENRE:{890, null, 889, null, 0, 0, 2023-08-01 0:00:00, 2023-08-01 0:00:00, PATCH}
2023-09-09 10:58:30,114 [main] INFO  (DfAbsractDataWriter#handleLoggingInsert():1090) - GENRE:{891, その他の諸言語, 890, null, 0, 0, 2023-08-01 0:00:00, 2023-08-01 0:00:00, PATCH}
2023-09-09 10:58:30,115 [main] INFO  (DfAbsractDataWriter#handleLoggingInsert():1090) - GENRE:{892, null, 891, null, 0, 0, 2023-08-01 0:00:00, 2023-08-01 0:00:00, PATCH}
2023-09-09 10:58:30,115 [main] INFO  (DfAbsractDataWriter#handleLoggingInsert():1090) - GENRE:{893, null, 892, null, 0, 0, 2023-08-01 0:00:00, 2023-08-01 0:00:00, PATCH}
2023-09-09 10:58:30,116 [main] INFO  (DfAbsractDataWriter#handleLoggingInsert():1090) - GENRE:{894, null, 893, null, 0, 0, 2023-08-01 0:00:00, 2023-08-01 0:00:00, PATCH}
2023-09-09 10:58:30,117 [main] INFO  (DfAbsractDataWriter#handleLoggingInsert():1090) - GENRE:{895, null, 894, null, 0, 0, 2023-08-01 0:00:00, 2023-08-01 0:00:00, PATCH}
2023-09-09 10:58:30,117 [main] INFO  (DfAbsractDataWriter#handleLoggingInsert():1090) - GENRE:{896, null, 895, null, 0, 0, 2023-08-01 0:00:00, 2023-08-01 0:00:00, PATCH}
2023-09-09 10:58:30,118 [main] INFO  (DfAbsractDataWriter#handleLoggingInsert():1090) - GENRE:{897, null, 896, null, 0, 0, 2023-08-01 0:00:00, 2023-08-01 0:00:00, PATCH}
2023-09-09 10:58:30,119 [main] INFO  (DfAbsractDataWriter#handleLoggingInsert():1090) - GENRE:{898, null, 897, null, 0, 0, 2023-08-01 0:00:00, 2023-08-01 0:00:00, PATCH}
2023-09-09 10:58:30,119 [main] INFO  (DfAbsractDataWriter#handleLoggingInsert():1090) - GENRE:{899, null, 898, null, 0, 0, 2023-08-01 0:00:00, 2023-08-01 0:00:00, PATCH}
2023-09-09 10:58:30,119 [main] INFO  (DfAbsractDataWriter#handleLoggingInsert():1090) - GENRE:{900, null, 899, null, 0, 0, 2023-08-01 0:00:00, 2023-08-01 0:00:00, PATCH}
2023-09-09 10:58:30,119 [main] INFO  (DfAbsractDataWriter#handleLoggingInsert():1090) - GENRE:{901, 文学, 900, null, 0, 0, 2023-08-01 0:00:00, 2023-08-01 0:00:00, PATCH}
2023-09-09 10:58:30,120 [main] INFO  (DfAbsractDataWriter#handleLoggingInsert():1090) - GENRE:{902, null, 901, null, 0, 0, 2023-08-01 0:00:00, 2023-08-01 0:00:00, PATCH}
2023-09-09 10:58:30,121 [main] INFO  (DfAbsractDataWriter#handleLoggingInsert():1090) - GENRE:{903, null, 902, null, 0, 0, 2023-08-01 0:00:00, 2023-08-01 0:00:00, PATCH}
2023-09-09 10:58:30,122 [main] INFO  (DfAbsractDataWriter#handleLoggingInsert():1090) - GENRE:{904, null, 903, null, 0, 0, 2023-08-01 0:00:00, 2023-08-01 0:00:00, PATCH}
2023-09-09 10:58:30,122 [main] INFO  (DfAbsractDataWriter#handleLoggingInsert():1090) - GENRE:{905, null, 904, null, 0, 0, 2023-08-01 0:00:00, 2023-08-01 0:00:00, PATCH}
2023-09-09 10:58:30,123 [main] INFO  (DfAbsractDataWriter#handleLoggingInsert():1090) - GENRE:{906, null, 905, null, 0, 0, 2023-08-01 0:00:00, 2023-08-01 0:00:00, PATCH}
2023-09-09 10:58:30,123 [main] INFO  (DfAbsractDataWriter#handleLoggingInsert():1090) - GENRE:{907, null, 906, null, 0, 0, 2023-08-01 0:00:00, 2023-08-01 0:00:00, PATCH}
2023-09-09 10:58:30,124 [main] INFO  (DfAbsractDataWriter#handleLoggingInsert():1090) - GENRE:{908, null, 907, null, 0, 0, 2023-08-01 0:00:00, 2023-08-01 0:00:00, PATCH}
2023-09-09 10:58:30,124 [main] INFO  (DfAbsractDataWriter#handleLoggingInsert():1090) - GENRE:{909, null, 908, null, 0, 0, 2023-08-01 0:00:00, 2023-08-01 0:00:00, PATCH}
2023-09-09 10:58:30,124 [main] INFO  (DfAbsractDataWriter#handleLoggingInsert():1090) - GENRE:{910, null, 909, null, 0, 0, 2023-08-01 0:00:00, 2023-08-01 0:00:00, PATCH}
2023-09-09 10:58:30,125 [main] INFO  (DfAbsractDataWriter#handleLoggingInsert():1090) - GENRE:{911, 日本文学, 910, null, 0, 0, 2023-08-01 0:00:00, 2023-08-01 0:00:00, PATCH}
2023-09-09 10:58:30,125 [main] INFO  (DfAbsractDataWriter#handleLoggingInsert():1090) - GENRE:{912, null, 911, null, 0, 0, 2023-08-01 0:00:00, 2023-08-01 0:00:00, PATCH}
2023-09-09 10:58:30,126 [main] INFO  (DfAbsractDataWriter#handleLoggingInsert():1090) - GENRE:{913, null, 912, null, 0, 0, 2023-08-01 0:00:00, 2023-08-01 0:00:00, PATCH}
2023-09-09 10:58:30,126 [main] INFO  (DfAbsractDataWriter#handleLoggingInsert():1090) - GENRE:{914, null, 913, null, 0, 0, 2023-08-01 0:00:00, 2023-08-01 0:00:00, PATCH}
2023-09-09 10:58:30,127 [main] INFO  (DfAbsractDataWriter#handleLoggingInsert():1090) - GENRE:{915, null, 914, null, 0, 0, 2023-08-01 0:00:00, 2023-08-01 0:00:00, PATCH}
2023-09-09 10:58:30,127 [main] INFO  (DfAbsractDataWriter#handleLoggingInsert():1090) - GENRE:{916, null, 915, null, 0, 0, 2023-08-01 0:00:00, 2023-08-01 0:00:00, PATCH}
2023-09-09 10:58:30,128 [main] INFO  (DfAbsractDataWriter#handleLoggingInsert():1090) - GENRE:{917, null, 916, null, 0, 0, 2023-08-01 0:00:00, 2023-08-01 0:00:00, PATCH}
2023-09-09 10:58:30,128 [main] INFO  (DfAbsractDataWriter#handleLoggingInsert():1090) - GENRE:{918, null, 917, null, 0, 0, 2023-08-01 0:00:00, 2023-08-01 0:00:00, PATCH}
2023-09-09 10:58:30,132 [main] INFO  (DfAbsractDataWriter#handleLoggingInsert():1090) - GENRE:{919, null, 918, null, 0, 0, 2023-08-01 0:00:00, 2023-08-01 0:00:00, PATCH}
2023-09-09 10:58:30,138 [main] INFO  (DfAbsractDataWriter#handleLoggingInsert():1090) - GENRE:{920, null, 919, null, 0, 0, 2023-08-01 0:00:00, 2023-08-01 0:00:00, PATCH}
2023-09-09 10:58:30,139 [main] INFO  (DfAbsractDataWriter#handleLoggingInsert():1090) - GENRE:{921, 中国文学. その他の東洋文学, 920, null, 0, 0, 2023-08-01 0:00:00, 2023-08-01 0:00:00, PATCH}
2023-09-09 10:58:30,139 [main] INFO  (DfAbsractDataWriter#handleLoggingInsert():1090) - GENRE:{922, null, 921, null, 0, 0, 2023-08-01 0:00:00, 2023-08-01 0:00:00, PATCH}
2023-09-09 10:58:30,140 [main] INFO  (DfAbsractDataWriter#handleLoggingInsert():1090) - GENRE:{923, null, 922, null, 0, 0, 2023-08-01 0:00:00, 2023-08-01 0:00:00, PATCH}
2023-09-09 10:58:30,142 [main] INFO  (DfAbsractDataWriter#handleLoggingInsert():1090) - GENRE:{924, null, 923, null, 0, 0, 2023-08-01 0:00:00, 2023-08-01 0:00:00, PATCH}
2023-09-09 10:58:30,143 [main] INFO  (DfAbsractDataWriter#handleLoggingInsert():1090) - GENRE:{925, null, 924, null, 0, 0, 2023-08-01 0:00:00, 2023-08-01 0:00:00, PATCH}
2023-09-09 10:58:30,143 [main] INFO  (DfAbsractDataWriter#handleLoggingInsert():1090) - GENRE:{926, null, 925, null, 0, 0, 2023-08-01 0:00:00, 2023-08-01 0:00:00, PATCH}
2023-09-09 10:58:30,144 [main] INFO  (DfAbsractDataWriter#handleLoggingInsert():1090) - GENRE:{927, null, 926, null, 0, 0, 2023-08-01 0:00:00, 2023-08-01 0:00:00, PATCH}
2023-09-09 10:58:30,144 [main] INFO  (DfAbsractDataWriter#handleLoggingInsert():1090) - GENRE:{928, null, 927, null, 0, 0, 2023-08-01 0:00:00, 2023-08-01 0:00:00, PATCH}
2023-09-09 10:58:30,145 [main] INFO  (DfAbsractDataWriter#handleLoggingInsert():1090) - GENRE:{929, null, 928, null, 0, 0, 2023-08-01 0:00:00, 2023-08-01 0:00:00, PATCH}
2023-09-09 10:58:30,145 [main] INFO  (DfAbsractDataWriter#handleLoggingInsert():1090) - GENRE:{930, null, 929, null, 0, 0, 2023-08-01 0:00:00, 2023-08-01 0:00:00, PATCH}
2023-09-09 10:58:30,146 [main] INFO  (DfAbsractDataWriter#handleLoggingInsert():1090) - GENRE:{931, 英米文学, 930, null, 0, 0, 2023-08-01 0:00:00, 2023-08-01 0:00:00, PATCH}
2023-09-09 10:58:30,147 [main] INFO  (DfAbsractDataWriter#handleLoggingInsert():1090) - GENRE:{932, null, 931, null, 0, 0, 2023-08-01 0:00:00, 2023-08-01 0:00:00, PATCH}
2023-09-09 10:58:30,147 [main] INFO  (DfAbsractDataWriter#handleLoggingInsert():1090) - GENRE:{933, null, 932, null, 0, 0, 2023-08-01 0:00:00, 2023-08-01 0:00:00, PATCH}
2023-09-09 10:58:30,148 [main] INFO  (DfAbsractDataWriter#handleLoggingInsert():1090) - GENRE:{934, null, 933, null, 0, 0, 2023-08-01 0:00:00, 2023-08-01 0:00:00, PATCH}
2023-09-09 10:58:30,148 [main] INFO  (DfAbsractDataWriter#handleLoggingInsert():1090) - GENRE:{935, null, 934, null, 0, 0, 2023-08-01 0:00:00, 2023-08-01 0:00:00, PATCH}
2023-09-09 10:58:30,149 [main] INFO  (DfAbsractDataWriter#handleLoggingInsert():1090) - GENRE:{936, null, 935, null, 0, 0, 2023-08-01 0:00:00, 2023-08-01 0:00:00, PATCH}
2023-09-09 10:58:30,149 [main] INFO  (DfAbsractDataWriter#handleLoggingInsert():1090) - GENRE:{937, null, 936, null, 0, 0, 2023-08-01 0:00:00, 2023-08-01 0:00:00, PATCH}
2023-09-09 10:58:30,150 [main] INFO  (DfAbsractDataWriter#handleLoggingInsert():1090) - GENRE:{938, null, 937, null, 0, 0, 2023-08-01 0:00:00, 2023-08-01 0:00:00, PATCH}
2023-09-09 10:58:30,150 [main] INFO  (DfAbsractDataWriter#handleLoggingInsert():1090) - GENRE:{939, null, 938, null, 0, 0, 2023-08-01 0:00:00, 2023-08-01 0:00:00, PATCH}
2023-09-09 10:58:30,150 [main] INFO  (DfAbsractDataWriter#handleLoggingInsert():1090) - GENRE:{940, null, 939, null, 0, 0, 2023-08-01 0:00:00, 2023-08-01 0:00:00, PATCH}
2023-09-09 10:58:30,151 [main] INFO  (DfAbsractDataWriter#handleLoggingInsert():1090) - GENRE:{941, ドイツ文学, 940, null, 0, 0, 2023-08-01 0:00:00, 2023-08-01 0:00:00, PATCH}
2023-09-09 10:58:30,151 [main] INFO  (DfAbsractDataWriter#handleLoggingInsert():1090) - GENRE:{942, null, 941, null, 0, 0, 2023-08-01 0:00:00, 2023-08-01 0:00:00, PATCH}
2023-09-09 10:58:30,152 [main] INFO  (DfAbsractDataWriter#handleLoggingInsert():1090) - GENRE:{943, null, 942, null, 0, 0, 2023-08-01 0:00:00, 2023-08-01 0:00:00, PATCH}
2023-09-09 10:58:30,155 [main] INFO  (DfAbsractDataWriter#handleLoggingInsert():1090) - GENRE:{944, null, 943, null, 0, 0, 2023-08-01 0:00:00, 2023-08-01 0:00:00, PATCH}
2023-09-09 10:58:30,155 [main] INFO  (DfAbsractDataWriter#handleLoggingInsert():1090) - GENRE:{945, null, 944, null, 0, 0, 2023-08-01 0:00:00, 2023-08-01 0:00:00, PATCH}
2023-09-09 10:58:30,157 [main] INFO  (DfAbsractDataWriter#handleLoggingInsert():1090) - GENRE:{946, null, 945, null, 0, 0, 2023-08-01 0:00:00, 2023-08-01 0:00:00, PATCH}
2023-09-09 10:58:30,157 [main] INFO  (DfAbsractDataWriter#handleLoggingInsert():1090) - GENRE:{947, null, 946, null, 0, 0, 2023-08-01 0:00:00, 2023-08-01 0:00:00, PATCH}
2023-09-09 10:58:30,158 [main] INFO  (DfAbsractDataWriter#handleLoggingInsert():1090) - GENRE:{948, null, 947, null, 0, 0, 2023-08-01 0:00:00, 2023-08-01 0:00:00, PATCH}
2023-09-09 10:58:30,159 [main] INFO  (DfAbsractDataWriter#handleLoggingInsert():1090) - GENRE:{949, null, 948, null, 0, 0, 2023-08-01 0:00:00, 2023-08-01 0:00:00, PATCH}
2023-09-09 10:58:30,159 [main] INFO  (DfAbsractDataWriter#handleLoggingInsert():1090) - GENRE:{950, null, 949, null, 0, 0, 2023-08-01 0:00:00, 2023-08-01 0:00:00, PATCH}
2023-09-09 10:58:30,160 [main] INFO  (DfAbsractDataWriter#handleLoggingInsert():1090) - GENRE:{951, フランス文学, 950, null, 0, 0, 2023-08-01 0:00:00, 2023-08-01 0:00:00, PATCH}
2023-09-09 10:58:30,160 [main] INFO  (DfAbsractDataWriter#handleLoggingInsert():1090) - GENRE:{952, null, 951, null, 0, 0, 2023-08-01 0:00:00, 2023-08-01 0:00:00, PATCH}
2023-09-09 10:58:30,161 [main] INFO  (DfAbsractDataWriter#handleLoggingInsert():1090) - GENRE:{953, null, 952, null, 0, 0, 2023-08-01 0:00:00, 2023-08-01 0:00:00, PATCH}
2023-09-09 10:58:30,161 [main] INFO  (DfAbsractDataWriter#handleLoggingInsert():1090) - GENRE:{954, null, 953, null, 0, 0, 2023-08-01 0:00:00, 2023-08-01 0:00:00, PATCH}
2023-09-09 10:58:30,162 [main] INFO  (DfAbsractDataWriter#handleLoggingInsert():1090) - GENRE:{955, null, 954, null, 0, 0, 2023-08-01 0:00:00, 2023-08-01 0:00:00, PATCH}
2023-09-09 10:58:30,163 [main] INFO  (DfAbsractDataWriter#handleLoggingInsert():1090) - GENRE:{956, null, 955, null, 0, 0, 2023-08-01 0:00:00, 2023-08-01 0:00:00, PATCH}
2023-09-09 10:58:30,163 [main] INFO  (DfAbsractDataWriter#handleLoggingInsert():1090) - GENRE:{957, null, 956, null, 0, 0, 2023-08-01 0:00:00, 2023-08-01 0:00:00, PATCH}
2023-09-09 10:58:30,164 [main] INFO  (DfAbsractDataWriter#handleLoggingInsert():1090) - GENRE:{958, null, 957, null, 0, 0, 2023-08-01 0:00:00, 2023-08-01 0:00:00, PATCH}
2023-09-09 10:58:30,164 [main] INFO  (DfAbsractDataWriter#handleLoggingInsert():1090) - GENRE:{959, null, 958, null, 0, 0, 2023-08-01 0:00:00, 2023-08-01 0:00:00, PATCH}
2023-09-09 10:58:30,165 [main] INFO  (DfAbsractDataWriter#handleLoggingInsert():1090) - GENRE:{960, null, 959, null, 0, 0, 2023-08-01 0:00:00, 2023-08-01 0:00:00, PATCH}
2023-09-09 10:58:30,166 [main] INFO  (DfAbsractDataWriter#handleLoggingInsert():1090) - GENRE:{961, スペイン文学, 960, null, 0, 0, 2023-08-01 0:00:00, 2023-08-01 0:00:00, PATCH}
2023-09-09 10:58:30,166 [main] INFO  (DfAbsractDataWriter#handleLoggingInsert():1090) - GENRE:{962, null, 961, null, 0, 0, 2023-08-01 0:00:00, 2023-08-01 0:00:00, PATCH}
2023-09-09 10:58:30,167 [main] INFO  (DfAbsractDataWriter#handleLoggingInsert():1090) - GENRE:{963, null, 962, null, 0, 0, 2023-08-01 0:00:00, 2023-08-01 0:00:00, PATCH}
2023-09-09 10:58:30,167 [main] INFO  (DfAbsractDataWriter#handleLoggingInsert():1090) - GENRE:{964, null, 963, null, 0, 0, 2023-08-01 0:00:00, 2023-08-01 0:00:00, PATCH}
2023-09-09 10:58:30,168 [main] INFO  (DfAbsractDataWriter#handleLoggingInsert():1090) - GENRE:{965, null, 964, null, 0, 0, 2023-08-01 0:00:00, 2023-08-01 0:00:00, PATCH}
2023-09-09 10:58:30,169 [main] INFO  (DfAbsractDataWriter#handleLoggingInsert():1090) - GENRE:{966, null, 965, null, 0, 0, 2023-08-01 0:00:00, 2023-08-01 0:00:00, PATCH}
2023-09-09 10:58:30,169 [main] INFO  (DfAbsractDataWriter#handleLoggingInsert():1090) - GENRE:{967, null, 966, null, 0, 0, 2023-08-01 0:00:00, 2023-08-01 0:00:00, PATCH}
2023-09-09 10:58:30,170 [main] INFO  (DfAbsractDataWriter#handleLoggingInsert():1090) - GENRE:{968, null, 967, null, 0, 0, 2023-08-01 0:00:00, 2023-08-01 0:00:00, PATCH}
2023-09-09 10:58:30,170 [main] INFO  (DfAbsractDataWriter#handleLoggingInsert():1090) - GENRE:{969, null, 968, null, 0, 0, 2023-08-01 0:00:00, 2023-08-01 0:00:00, PATCH}
2023-09-09 10:58:30,171 [main] INFO  (DfAbsractDataWriter#handleLoggingInsert():1090) - GENRE:{970, null, 969, null, 0, 0, 2023-08-01 0:00:00, 2023-08-01 0:00:00, PATCH}
2023-09-09 10:58:30,171 [main] INFO  (DfAbsractDataWriter#handleLoggingInsert():1090) - GENRE:{971, イタリア文学, 970, null, 0, 0, 2023-08-01 0:00:00, 2023-08-01 0:00:00, PATCH}
2023-09-09 10:58:30,172 [main] INFO  (DfAbsractDataWriter#handleLoggingInsert():1090) - GENRE:{972, null, 971, null, 0, 0, 2023-08-01 0:00:00, 2023-08-01 0:00:00, PATCH}
2023-09-09 10:58:30,172 [main] INFO  (DfAbsractDataWriter#handleLoggingInsert():1090) - GENRE:{973, null, 972, null, 0, 0, 2023-08-01 0:00:00, 2023-08-01 0:00:00, PATCH}
2023-09-09 10:58:30,173 [main] INFO  (DfAbsractDataWriter#handleLoggingInsert():1090) - GENRE:{974, null, 973, null, 0, 0, 2023-08-01 0:00:00, 2023-08-01 0:00:00, PATCH}
2023-09-09 10:58:30,173 [main] INFO  (DfAbsractDataWriter#handleLoggingInsert():1090) - GENRE:{975, null, 974, null, 0, 0, 2023-08-01 0:00:00, 2023-08-01 0:00:00, PATCH}
2023-09-09 10:58:30,190 [main] INFO  (DfAbsractDataWriter#handleLoggingInsert():1090) - GENRE:{976, null, 975, null, 0, 0, 2023-08-01 0:00:00, 2023-08-01 0:00:00, PATCH}
2023-09-09 10:58:30,197 [main] INFO  (DfAbsractDataWriter#handleLoggingInsert():1090) - GENRE:{977, null, 976, null, 0, 0, 2023-08-01 0:00:00, 2023-08-01 0:00:00, PATCH}
2023-09-09 10:58:30,198 [main] INFO  (DfAbsractDataWriter#handleLoggingInsert():1090) - GENRE:{978, null, 977, null, 0, 0, 2023-08-01 0:00:00, 2023-08-01 0:00:00, PATCH}
2023-09-09 10:58:30,198 [main] INFO  (DfAbsractDataWriter#handleLoggingInsert():1090) - GENRE:{979, null, 978, null, 0, 0, 2023-08-01 0:00:00, 2023-08-01 0:00:00, PATCH}
2023-09-09 10:58:30,199 [main] INFO  (DfAbsractDataWriter#handleLoggingInsert():1090) - GENRE:{980, null, 979, null, 0, 0, 2023-08-01 0:00:00, 2023-08-01 0:00:00, PATCH}
2023-09-09 10:58:30,199 [main] INFO  (DfAbsractDataWriter#handleLoggingInsert():1090) - GENRE:{981, ロシア. ソヴィエト文学, 980, null, 0, 0, 2023-08-01 0:00:00, 2023-08-01 0:00:00, PATCH}
2023-09-09 10:58:30,200 [main] INFO  (DfAbsractDataWriter#handleLoggingInsert():1090) - GENRE:{982, null, 981, null, 0, 0, 2023-08-01 0:00:00, 2023-08-01 0:00:00, PATCH}
2023-09-09 10:58:30,200 [main] INFO  (DfAbsractDataWriter#handleLoggingInsert():1090) - GENRE:{983, null, 982, null, 0, 0, 2023-08-01 0:00:00, 2023-08-01 0:00:00, PATCH}
2023-09-09 10:58:30,201 [main] INFO  (DfAbsractDataWriter#handleLoggingInsert():1090) - GENRE:{984, null, 983, null, 0, 0, 2023-08-01 0:00:00, 2023-08-01 0:00:00, PATCH}
2023-09-09 10:58:30,201 [main] INFO  (DfAbsractDataWriter#handleLoggingInsert():1090) - GENRE:{985, null, 984, null, 0, 0, 2023-08-01 0:00:00, 2023-08-01 0:00:00, PATCH}
2023-09-09 10:58:30,202 [main] INFO  (DfAbsractDataWriter#handleLoggingInsert():1090) - GENRE:{986, null, 985, null, 0, 0, 2023-08-01 0:00:00, 2023-08-01 0:00:00, PATCH}
2023-09-09 10:58:30,203 [main] INFO  (DfAbsractDataWriter#handleLoggingInsert():1090) - GENRE:{987, null, 986, null, 0, 0, 2023-08-01 0:00:00, 2023-08-01 0:00:00, PATCH}
2023-09-09 10:58:30,204 [main] INFO  (DfAbsractDataWriter#handleLoggingInsert():1090) - GENRE:{988, null, 987, null, 0, 0, 2023-08-01 0:00:00, 2023-08-01 0:00:00, PATCH}
2023-09-09 10:58:30,205 [main] INFO  (DfAbsractDataWriter#handleLoggingInsert():1090) - GENRE:{989, null, 988, null, 0, 0, 2023-08-01 0:00:00, 2023-08-01 0:00:00, PATCH}
2023-09-09 10:58:30,206 [main] INFO  (DfAbsractDataWriter#handleLoggingInsert():1090) - GENRE:{990, null, 989, null, 0, 0, 2023-08-01 0:00:00, 2023-08-01 0:00:00, PATCH}
2023-09-09 10:58:30,207 [main] INFO  (DfAbsractDataWriter#handleLoggingInsert():1090) - GENRE:{991, その他の諸文学, 990, null, 0, 0, 2023-08-01 0:00:00, 2023-08-01 0:00:00, PATCH}
2023-09-09 10:58:30,208 [main] INFO  (DfAbsractDataWriter#handleLoggingInsert():1090) - GENRE:{992, null, 991, null, 0, 0, 2023-08-01 0:00:00, 2023-08-01 0:00:00, PATCH}
2023-09-09 10:58:30,208 [main] INFO  (DfAbsractDataWriter#handleLoggingInsert():1090) - GENRE:{993, null, 992, null, 0, 0, 2023-08-01 0:00:00, 2023-08-01 0:00:00, PATCH}
2023-09-09 10:58:30,209 [main] INFO  (DfAbsractDataWriter#handleLoggingInsert():1090) - GENRE:{994, null, 993, null, 0, 0, 2023-08-01 0:00:00, 2023-08-01 0:00:00, PATCH}
2023-09-09 10:58:30,209 [main] INFO  (DfAbsractDataWriter#handleLoggingInsert():1090) - GENRE:{995, null, 994, null, 0, 0, 2023-08-01 0:00:00, 2023-08-01 0:00:00, PATCH}
2023-09-09 10:58:30,210 [main] INFO  (DfAbsractDataWriter#handleLoggingInsert():1090) - GENRE:{996, null, 995, null, 0, 0, 2023-08-01 0:00:00, 2023-08-01 0:00:00, PATCH}
2023-09-09 10:58:30,210 [main] INFO  (DfAbsractDataWriter#handleLoggingInsert():1090) - GENRE:{997, null, 996, null, 0, 0, 2023-08-01 0:00:00, 2023-08-01 0:00:00, PATCH}
2023-09-09 10:58:30,211 [main] INFO  (DfAbsractDataWriter#handleLoggingInsert():1090) - GENRE:{998, null, 997, null, 0, 0, 2023-08-01 0:00:00, 2023-08-01 0:00:00, PATCH}
2023-09-09 10:58:30,211 [main] INFO  (DfAbsractDataWriter#handleLoggingInsert():1090) - GENRE:{999, null, 998, null, 0, 0, 2023-08-01 0:00:00, 2023-08-01 0:00:00, PATCH}
2023-09-09 10:58:30,212 [main] INFO  (DfAbsractDataWriter#handleLoggingInsert():1090) - GENRE:{1000, null, 999, null, 0, 0, 2023-08-01 0:00:00, 2023-08-01 0:00:00, PATCH}
2023-09-09 10:58:30,635 [main] INFO  (DfAbsractDataWriter#noticeLoadedRowSize():1106) -  -> 1000 rows are loaded to GENRE
2023-09-09 10:58:30,640 [main] INFO  (DfDelimiterDataWriterImpl#writeData():97) - /= = = = = = = = = = = = = = = = = = = = = = = = = = = = = = = = = 
2023-09-09 10:58:30,640 [main] INFO  (DfDelimiterDataWriterImpl#writeData():98) - writeData(playsql/data/common/csv/UTF-8/ROLE.csv)
2023-09-09 10:58:30,640 [main] INFO  (DfDelimiterDataWriterImpl#writeData():99) - = = = = = = =/
2023-09-09 10:58:30,640 [main] INFO  (DfTableExtractor#doGetTableList():66) - ...Getting tables:
2023-09-09 10:58:30,641 [main] INFO  (DfTableExtractor#doGetTableList():67) -   schema = {jlibrary.$$NoNameSchema$$ as main}
2023-09-09 10:58:30,641 [main] INFO  (DfTableExtractor#doGetTableList():68) -   types  = [TABLE, VIEW]
2023-09-09 10:58:30,662 [main] INFO  (DfAbsractDataWriter#handleLoggingInsert():1090) - ROLE:{1, ROLE_ADMIN, 管理者, null, 0, 0, 2023-08-01 00:00:00, 2023-08-01 00:00:00, PATCH}
2023-09-09 10:58:30,666 [main] INFO  (DfAbsractDataWriter#handleLoggingInsert():1090) - ROLE:{2, ROLE_STAFF, 職員, null, 0, 0, 2023-08-01 00:00:00, 2023-08-01 00:00:00, PATCH}
2023-09-09 10:58:30,667 [main] INFO  (DfAbsractDataWriter#handleLoggingInsert():1090) - ROLE:{3, ROLE_GENERAL, 一般利用者, null, 0, 0, 2023-08-01 00:00:00, 2023-08-01 00:00:00, PATCH}
2023-09-09 10:58:30,673 [main] INFO  (DfAbsractDataWriter#noticeLoadedRowSize():1106) -  -> 3 rows are loaded to ROLE
2023-09-09 10:58:30,677 [main] INFO  (DfLoadDataProcess#lazyCheckLoadedClassifiaction():387) - ...Checking implicit set of classification
2023-09-09 10:58:30,704 [main] INFO  (DfTakeFinallyProcess#takeFinally():244) - 
2023-09-09 10:58:30,705 [main] INFO  (DfTakeFinallyProcess#takeFinally():245) - * * * * * * * **
2023-09-09 10:58:30,705 [main] INFO  (DfTakeFinallyProcess#takeFinally():246) - *              *
2023-09-09 10:58:30,706 [main] INFO  (DfTakeFinallyProcess#takeFinally():247) - * Take Finally *
2023-09-09 10:58:30,707 [main] INFO  (DfTakeFinallyProcess#takeFinally():248) - *              *
2023-09-09 10:58:30,707 [main] INFO  (DfTakeFinallyProcess#takeFinally():249) - * * * * * * * **
2023-09-09 10:58:30,717 [main] INFO  (DfSqlFileFireMan#fire():68) - ...Firing: take-finally.sql
2023-09-09 10:58:30,719 [main] INFO  (DfSqlFileRunnerBase#traceResult():172) -  -> success=0 failure=0
2023-09-09 10:58:30,720 [main] INFO  (DfSqlFileFireMan#fire():93) - Take Finally: success=0, failure=0 (in 1 files)
2023-09-09 10:58:30,723 [main] INFO  (DfDataSourceHandler#destroy():120) - ...closeReally()
2023-09-09 10:58:30,748 [main] INFO  (DfDBFluteTaskUtil#logFinalMessage():139) - 
_/_/_/_/_/_/_/_/_/_/_/_/_/_/_/_/_/_/_/_/_/_/
[Final Message]: 00m04s898ms

  DBFLUTE_CLIENT: {jlibrary}
    database  = mysql (MySQL 5.5.5-10.4.28-MariaDB)
    language  = java
    container = spring
    package   = jp.co.jwebgate.jlibrary.dbflute

  DBFLUTE_ENVIRONMENT_TYPE: {}
    driver = com.mysql.jdbc.Driver
    url    = jdbc:mysql://localhost:3306/jlibrary
    schema = {jlibrary.$$NoNameSchema$$ as main}
    user   = root
    props  = {}
    additionalSchema = 
    repsEnvType      = ut
    refreshProject   = $$AutoDetect$$

 Create Schema: success=6, failure=0 (in 1 files) - 00m00s471ms
  (Initialize Schema) - 00m00s294ms
  (Create Schema) - 00m00s168ms
  o replace-schema.sql

 Load Data: common:{csv=2} - 00m02s173ms
  <common>
  o GENRE.csv
  o ROLE.csv

 Take Finally: success=0, failure=0 (in 1 files) - 00m00s018ms
  o take-finally.sql
_/_/_/_/_/_/_/_/_/_/ {ReplaceSchema}
2023-09-09 10:58:32,243 [main] INFO  (TorqueJDBCTransformTask#begin():104) - +------------------------------------------+
2023-09-09 10:58:32,245 [main] INFO  (TorqueJDBCTransformTask#begin():105) - |                                          |
2023-09-09 10:58:32,246 [main] INFO  (TorqueJDBCTransformTask#begin():106) - |                   JDBC                   |
2023-09-09 10:58:32,246 [main] INFO  (TorqueJDBCTransformTask#begin():107) - |                                          |
2023-09-09 10:58:32,246 [main] INFO  (TorqueJDBCTransformTask#begin():108) - +------------------------------------------+
2023-09-09 10:58:32,274 [main] INFO  (DfDataSourceHandler#prepare():78) - ...Preparing data source:
2023-09-09 10:58:32,274 [main] INFO  (DfDataSourceHandler#prepare():79) -   driver = com.mysql.jdbc.Driver
2023-09-09 10:58:32,274 [main] INFO  (DfDataSourceHandler#prepare():80) -   url    = jdbc:mysql://localhost:3306/jlibrary
2023-09-09 10:58:32,274 [main] INFO  (DfDataSourceHandler#prepare():81) -   user   = root
2023-09-09 10:58:32,327 [main] INFO  (DfSchemaXmlSerializer#serialize():305) - 
2023-09-09 10:58:32,327 [main] INFO  (DfSchemaXmlSerializer#serialize():306) - ...Starting to process JDBC to SchemaXML
2023-09-09 10:58:32,327 [main] INFO  (DfSchemaXmlSerializer#doLoadPreviousSchema():1559) - ...Loading previous schema (schema diff process)
2023-09-09 10:58:32,340 [main] INFO  (DTDResolver#resolveEntity():195) - ...Resolving XML by database.dtd in same package
2023-09-09 10:58:32,452 [main] INFO  (DfSchemaXmlSerializer#generateXML():379) - ...Getting DB connection
2023-09-09 10:58:32,470 [main] INFO  (DfDataSourceHandler#createConnection():166) - ...Connecting to database by data source:
2023-09-09 10:58:32,744 [main] INFO  (DfDataSourceHandler#setupConnectionMetaInfo():233) -   product = MySQL 5.5.5-10.4.28-MariaDB
2023-09-09 10:58:32,744 [main] INFO  (DfDataSourceHandler#setupConnectionMetaInfo():234) -   driver  = MySQL Connector Java mysql-connector-java-5.1.49 ( Revision: ad86f36e100e104cd926c6b81c8cab9565750116 ) for JDBC 4.0
2023-09-09 10:58:32,745 [main] INFO  (DfSchemaXmlSerializer#generateXML():382) - ...Getting DB meta data
2023-09-09 10:58:32,746 [main] INFO  (DfTableExtractor#doGetTableList():66) - ...Getting tables:
2023-09-09 10:58:32,746 [main] INFO  (DfTableExtractor#doGetTableList():67) -   schema = {jlibrary.$$NoNameSchema$$ as main}
2023-09-09 10:58:32,747 [main] INFO  (DfTableExtractor#doGetTableList():68) -   types  = [TABLE, VIEW]
2023-09-09 10:58:32,757 [main] INFO  (DfDbCommentExtractorBase#doSelectUserTabComments():121) - select table_type as OBJECT_TYPE, table_name as TABLE_NAME, table_comment as COMMENTS from information_schema.tables where table_schema = 'jlibrary' order by table_name asc
2023-09-09 10:58:32,764 [main] INFO  (DfDbCommentExtractorBase#doSelectUserColComments():168) - select table_name as TABLE_NAME, column_name as COLUMN_NAME, column_comment as COMMENTS from information_schema.columns where table_schema = 'jlibrary' order by table_name asc, column_name asc
2023-09-09 10:58:32,775 [main] INFO  (DfDatetimePrecisionExtractorMySQL#extractDatetimePrecisionMap():59) - select TABLE_NAME, COLUMN_NAME, DATETIME_PRECISION from INFORMATION_SCHEMA.COLUMNS where TABLE_SCHEMA = 'jlibrary' and DATA_TYPE = 'datetime'
2023-09-09 10:58:32,787 [main] INFO  (DfSchemaXmlSerializer#processTable():438) - 
2023-09-09 10:58:32,787 [main] INFO  (DfSchemaXmlSerializer#processTable():439) - $ /= = = = = = = = = = = = = = = = = = = = = = = = = =
2023-09-09 10:58:32,788 [main] INFO  (DfSchemaXmlSerializer#processTable():440) - $ [Table List]
2023-09-09 10:58:32,788 [main] INFO  (DfSchemaXmlSerializer#doProcessTable():520) - $ jlibrary.BOOK(TABLE) // 図書
2023-09-09 10:58:32,838 [main] INFO  (DfSchemaXmlSerializer#doProcessTable():520) - $ jlibrary.GENERAL_USER(TABLE) // 一般利用者
2023-09-09 10:58:32,858 [main] INFO  (DfSchemaXmlSerializer#doProcessTable():520) - $ jlibrary.GENRE(TABLE) // ジャンル
2023-09-09 10:58:32,874 [main] INFO  (DfSchemaXmlSerializer#doProcessTable():520) - $ jlibrary.ROLE(TABLE) // 権限
2023-09-09 10:58:32,892 [main] INFO  (DfSchemaXmlSerializer#doProcessTable():520) - $ jlibrary.STAFF_USER(TABLE) // 職員
2023-09-09 10:58:32,914 [main] INFO  (DfSchemaXmlSerializer#doProcessTable():520) - $ jlibrary.USER_ROLE_MAP(TABLE) // ユーザー権限マップ
2023-09-09 10:58:32,936 [main] INFO  (DfSchemaXmlSerializer#processTable():452) - $ 
2023-09-09 10:58:32,937 [main] INFO  (DfSchemaXmlSerializer#processTable():453) - $ [Table Count]
2023-09-09 10:58:32,937 [main] INFO  (DfSchemaXmlSerializer#processTable():454) - $ 6
2023-09-09 10:58:32,937 [main] INFO  (DfSchemaXmlSerializer#processTable():455) - $ = = = = = = = = = =/
2023-09-09 10:58:32,937 [main] INFO  (DfSchemaXmlSerializer#processTable():456) - 
2023-09-09 10:58:32,939 [main] INFO  (DfSchemaXmlSerializer#processSequence():823) - ...Getting sequences
2023-09-09 10:58:32,943 [main] INFO  (DfSchemaXmlSerializer#serialize():320) - ...Serializing XML:
2023-09-09 10:58:32,944 [main] INFO  (DfSchemaXmlSerializer#serialize():321) -   filePath = ./schema/project-schema-jlibrary.xml
2023-09-09 10:58:32,944 [main] INFO  (DfSchemaXmlSerializer#serialize():322) -   encoding = UTF-8
2023-09-09 10:58:32,980 [main] INFO  (DfSchemaXmlSerializer#doLoadNextSchema():1570) - ...Loading next schema (schema diff process)
2023-09-09 10:58:32,982 [main] INFO  (DTDResolver#resolveEntity():195) - ...Resolving XML by database.dtd in same package
2023-09-09 10:58:33,123 [main] INFO  (DfSchemaXmlSerializer#doLoadNextSchema():1585) -  -> same as previous (schema diff)
2023-09-09 10:58:33,124 [main] INFO  (DfDataSourceHandler#destroy():120) - ...closeReally()
2023-09-09 10:58:33,136 [main] INFO  (DfDBFluteTaskUtil#logFinalMessage():139) - 
_/_/_/_/_/_/_/_/_/_/_/_/_/_/_/_/_/_/_/_/_/_/
[Final Message]: 00m00s906ms

  DBFLUTE_CLIENT: {jlibrary}
    database  = mysql (MySQL 5.5.5-10.4.28-MariaDB)
    language  = java
    container = spring
    package   = jp.co.jwebgate.jlibrary.dbflute

  DBFLUTE_ENVIRONMENT_TYPE: {}
    driver = com.mysql.jdbc.Driver
    url    = jdbc:mysql://localhost:3306/jlibrary
    schema = {jlibrary.$$NoNameSchema$$ as main}
    user   = root
    props  = {}
    additionalSchema = 
    repsEnvType      = ut
    refreshProject   = $$AutoDetect$$
_/_/_/_/_/_/_/_/_/_/ {JDBC}
2023-09-09 10:58:34,218 [main] INFO  (TorqueDocumentationTask#begin():193) - +------------------------------------------+
2023-09-09 10:58:34,220 [main] INFO  (TorqueDocumentationTask#begin():194) - |                                          |
2023-09-09 10:58:34,221 [main] INFO  (TorqueDocumentationTask#begin():195) - |                   Doc                    |
2023-09-09 10:58:34,222 [main] INFO  (TorqueDocumentationTask#begin():203) - |                                          |
2023-09-09 10:58:34,222 [main] INFO  (TorqueDocumentationTask#begin():204) - +------------------------------------------+
2023-09-09 10:58:34,274 [main] INFO  (DfDataSourceHandler#prepare():78) - ...Preparing data source:
2023-09-09 10:58:34,275 [main] INFO  (DfDataSourceHandler#prepare():79) -   driver = com.mysql.jdbc.Driver
2023-09-09 10:58:34,275 [main] INFO  (DfDataSourceHandler#prepare():80) -   url    = jdbc:mysql://localhost:3306/jlibrary
2023-09-09 10:58:34,275 [main] INFO  (DfDataSourceHandler#prepare():81) -   user   = root
2023-09-09 10:58:34,278 [main] INFO  (TorqueDocumentationTask#processSchemaHtml():265) - 
2023-09-09 10:58:34,278 [main] INFO  (TorqueDocumentationTask#processSchemaHtml():266) - * * * * * * * * * * *
2023-09-09 10:58:34,278 [main] INFO  (TorqueDocumentationTask#processSchemaHtml():267) - *                   *
2023-09-09 10:58:34,278 [main] INFO  (TorqueDocumentationTask#processSchemaHtml():268) - *    Schema HTML    *
2023-09-09 10:58:34,278 [main] INFO  (TorqueDocumentationTask#processSchemaHtml():269) - *                   *
2023-09-09 10:58:34,279 [main] INFO  (TorqueDocumentationTask#processSchemaHtml():270) - * * * * * * * * * * *
2023-09-09 10:58:34,346 [main] INFO  (DTDResolver#resolveEntity():195) - ...Resolving XML by database.dtd in same package
2023-09-09 10:58:34,435 [main] INFO  (DfAdditionalPrimaryKeyInitializer#initializeAdditionalPrimaryKey():62) - /=======================================
2023-09-09 10:58:34,436 [main] INFO  (DfAdditionalPrimaryKeyInitializer#initializeAdditionalPrimaryKey():63) - ...Initializing additional primary keys.
2023-09-09 10:58:34,437 [main] INFO  (DfAdditionalPrimaryKeyInitializer#initializeAdditionalPrimaryKey():88) - ==========/
2023-09-09 10:58:34,440 [main] INFO  (DfAdditionalUniqueKeyInitializer#initializeAdditionalUniqueKey():62) - /=======================================
2023-09-09 10:58:34,440 [main] INFO  (DfAdditionalUniqueKeyInitializer#initializeAdditionalUniqueKey():63) - ...Initializing additional unique keys.
2023-09-09 10:58:34,441 [main] INFO  (DfAdditionalUniqueKeyInitializer#initializeAdditionalUniqueKey():83) - ==========/
2023-09-09 10:58:34,444 [main] INFO  (DfAdditionalForeignKeyInitializer#initializeAdditionalForeignKey():68) - /=======================================
2023-09-09 10:58:34,444 [main] INFO  (DfAdditionalForeignKeyInitializer#initializeAdditionalForeignKey():69) - ...Initializing additional foreign keys.
2023-09-09 10:58:34,446 [main] INFO  (DfAdditionalForeignKeyInitializer#initializeAdditionalForeignKey():88) - ==========/
2023-09-09 10:58:34,469 [main] INFO  (DfClsDeploymentInitializer#initializeClassificationDeployment():67) - ...Initializing ClassificationDeployment: project=jlibrary
2023-09-09 10:58:34,574 [main] INFO  (DfAbstractTexenTask#fireVelocityProcess():253) - generator.parse("doc/ControlDocument.vm", ctx);
2023-09-09 10:58:34,593 [main] INFO  (DfFlutistLog4JLogSystem#init():45) - ...Suppressing velocity.log, which is unneeded for also debug
2023-09-09 10:58:34,806 [main] INFO  (Database#doEnableDocumentOutputDirectory():1241) - ...Setting up documentOutputDirectory: ./output/doc
2023-09-09 10:58:34,817 [main] INFO  (DfDocumentSelector#doLoadSchemaHistory():242) - ...Loading schema history
2023-09-09 10:58:34,860 [main] INFO  (DfDocumentSelector#doLoadSchemaHistory():246) -  -> found history: count=4
2023-09-09 10:58:34,944 [main] INFO  (DfSchemaHtmlDataArrangeQuery#getArrangeQueryTableMap():50) -  
2023-09-09 10:58:34,945 [main] INFO  (DfSchemaHtmlDataArrangeQuery#getArrangeQueryTableMap():51) - ...Setting up arrange queries for documents (ArrangeQueryDoc)
2023-09-09 10:58:34,968 [main] INFO  (DfArrangeQueryDocSetupper#doExtractArrangeQuery():106) -  -> no arrange query
2023-09-09 10:58:35,340 [main] INFO  (DfRefreshResourceProcess#show():295) - /===========================================================================
2023-09-09 10:58:35,340 [main] INFO  (DfRefreshResourceProcess#show():295) - ...Refreshing [jlibrary] by http://localhost:8386/
2023-09-09 10:58:35,359 [main] INFO  (DfRefreshResourceProcess#show():295) - ...Retrying refreshing by default secondary URL http://localhost:8387/
2023-09-09 10:58:35,361 [main] INFO  (DfRefreshResourceProcess#show():295) - Failed to refresh the resources (continued): url=http://localhost:8386/, cause=ConnectException(Connection refused)
2023-09-09 10:58:35,361 [main] INFO  (DfRefreshResourceProcess#show():295) - ==========/
2023-09-09 10:58:35,364 [main] INFO  (DfDBFluteTaskUtil#logFinalMessage():139) - 
_/_/_/_/_/_/_/_/_/_/_/_/_/_/_/_/_/_/_/_/_/_/
[Final Message]: 00m01s163ms

  DBFLUTE_CLIENT: {jlibrary}
    database  = mysql
    language  = java
    container = spring
    package   = jp.co.jwebgate.jlibrary.dbflute

  DBFLUTE_ENVIRONMENT_TYPE: {}
    driver = com.mysql.jdbc.Driver
    url    = jdbc:mysql://localhost:3306/jlibrary
    schema = {jlibrary.$$NoNameSchema$$ as main}
    user   = root
    props  = {}
    additionalSchema = 
    repsEnvType      = ut
    refreshProject   = $$AutoDetect$$
_/_/_/_/_/_/_/_/_/_/ {Doc}
2023-09-09 10:58:38,173 [main] INFO  (TorqueDataModelTask#begin():110) - +------------------------------------------+
2023-09-09 10:58:38,175 [main] INFO  (TorqueDataModelTask#begin():111) - |                                          |
2023-09-09 10:58:38,175 [main] INFO  (TorqueDataModelTask#begin():112) - |                 Generate                 |
2023-09-09 10:58:38,175 [main] INFO  (TorqueDataModelTask#begin():113) - |                                          |
2023-09-09 10:58:38,176 [main] INFO  (TorqueDataModelTask#begin():114) - +------------------------------------------+
2023-09-09 10:58:38,224 [main] INFO  (DfDataSourceHandler#prepare():78) - ...Preparing data source:
2023-09-09 10:58:38,225 [main] INFO  (DfDataSourceHandler#prepare():79) -   driver = com.mysql.jdbc.Driver
2023-09-09 10:58:38,225 [main] INFO  (DfDataSourceHandler#prepare():80) -   url    = jdbc:mysql://localhost:3306/jlibrary
2023-09-09 10:58:38,225 [main] INFO  (DfDataSourceHandler#prepare():81) -   user   = root
2023-09-09 10:58:38,242 [main] INFO  (TorqueDataModelTask#setupControlTemplate():166) - 
2023-09-09 10:58:38,242 [main] INFO  (TorqueDataModelTask#setupControlTemplate():167) - ...Using Java control: om/ControlGenerateJava.vm
2023-09-09 10:58:38,271 [main] INFO  (DTDResolver#resolveEntity():195) - ...Resolving XML by database.dtd in same package
2023-09-09 10:58:38,313 [main] INFO  (DfAbstractTexenTask#fireVelocityProcess():253) - generator.parse("om/ControlGenerateJava.vm", ctx);
2023-09-09 10:58:38,324 [main] INFO  (DfFlutistLog4JLogSystem#init():45) - ...Suppressing velocity.log, which is unneeded for also debug
2023-09-09 10:58:38,592 [main] INFO  (Database#doEnableGenerateOutputDirectory():1209) - ...Setting up generateOutputDirectory: ../src/main/java
2023-09-09 10:58:38,597 [main] INFO  (DfAdditionalPrimaryKeyInitializer#initializeAdditionalPrimaryKey():62) - /=======================================
2023-09-09 10:58:38,598 [main] INFO  (DfAdditionalPrimaryKeyInitializer#initializeAdditionalPrimaryKey():63) - ...Initializing additional primary keys.
2023-09-09 10:58:38,600 [main] INFO  (DfAdditionalPrimaryKeyInitializer#initializeAdditionalPrimaryKey():88) - ==========/
2023-09-09 10:58:38,601 [main] INFO  (DfAdditionalUniqueKeyInitializer#initializeAdditionalUniqueKey():62) - /=======================================
2023-09-09 10:58:38,601 [main] INFO  (DfAdditionalUniqueKeyInitializer#initializeAdditionalUniqueKey():63) - ...Initializing additional unique keys.
2023-09-09 10:58:38,602 [main] INFO  (DfAdditionalUniqueKeyInitializer#initializeAdditionalUniqueKey():83) - ==========/
2023-09-09 10:58:38,603 [main] INFO  (DfAdditionalForeignKeyInitializer#initializeAdditionalForeignKey():68) - /=======================================
2023-09-09 10:58:38,603 [main] INFO  (DfAdditionalForeignKeyInitializer#initializeAdditionalForeignKey():69) - ...Initializing additional foreign keys.
2023-09-09 10:58:38,606 [main] INFO  (DfAdditionalForeignKeyInitializer#initializeAdditionalForeignKey():88) - ==========/
2023-09-09 10:58:38,626 [main] INFO  (DfClsDeploymentInitializer#initializeClassificationDeployment():67) - ...Initializing ClassificationDeployment: project=jlibrary
2023-09-09 10:58:38,650 [main] INFO  (DfIncludeQueryInitializer#initializeIncludeQuery():58) - /=============================
2023-09-09 10:58:38,650 [main] INFO  (DfIncludeQueryInitializer#initializeIncludeQuery():59) - ...Initializing include query.
2023-09-09 10:58:38,650 [main] INFO  (DfIncludeQueryInitializer#checkQueryMap():81) - String
2023-09-09 10:58:38,650 [main] INFO  (DfIncludeQueryInitializer#checkQueryMap():81) - Number
2023-09-09 10:58:38,651 [main] INFO  (DfIncludeQueryInitializer#checkQueryMap():81) - Date
2023-09-09 10:58:38,651 [main] INFO  (DfIncludeQueryInitializer#checkQueryMap():86) -   NotEqual -> []
2023-09-09 10:58:38,651 [main] INFO  (DfIncludeQueryInitializer#checkQueryMap():86) -   InScope -> []
2023-09-09 10:58:38,651 [main] INFO  (DfIncludeQueryInitializer#checkQueryMap():86) -   NotInScope -> []
2023-09-09 10:58:38,652 [main] INFO  (DfIncludeQueryInitializer#checkQueryMap():81) - OrderBy
2023-09-09 10:58:38,652 [main] INFO  (DfIncludeQueryInitializer#initializeIncludeQuery():61) - ========/
2023-09-09 10:58:38,676 [main] INFO  (Database#info():2852) - public void parseAllCommon() {
2023-09-09 10:58:38,678 [main] INFO  (Database#info():2852) -     parse('DBCurrent');
2023-09-09 10:58:38,688 [main] INFO  (Database#info():2852) -     parse('DBFluteConfig');
2023-09-09 10:58:38,750 [main] INFO  (Database#info():2852) -     parse('DBFluteInitializer');
2023-09-09 10:58:38,765 [main] INFO  (Database#info():2852) -     parse('DBMetaInstanceHandler');
2023-09-09 10:58:38,799 [main] INFO  (Database#info():2852) -     parse('EntityDefinedCommonColumn');
2023-09-09 10:58:38,830 [main] INFO  (Database#info():2852) -     parse('ImplementedBehaviorSelector');
2023-09-09 10:58:38,849 [main] INFO  (Database#info():2852) -     parse('ImplementedCommonColumnAutoSetupper');
2023-09-09 10:58:38,911 [main] INFO  (Database#info():2852) -     parse('ImplementedInvokerAssistant');
2023-09-09 10:58:38,923 [main] INFO  (Database#info():2852) -     parse('ImplementedSqlClauseCreator');
2023-09-09 10:58:38,930 [main] INFO  (Database#info():2852) - }
2023-09-09 10:58:38,930 [main] INFO  (Database#info():2852) - public void parseContainerConfig() {
2023-09-09 10:58:38,931 [main] INFO  (Database#info():2852) -     parse('jp/co/jwebgate/jlibrary/dbflute/allcommon/DBFluteBeansJavaConfig.java')
2023-09-09 10:58:39,012 [main] INFO  (Database#info():2852) - }
2023-09-09 10:58:39,020 [main] INFO  (DfOldClassHandler#info():1045) - public void deleteOldTableClass() {
2023-09-09 10:58:39,066 [main] INFO  (DfOldClassHandler#info():1045) - }
2023-09-09 10:58:39,067 [main] INFO  (Database#info():2852) - public void parseTableClass() {
2023-09-09 10:58:39,068 [main] INFO  (Database#info():2852) -     parse('BOOK');
2023-09-09 10:58:39,480 [main] INFO  (Database#info():2852) -     parse('GENERAL_USER');
2023-09-09 10:58:39,765 [main] INFO  (Database#info():2852) -     parse('GENRE');
2023-09-09 10:58:39,998 [main] INFO  (Database#info():2852) -     parse('ROLE');
2023-09-09 10:58:40,189 [main] INFO  (Database#info():2852) -     parse('STAFF_USER');
2023-09-09 10:58:40,428 [main] INFO  (Database#info():2852) -     parse('USER_ROLE_MAP');
2023-09-09 10:58:40,684 [main] INFO  (Database#info():2852) - }
2023-09-09 10:58:40,685 [main] INFO  (Database#info():2852) -  
2023-09-09 10:58:40,744 [main] INFO  (DfRefreshResourceProcess#show():295) - /===========================================================================
2023-09-09 10:58:40,744 [main] INFO  (DfRefreshResourceProcess#show():295) - ...Refreshing [jlibrary] by http://localhost:8386/
2023-09-09 10:58:40,747 [main] INFO  (DfRefreshResourceProcess#show():295) - ...Retrying refreshing by default secondary URL http://localhost:8387/
2023-09-09 10:58:40,748 [main] INFO  (DfRefreshResourceProcess#show():295) - Failed to refresh the resources (continued): url=http://localhost:8386/, cause=ConnectException(Connection refused)
2023-09-09 10:58:40,749 [main] INFO  (DfRefreshResourceProcess#show():295) - ==========/
2023-09-09 10:58:40,754 [main] INFO  (DfDBFluteTaskUtil#logFinalMessage():139) - 
_/_/_/_/_/_/_/_/_/_/_/_/_/_/_/_/_/_/_/_/_/_/
[Final Message]: 00m02s604ms

  DBFLUTE_CLIENT: {jlibrary}
    database  = mysql
    language  = java
    container = spring
    package   = jp.co.jwebgate.jlibrary.dbflute

  DBFLUTE_ENVIRONMENT_TYPE: {}
    driver = com.mysql.jdbc.Driver
    url    = jdbc:mysql://localhost:3306/jlibrary
    schema = {jlibrary.$$NoNameSchema$$ as main}
    user   = root
    props  = {}
    additionalSchema = 
    repsEnvType      = ut
    refreshProject   = $$AutoDetect$$
_/_/_/_/_/_/_/_/_/_/ {Generate}
2023-09-09 10:58:41,595 [main] INFO  (DfOutsideSqlTestTask#begin():77) - +------------------------------------------+
2023-09-09 10:58:41,597 [main] INFO  (DfOutsideSqlTestTask#begin():78) - |                                          |
2023-09-09 10:58:41,597 [main] INFO  (DfOutsideSqlTestTask#begin():79) - |              OutsideSqlTest              |
2023-09-09 10:58:41,597 [main] INFO  (DfOutsideSqlTestTask#begin():80) - |                                          |
2023-09-09 10:58:41,598 [main] INFO  (DfOutsideSqlTestTask#begin():81) - +------------------------------------------+
2023-09-09 10:58:41,627 [main] INFO  (DfDataSourceHandler#prepare():78) - ...Preparing data source:
2023-09-09 10:58:41,628 [main] INFO  (DfDataSourceHandler#prepare():79) -   driver = com.mysql.jdbc.Driver
2023-09-09 10:58:41,628 [main] INFO  (DfDataSourceHandler#prepare():80) -   url    = jdbc:mysql://localhost:3306/jlibrary
2023-09-09 10:58:41,628 [main] INFO  (DfDataSourceHandler#prepare():81) -   user   = root
2023-09-09 10:58:41,663 [main] INFO  (DfSqlFileFireMan#fire():68) - ...Firing: GeneralUserBhv_selectNewGeneralUserId.sql
2023-09-09 10:58:41,670 [main] INFO  (DfDataSourceHandler#createConnection():166) - ...Connecting to database by data source:
2023-09-09 10:58:41,958 [main] INFO  (DfDataSourceHandler#setupConnectionMetaInfo():233) -   product = MySQL 5.5.5-10.4.28-MariaDB
2023-09-09 10:58:41,958 [main] INFO  (DfDataSourceHandler#setupConnectionMetaInfo():234) -   driver  = MySQL Connector Java mysql-connector-java-5.1.49 ( Revision: ad86f36e100e104cd926c6b81c8cab9565750116 ) for JDBC 4.0
2023-09-09 10:58:41,984 [main] INFO  (DfOutsideSqlTestTask$1#traceSql():194) - SQL:
/*
[df:title]
追加できる最小の一般利用者IDを取得する

[df:description]
追加できる最小の一般利用者IDを取得する
*/
-- #df:entity#
-- !df:pmb!
-- !!AutoDetect!!

select 
IFNULL(CONCAT('G',LPAD(MAX(SUBSTR(GENERAL_USER_ID,2)) + 1, 5,'0')), 'G00001') AS NEW_GENERAL_USER_ID 
from GENERAL_USER
2023-09-09 10:58:42,006 [main] INFO  (DfOutsideSqlTestTask$1#traceResult():199) -  -> success=1 failure=0

2023-09-09 10:58:42,007 [main] INFO  (DfSqlFileFireMan#fire():68) - ...Firing: StaffUserBhv_selectNewStaffUserId.sql
2023-09-09 10:58:42,008 [main] INFO  (DfOutsideSqlTestTask$1#traceSql():194) - SQL:
/*
[df:title]
追加できる最小の職員IDを取得する

[df:description]
追加できる最小の職員IDを取得する
*/
-- #df:entity#
-- !df:pmb!
-- !!AutoDetect!!

select 
IFNULL(CONCAT('S',LPAD(MAX(SUBSTR(STAFF_USER_ID,2)) + 1, 5,'0')), 'S00001') AS NEW_STAFF_USER_ID 
from STAFF_USER
2023-09-09 10:58:42,010 [main] INFO  (DfOutsideSqlTestTask$1#traceResult():199) -  -> success=1 failure=0

2023-09-09 10:58:42,010 [main] INFO  (DfSqlFileFireMan#fire():93) - Fired SQL: success=2, failure=0 (in 2 files)
2023-09-09 10:58:42,011 [main] INFO  (DfDataSourceHandler#destroy():120) - ...closeReally()
2023-09-09 10:58:42,017 [main] INFO  (DfDBFluteTaskUtil#logFinalMessage():139) - 
_/_/_/_/_/_/_/_/_/_/_/_/_/_/_/_/_/_/_/_/_/_/
[Final Message]: 00m00s433ms

  DBFLUTE_CLIENT: {jlibrary}
    database  = mysql (MySQL 5.5.5-10.4.28-MariaDB)
    language  = java
    container = spring
    package   = jp.co.jwebgate.jlibrary.dbflute

  DBFLUTE_ENVIRONMENT_TYPE: {}
    driver = com.mysql.jdbc.Driver
    url    = jdbc:mysql://localhost:3306/jlibrary
    schema = {jlibrary.$$NoNameSchema$$ as main}
    user   = root
    props  = {}
    additionalSchema = 
    repsEnvType      = ut
    refreshProject   = $$AutoDetect$$

 {Checked SQL}
  o GeneralUserBhv_selectNewGeneralUserId.sql
  o StaffUserBhv_selectNewStaffUserId.sql

   o: OK (2)
_/_/_/_/_/_/_/_/_/_/ {OutsideSqlTest}
2023-09-09 10:58:42,738 [main] INFO  (DfSql2EntityTask#begin():106) - +------------------------------------------+
2023-09-09 10:58:42,740 [main] INFO  (DfSql2EntityTask#begin():107) - |                                          |
2023-09-09 10:58:42,740 [main] INFO  (DfSql2EntityTask#begin():108) - |                Sql2Entity                |
2023-09-09 10:58:42,740 [main] INFO  (DfSql2EntityTask#begin():109) - |                                          |
2023-09-09 10:58:42,740 [main] INFO  (DfSql2EntityTask#begin():110) - +------------------------------------------+
2023-09-09 10:58:42,765 [main] INFO  (DfDataSourceHandler#prepare():78) - ...Preparing data source:
2023-09-09 10:58:42,766 [main] INFO  (DfDataSourceHandler#prepare():79) -   driver = com.mysql.jdbc.Driver
2023-09-09 10:58:42,766 [main] INFO  (DfDataSourceHandler#prepare():80) -   url    = jdbc:mysql://localhost:3306/jlibrary
2023-09-09 10:58:42,766 [main] INFO  (DfDataSourceHandler#prepare():81) -   user   = root
2023-09-09 10:58:42,778 [main] INFO  (DfSql2EntityTask#setupControlTemplate():177) - 
2023-09-09 10:58:42,779 [main] INFO  (DfSql2EntityTask#setupControlTemplate():178) - ...Using Java control: om/ControlSql2EntityJava.vm
2023-09-09 10:58:42,784 [main] INFO  (DTDResolver#resolveEntity():195) - ...Resolving XML by database.dtd in same package
2023-09-09 10:58:42,850 [main] INFO  (DfSqlFileFireMan#fire():68) - ...Firing: GeneralUserBhv_selectNewGeneralUserId.sql
2023-09-09 10:58:42,858 [main] INFO  (DfDataSourceHandler#createConnection():166) - ...Connecting to database by data source:
2023-09-09 10:58:43,042 [main] INFO  (DfDataSourceHandler#setupConnectionMetaInfo():233) -   product = MySQL 5.5.5-10.4.28-MariaDB
2023-09-09 10:58:43,043 [main] INFO  (DfDataSourceHandler#setupConnectionMetaInfo():234) -   driver  = MySQL Connector Java mysql-connector-java-5.1.49 ( Revision: ad86f36e100e104cd926c6b81c8cab9565750116 ) for JDBC 4.0
2023-09-09 10:58:43,045 [main] INFO  (DfOutsideSqlAnalyzer#traceSql():330) - SQL:
/*
[df:title]
追加できる最小の一般利用者IDを取得する

[df:description]
追加できる最小の一般利用者IDを取得する
*/
-- #df:entity#
-- !df:pmb!
-- !!AutoDetect!!

select 
IFNULL(CONCAT('G',LPAD(MAX(SUBSTR(GENERAL_USER_ID,2)) + 1, 5,'0')), 'G00001') AS NEW_GENERAL_USER_ID 
from GENERAL_USER
2023-09-09 10:58:43,100 [main] INFO  (DfOutsideSqlAnalyzer#traceResult():336) -  -> success=1 failure=0
2023-09-09 10:58:43,101 [main] INFO  (DfSqlFileFireMan#fire():68) - ...Firing: StaffUserBhv_selectNewStaffUserId.sql
2023-09-09 10:58:43,102 [main] INFO  (DfOutsideSqlAnalyzer#traceSql():330) - SQL:
/*
[df:title]
追加できる最小の職員IDを取得する

[df:description]
追加できる最小の職員IDを取得する
*/
-- #df:entity#
-- !df:pmb!
-- !!AutoDetect!!

select 
IFNULL(CONCAT('S',LPAD(MAX(SUBSTR(STAFF_USER_ID,2)) + 1, 5,'0')), 'S00001') AS NEW_STAFF_USER_ID 
from STAFF_USER
2023-09-09 10:58:43,109 [main] INFO  (DfOutsideSqlAnalyzer#traceResult():336) -  -> success=1 failure=0
2023-09-09 10:58:43,109 [main] INFO  (DfSqlFileFireMan#fire():93) - Fired SQL: success=2, failure=0 (in 2 files)
2023-09-09 10:58:43,137 [main] INFO  (DfSql2EntityTask#initControlContext():311) - 
2023-09-09 10:58:43,138 [main] INFO  (DfSql2EntityTask#initControlContext():312) - ...Preparing generation of customize-entities and parameter-beans
2023-09-09 10:58:43,138 [main] INFO  (DfSql2EntityTask#initControlContext():313) - * * * * * * * * * *
2023-09-09 10:58:43,138 [main] INFO  (DfSql2EntityTask#initControlContext():314) - * CustomizeEntity *
2023-09-09 10:58:43,138 [main] INFO  (DfSql2EntityTask#initControlContext():315) - * * * * * * * * * *
2023-09-09 10:58:43,170 [main] INFO  (DfSql2EntityTask#showCustomizeEntity():927) - 
NewGeneralUserId
  NEW_GENERAL_USER_ID VARCHAR(6)

NewStaffUserId
  NEW_STAFF_USER_ID VARCHAR(6)
2023-09-09 10:58:43,171 [main] INFO  (DfSql2EntityTask#showParameterBean():932) - * * * * * * * * *
2023-09-09 10:58:43,171 [main] INFO  (DfSql2EntityTask#showParameterBean():933) - * ParameterBean *
2023-09-09 10:58:43,171 [main] INFO  (DfSql2EntityTask#showParameterBean():934) - * * * * * * * * *
2023-09-09 10:58:43,172 [main] INFO  (DfSql2EntityTask#showParameterBean():976) - 
NewGeneralUserIdPmb (typed to list, entity)

NewStaffUserIdPmb (typed to list, entity)
2023-09-09 10:58:43,175 [main] INFO  (DfAbstractTexenTask#fireVelocityProcess():253) - generator.parse("om/ControlSql2EntityJava.vm", ctx);
2023-09-09 10:58:43,183 [main] INFO  (DfFlutistLog4JLogSystem#init():45) - ...Suppressing velocity.log, which is unneeded for also debug
2023-09-09 10:58:43,327 [main] INFO  (DfClsDeploymentInitializer#initializeClassificationDeployment():67) - ...Initializing ClassificationDeployment: project=jlibrary
2023-09-09 10:58:43,328 [main] INFO  (DfClsDeploymentInitializer#initializeClassificationDeployment():67) - ...Initializing ClassificationDeployment: project=jlibrary
2023-09-09 10:58:43,333 [main] INFO  (Database#doEnableSql2EntityOutputDirectory():1225) - ...Setting up sql2EntityOutputDirectory: ../src/main/java
2023-09-09 10:58:43,336 [main] INFO  (DfOldClassHandler#info():1045) - public void deleteOldCustomizeClass() {
2023-09-09 10:58:43,348 [main] INFO  (DfOldClassHandler#info():1045) - }
2023-09-09 10:58:43,348 [main] INFO  (Database#info():2852) - public void parseCustomizeEntity() {
2023-09-09 10:58:43,475 [main] INFO  (Database#info():2852) -     parse('NewGeneralUserId')
2023-09-09 10:58:43,601 [main] INFO  (Database#info():2852) -     parse('NewStaffUserId')
2023-09-09 10:58:43,603 [main] INFO  (Database#info():2852) - }
2023-09-09 10:58:43,604 [main] INFO  (Database#info():2852) - public void parseParameterBean() {
2023-09-09 10:58:43,613 [main] INFO  (Database#info():2852) -     parse('NewGeneralUserIdPmb');
2023-09-09 10:58:43,660 [main] INFO  (Database#info():2852) -     parse('NewStaffUserIdPmb');
2023-09-09 10:58:43,679 [main] INFO  (Database#info():2852) - }
2023-09-09 10:58:43,777 [main] INFO  (DfSql2EntityTask#showTargetSqlFileInformation():303) - 
/- - - - - - - - - - - - - - - - - - - - - - - -
Target SQL files: 2

  GeneralUserBhv_selectNewGeneralUserId.sql
  StaffUserBhv_selectNewStaffUserId.sql
- - - - - - - - - -/
2023-09-09 10:58:43,783 [main] INFO  (DfRefreshResourceProcess#show():295) - /===========================================================================
2023-09-09 10:58:43,783 [main] INFO  (DfRefreshResourceProcess#show():295) - ...Refreshing [jlibrary] by http://localhost:8386/
2023-09-09 10:58:43,786 [main] INFO  (DfRefreshResourceProcess#show():295) - ...Retrying refreshing by default secondary URL http://localhost:8387/
2023-09-09 10:58:43,787 [main] INFO  (DfRefreshResourceProcess#show():295) - Failed to refresh the resources (continued): url=http://localhost:8386/, cause=ConnectException(Connection refused)
2023-09-09 10:58:43,787 [main] INFO  (DfRefreshResourceProcess#show():295) - ==========/
2023-09-09 10:58:43,787 [main] INFO  (DfDataSourceHandler#destroy():120) - ...closeReally()
2023-09-09 10:58:43,798 [main] INFO  (DfDBFluteTaskUtil#logFinalMessage():139) - 
_/_/_/_/_/_/_/_/_/_/_/_/_/_/_/_/_/_/_/_/_/_/
[Final Message]: 00m01s064ms

  DBFLUTE_CLIENT: {jlibrary}
    database  = mysql (MySQL 5.5.5-10.4.28-MariaDB)
    language  = java
    container = spring
    package   = jp.co.jwebgate.jlibrary.dbflute

  DBFLUTE_ENVIRONMENT_TYPE: {}
    driver = com.mysql.jdbc.Driver
    url    = jdbc:mysql://localhost:3306/jlibrary
    schema = {jlibrary.$$NoNameSchema$$ as main}
    user   = root
    props  = {}
    additionalSchema = 
    repsEnvType      = ut
    refreshProject   = $$AutoDetect$$
_/_/_/_/_/_/_/_/_/_/ {Sql2Entity}
2026-07-04 14:19:40,604 [main] INFO  (DfReplaceSchemaTask#begin():94) - +------------------------------------------+
2026-07-04 14:19:40,605 [main] INFO  (DfReplaceSchemaTask#begin():95) - |                                          |
2026-07-04 14:19:40,605 [main] INFO  (DfReplaceSchemaTask#begin():96) - |              ReplaceSchema               |
2026-07-04 14:19:40,612 [main] INFO  (DfReplaceSchemaTask#begin():104) - |                                          |
2026-07-04 14:19:40,612 [main] INFO  (DfReplaceSchemaTask#begin():105) - +------------------------------------------+
2026-07-04 14:19:40,612 [main] INFO  (DfReplaceSchemaTask#waitBeforeReps():423) - ...Waiting for your GO SIGN from stdin before ReplaceSchema:
2026-07-04 14:19:44,009 [main] INFO  (DfDataSourceHandler#prepare():78) - ...Preparing data source:
2026-07-04 14:19:44,009 [main] INFO  (DfDataSourceHandler#prepare():79) -   driver = com.mysql.jdbc.Driver
2026-07-04 14:19:44,010 [main] INFO  (DfDataSourceHandler#prepare():80) -   url    = jdbc:mysql://localhost:3306/jlibrary
2026-07-04 14:19:44,010 [main] INFO  (DfDataSourceHandler#prepare():81) -   user   = jlibrary_user
2026-07-04 14:19:44,014 [main] INFO  (DfDataSourceHandler#createConnection():166) - ...Connecting to database by data source:
2026-07-04 14:19:44,447 [main] INFO  (DfDataSourceHandler#setupConnectionMetaInfo():233) -   product = MySQL 9.7.1
2026-07-04 14:19:44,448 [main] INFO  (DfDataSourceHandler#setupConnectionMetaInfo():234) -   driver  = MySQL Connector Java mysql-connector-java-5.1.49 ( Revision: ad86f36e100e104cd926c6b81c8cab9565750116 ) for JDBC 4.0
2026-07-04 14:19:44,461 [main] INFO  (DfCreateSchemaProcess#initializeSchemaMainDrop():253) - 
2026-07-04 14:19:44,461 [main] INFO  (DfCreateSchemaProcess#initializeSchemaMainDrop():254) - * * * * * * * * * * *
2026-07-04 14:19:44,461 [main] INFO  (DfCreateSchemaProcess#initializeSchemaMainDrop():255) - *                   *
2026-07-04 14:19:44,462 [main] INFO  (DfCreateSchemaProcess#initializeSchemaMainDrop():256) - * Initialize Schema *
2026-07-04 14:19:44,462 [main] INFO  (DfCreateSchemaProcess#initializeSchemaMainDrop():257) - *                   *
2026-07-04 14:19:44,462 [main] INFO  (DfCreateSchemaProcess#initializeSchemaMainDrop():258) - * * * * * * * * * * *
2026-07-04 14:19:44,466 [main] INFO  (DfTableExtractor#doGetTableList():66) - ...Getting tables:
2026-07-04 14:19:44,467 [main] INFO  (DfTableExtractor#doGetTableList():67) -   schema = {jlibrary.$$NoNameSchema$$ as main}
2026-07-04 14:19:44,467 [main] INFO  (DfTableExtractor#doGetTableList():68) -   types  = [TABLE, VIEW]
2026-07-04 14:19:44,498 [main] INFO  (DfCreateSchemaProcess#createSchema():293) - 
2026-07-04 14:19:44,498 [main] INFO  (DfCreateSchemaProcess#createSchema():294) - * * * * * * * * *
2026-07-04 14:19:44,498 [main] INFO  (DfCreateSchemaProcess#createSchema():295) - *               *
2026-07-04 14:19:44,499 [main] INFO  (DfCreateSchemaProcess#createSchema():296) - * Create Schema *
2026-07-04 14:19:44,499 [main] INFO  (DfCreateSchemaProcess#createSchema():297) - *               *
2026-07-04 14:19:44,499 [main] INFO  (DfCreateSchemaProcess#createSchema():298) - * * * * * * * * *
2026-07-04 14:19:44,500 [main] INFO  (DfSqlFileFireMan#fire():68) - ...Firing: replace-schema.sql
2026-07-04 14:19:44,503 [main] INFO  (DfSqlFileRunnerBase#traceSql():168) - 
CREATE TABLE `ROLE` (
  `ID` INT (50) NOT NULL COMMENT 'ID' AUTO_INCREMENT,
  `CD` VARCHAR (255) NOT NULL COMMENT 'コード',
  `NAME` VARCHAR (255) NOT NULL COMMENT '名称',
  `REMARKS` VARCHAR (255) DEFAULT NULL COMMENT '備考',
  `DELETE_FLG` CHAR (1) NOT NULL DEFAULT '0' COMMENT '削除フラグ',
  `VERSION` INT (50) DEFAULT '0' COMMENT 'バージョン',
  `CREATED` DATETIME DEFAULT CURRENT_TIMESTAMP ON UPDATE CURRENT_TIMESTAMP COMMENT '登録日時',
  `MODIFIED` DATETIME DEFAULT CURRENT_TIMESTAMP ON UPDATE CURRENT_TIMESTAMP COMMENT '更新日時',
  `MODIFIED_BY` VARCHAR (255) COMMENT '更新者',
  PRIMARY KEY(ID)
)
COMMENT='権限'
2026-07-04 14:19:44,519 [main] INFO  (DfSqlFileRunnerBase#traceSql():168) - 
CREATE TABLE `STAFF_USER` (
  `ID` INT (50) NOT NULL COMMENT 'ID' AUTO_INCREMENT,
  `STAFF_USER_ID` VARCHAR (10) NOT NULL COMMENT '職員ID',
  `PASSWORD` VARCHAR (255) NOT NULL COMMENT 'パスワード',
  `NAME_KANA` VARCHAR (50) NOT NULL COMMENT '氏名カナ',
  `NAME` VARCHAR (25) NOT NULL COMMENT '氏名',
  `EMAIL` VARCHAR (255) NOT NULL COMMENT 'メールアドレス',
  `REMARKS` VARCHAR (255) DEFAULT NULL COMMENT '備考',
  `DELETE_FLG` CHAR (1) NOT NULL DEFAULT '0' COMMENT '削除フラグ',
  `VERSION` INT (50) DEFAULT '0' COMMENT 'バージョン',
  `CREATED` DATETIME DEFAULT CURRENT_TIMESTAMP ON UPDATE CURRENT_TIMESTAMP COMMENT '登録日時',
  `MODIFIED` DATETIME DEFAULT CURRENT_TIMESTAMP ON UPDATE CURRENT_TIMESTAMP COMMENT '更新日時',
  `MODIFIED_BY` VARCHAR (255) COMMENT '更新者',
  PRIMARY KEY(ID,STAFF_USER_ID),
  UNIQUE KEY(STAFF_USER_ID)
)
COMMENT='職員'
2026-07-04 14:19:44,533 [main] INFO  (DfSqlFileRunnerBase#traceSql():168) - 
CREATE TABLE `GENERAL_USER` (
  `ID` INT (50) NOT NULL COMMENT 'ID' AUTO_INCREMENT,
  `GENERAL_USER_ID` VARCHAR (10) NOT NULL COMMENT '利用者ID',
  `PASSWORD` VARCHAR (255) NOT NULL COMMENT 'パスワード',
  `NAME_KANA` VARCHAR (50) NOT NULL COMMENT 'フリガナ',
  `NAME` VARCHAR (25) NOT NULL COMMENT '氏名',
  `BIRTHDAY` DATE NOT NULL COMMENT '生年月日',
  `PHONE_NUMBER` VARCHAR (11) NOT NULL COMMENT '電話番号',
  `ADDRESS` VARCHAR (255) NOT NULL COMMENT '住所',
  `REMARKS` VARCHAR (255) DEFAULT NULL COMMENT '備考',
  `DELETE_FLG` CHAR (1) NOT NULL DEFAULT '0' COMMENT '削除フラグ',
  `VERSION` INT (50) DEFAULT '0' COMMENT 'バージョン',
  `CREATED` DATETIME DEFAULT CURRENT_TIMESTAMP ON UPDATE CURRENT_TIMESTAMP COMMENT '登録日時',
  `MODIFIED` DATETIME DEFAULT CURRENT_TIMESTAMP ON UPDATE CURRENT_TIMESTAMP COMMENT '更新日時',
  `MODIFIED_BY` VARCHAR (255) COMMENT '更新者',
  PRIMARY KEY(ID,GENERAL_USER_ID),
  UNIQUE KEY(GENERAL_USER_ID)
)
COMMENT='一般利用者'
2026-07-04 14:19:44,547 [main] INFO  (DfSqlFileRunnerBase#traceSql():168) - 
CREATE TABLE `GENRE` (
  `ID` INT (50) NOT NULL COMMENT 'ID' AUTO_INCREMENT,
  `GENRE_NAME` VARCHAR (25) COMMENT 'ジャンル名',
  `GENRE_CODE` VARCHAR (3) NOT NULL COMMENT 'ジャンルコード',
  `REMARKS` VARCHAR (255) DEFAULT NULL COMMENT '備考',
  `DELETE_FLG` CHAR (1) NOT NULL DEFAULT '0' COMMENT '削除フラグ',
  `VERSION` INT (50) DEFAULT '0' COMMENT 'バージョン',
  `CREATED` DATETIME DEFAULT CURRENT_TIMESTAMP ON UPDATE CURRENT_TIMESTAMP COMMENT '登録日時',
  `MODIFIED` DATETIME DEFAULT CURRENT_TIMESTAMP ON UPDATE CURRENT_TIMESTAMP COMMENT '更新日時',
  `MODIFIED_BY` VARCHAR (255) COMMENT '更新者',
  PRIMARY KEY(ID,GENRE_CODE)
)
COMMENT='ジャンル'
2026-07-04 14:19:44,556 [main] INFO  (DfSqlFileRunnerBase#traceSql():168) - 
CREATE TABLE `USER_ROLE_MAP` (
  `ID` INT (50) NOT NULL COMMENT 'ID' AUTO_INCREMENT,
  `STAFF_USER_ID` VARCHAR (10) COMMENT '職員ID',
  `GENERAL_USER_ID` VARCHAR (10) COMMENT '利用者ID',
  `ROLE_ID` INT (50) NOT NULL COMMENT '権限ID',
  `REMARKS` VARCHAR (255) DEFAULT NULL COMMENT '備考',
  `DELETE_FLG` CHAR (1) NOT NULL DEFAULT '0' COMMENT '削除フラグ',
  `VERSION` INT (50) DEFAULT '0' COMMENT 'バージョン',
  `CREATED` DATETIME DEFAULT CURRENT_TIMESTAMP ON UPDATE CURRENT_TIMESTAMP COMMENT '登録日時',
  `MODIFIED` DATETIME DEFAULT CURRENT_TIMESTAMP ON UPDATE CURRENT_TIMESTAMP COMMENT '更新日時',
  `MODIFIED_BY` VARCHAR (255) COMMENT '更新者',
  PRIMARY KEY(ID),
  UNIQUE KEY(STAFF_USER_ID,GENERAL_USER_ID,ROLE_ID),
  FOREIGN KEY (STAFF_USER_ID) REFERENCES STAFF_USER(STAFF_USER_ID),
  FOREIGN KEY (GENERAL_USER_ID) REFERENCES GENERAL_USER(GENERAL_USER_ID),
  FOREIGN KEY (ROLE_ID) REFERENCES ROLE(ID)
)
COMMENT='ユーザー権限マップ'
2026-07-04 14:19:44,569 [main] INFO  (DfSqlFileRunnerBase#traceSql():168) - 
CREATE TABLE `BOOK` (
  `ID` INT (50) NOT NULL COMMENT 'ID' AUTO_INCREMENT,
  `TITLE` VARCHAR (255) NOT NULL COMMENT 'タイトル',
  `AUTHOR` VARCHAR (50) NOT NULL COMMENT '著者',
  `ISBN_10` VARCHAR (10) COMMENT 'ISBN-10',
  `ISBN_13` VARCHAR (13) COMMENT 'ISBN-13',
  `PUBLISHER` VARCHAR (25) NOT NULL COMMENT '出版社',
  `GENRE_ID` INT (50) COMMENT 'ジャンルID',
  `SHELF_NUMBER` VARCHAR (3) COMMENT '棚番号',
  `CONTROL_NUMBER` VARCHAR (10) NOT NULL COMMENT '管理番号',
  `REMARKS` VARCHAR (255) DEFAULT NULL COMMENT '備考',
  `DELETE_FLG` CHAR (1) NOT NULL DEFAULT '0' COMMENT '削除フラグ',
  `VERSION` INT (50) DEFAULT '0' COMMENT 'バージョン',
  `CREATED` DATETIME DEFAULT CURRENT_TIMESTAMP ON UPDATE CURRENT_TIMESTAMP COMMENT '登録日時',
  `MODIFIED` DATETIME DEFAULT CURRENT_TIMESTAMP ON UPDATE CURRENT_TIMESTAMP COMMENT '更新日時',
  `MODIFIED_BY` VARCHAR (255) COMMENT '更新者',
  PRIMARY KEY(ID,CONTROL_NUMBER),
  FOREIGN KEY (GENRE_ID) REFERENCES GENRE(ID)
)
COMMENT='図書'
2026-07-04 14:19:44,572 [main] INFO  (DfSqlFileFireMan#fire():93) - Create Schema: success=5, failure=1 *break (in 1 files)
2026-07-04 14:19:44,573 [main] ERROR (DfDBFluteTaskUtil#logException():150) - Look! Read the message below.
/* * * * * * * * * * * * * * * * * * * * * * * * * * * * * * * * * *
Failed to execute DBFlute Task 'ReplaceSchema'.

[Advice]
Check the exception messages and the stack traces.

[Database Product]
MySQL 9.7.1

[JDBC Driver]
MySQL Connector Java mysql-connector-java-5.1.49 ( Revision: ad86f36e100e104cd926c6b81c8cab9565750116 ) for JDBC 4.0
* * * * * * * * * */
org.dbflute.exception.SQLFailureException: Look! Read the message below.
/* * * * * * * * * * * * * * * * * * * * * * * * * * * * * * * * * *
Failed to execute the SQL!

[SQL File]
playsql/replace-schema.sql

[Executed SQL]
CREATE TABLE `BOOK` (
  `ID` INT (50) NOT NULL COMMENT 'ID' AUTO_INCREMENT,
  `TITLE` VARCHAR (255) NOT NULL COMMENT 'タイトル',
  `AUTHOR` VARCHAR (50) NOT NULL COMMENT '著者',
  `ISBN_10` VARCHAR (10) COMMENT 'ISBN-10',
  `ISBN_13` VARCHAR (13) COMMENT 'ISBN-13',
  `PUBLISHER` VARCHAR (25) NOT NULL COMMENT '出版社',
  `GENRE_ID` INT (50) COMMENT 'ジャンルID',
  `SHELF_NUMBER` VARCHAR (3) COMMENT '棚番号',
  `CONTROL_NUMBER` VARCHAR (10) NOT NULL COMMENT '管理番号',
  `REMARKS` VARCHAR (255) DEFAULT NULL COMMENT '備考',
  `DELETE_FLG` CHAR (1) NOT NULL DEFAULT '0' COMMENT '削除フラグ',
  `VERSION` INT (50) DEFAULT '0' COMMENT 'バージョン',
  `CREATED` DATETIME DEFAULT CURRENT_TIMESTAMP ON UPDATE CURRENT_TIMESTAMP COMMENT '登録日時',
  `MODIFIED` DATETIME DEFAULT CURRENT_TIMESTAMP ON UPDATE CURRENT_TIMESTAMP COMMENT '更新日時',
  `MODIFIED_BY` VARCHAR (255) COMMENT '更新者',
  PRIMARY KEY(ID,CONTROL_NUMBER),
  FOREIGN KEY (GENRE_ID) REFERENCES GENRE(ID)
)
COMMENT='図書'

[SQLState]
HY000

[ErrorCode]
6125

[SQLException]
java.sql.SQLException
Failed to add the foreign key constraint. Missing unique key for constraint 'book_ibfk_1' in the referenced table 'GENRE'
* * * * * * * * * */
	at org.dbflute.helper.jdbc.sqlfile.DfSqlFileRunnerBase.throwSQLFailureException(DfSqlFileRunnerBase.java:587)
	at org.dbflute.helper.jdbc.sqlfile.DfSqlFileRunnerExecute.execSQL(DfSqlFileRunnerExecute.java:80)
	at org.dbflute.helper.jdbc.sqlfile.DfSqlFileRunnerBase.runTransaction(DfSqlFileRunnerBase.java:122)
	at org.dbflute.helper.jdbc.sqlfile.DfSqlFileFireMan.processSqlFile(DfSqlFileFireMan.java:174)
	at org.dbflute.helper.jdbc.sqlfile.DfSqlFileFireMan.fire(DfSqlFileFireMan.java:71)
	at org.dbflute.logic.replaceschema.process.DfCreateSchemaProcess.createSchema(DfCreateSchemaProcess.java:302)
	at org.dbflute.logic.replaceschema.process.DfCreateSchemaProcess.execute(DfCreateSchemaProcess.java:154)
	at org.dbflute.task.DfReplaceSchemaTask.createSchema(DfReplaceSchemaTask.java:309)
	at org.dbflute.task.DfReplaceSchemaTask.executeCoreProcess(DfReplaceSchemaTask.java:254)
	at org.dbflute.task.DfReplaceSchemaTask.processReplaceSchema(DfReplaceSchemaTask.java:240)
	at org.dbflute.task.DfReplaceSchemaTask.doExecute(DfReplaceSchemaTask.java:160)
	at org.dbflute.task.bs.DfAbstractTexenTask$1.callActualExecute(DfAbstractTexenTask.java:129)
	at org.dbflute.task.bs.assistant.DfTaskBasicController.doExecute(DfTaskBasicController.java:192)
	at org.dbflute.task.bs.assistant.DfTaskBasicController.execute(DfTaskBasicController.java:78)
	at org.dbflute.task.bs.DfAbstractTexenTask.execute(DfAbstractTexenTask.java:151)
	at org.apache.tools.ant.UnknownElement.execute(UnknownElement.java:288)
	at java.base/jdk.internal.reflect.DirectMethodHandleAccessor.invoke(DirectMethodHandleAccessor.java:104)
	at java.base/java.lang.reflect.Method.invoke(Method.java:565)
	at org.apache.tools.ant.dispatch.DispatchUtils.execute(DispatchUtils.java:105)
	at org.apache.tools.ant.Task.perform(Task.java:348)
	at org.apache.tools.ant.Target.execute(Target.java:357)
	at org.apache.tools.ant.Target.performTasks(Target.java:385)
	at org.apache.tools.ant.Project.executeSortedTargets(Project.java:1329)
	at org.apache.tools.ant.Project.executeTarget(Project.java:1298)
	at org.apache.tools.ant.helper.DefaultExecutor.executeTargets(DefaultExecutor.java:41)
	at org.apache.tools.ant.Project.executeTargets(Project.java:1181)
	at org.apache.tools.ant.Main.runBuild(Main.java:698)
	at org.apache.tools.ant.Main.startAnt(Main.java:199)
	at org.apache.tools.ant.launch.Launcher.run(Launcher.java:257)
	at org.apache.tools.ant.launch.Launcher.main(Launcher.java:104)
Caused by: java.sql.SQLException: Failed to add the foreign key constraint. Missing unique key for constraint 'book_ibfk_1' in the referenced table 'GENRE'
	at com.mysql.jdbc.SQLError.createSQLException(SQLError.java:965)
	at com.mysql.jdbc.MysqlIO.checkErrorPacket(MysqlIO.java:3933)
	at com.mysql.jdbc.MysqlIO.checkErrorPacket(MysqlIO.java:3869)
	at com.mysql.jdbc.MysqlIO.sendCommand(MysqlIO.java:2524)
	at com.mysql.jdbc.MysqlIO.sqlQueryDirect(MysqlIO.java:2675)
	at com.mysql.jdbc.ConnectionImpl.execSQL(ConnectionImpl.java:2465)
	at com.mysql.jdbc.ConnectionImpl.execSQL(ConnectionImpl.java:2439)
	at com.mysql.jdbc.StatementImpl.executeInternal(StatementImpl.java:829)
	at com.mysql.jdbc.StatementImpl.execute(StatementImpl.java:729)
	at org.dbflute.helper.jdbc.sqlfile.DfSqlFileRunnerExecute.processNonDispatch(DfSqlFileRunnerExecute.java:98)
	at org.dbflute.logic.replaceschema.process.DfCreateSchemaProcess$DfSqlFileRunnerExecuteCreateSchema.processNonDispatch(DfCreateSchemaProcess.java:490)
	at org.dbflute.helper.jdbc.sqlfile.DfSqlFileRunnerExecute.execSQL(DfSqlFileRunnerExecute.java:66)
	... 28 more
2026-07-04 14:19:44,577 [main] INFO  (DfDataSourceHandler#destroy():120) - ...closeReally()
2026-07-04 14:19:44,586 [main] INFO  (DfDBFluteTaskUtil#logFinalMessage():139) - 
_/_/_/_/_/_/_/_/_/_/_/_/_/_/_/_/_/_/_/_/_/_/
[Final Message]: 00m03s985ms *Abort

  DBFLUTE_CLIENT: {jlibrary}
    database  = mysql (MySQL 9.7.1)
    language  = java
    container = spring
    package   = jp.co.jwebgate.jlibrary.dbflute

  DBFLUTE_ENVIRONMENT_TYPE: {}
    driver = com.mysql.jdbc.Driver
    url    = jdbc:mysql://localhost:3306/jlibrary
    schema = {jlibrary.$$NoNameSchema$$ as main}
    user   = jlibrary_user
    props  = {}
    additionalSchema = 
    repsEnvType      = ut
    refreshProject   = $$AutoDetect$$

 Create Schema: success=5, failure=1 *break (in 1 files) - 00m00s116ms
  (Initialize Schema) - 00m00s037ms
  (Create Schema) - 00m00s073ms
  x replace-schema.sql
   >> (failed: Look at the exception message)
    * * * * * *
    * Failure *
    * * * * * *
_/_/_/_/_/_/_/_/_/_/ {ReplaceSchema}
